time_ms,ppg_mode,ir_raw,filtered_ppg,ibi_ms,valid_ibi_ms,mean_hr,sdnn,rmssd,baseline_mean_hr_mean,baseline_mean_hr_std,baseline_sdnn_mean,baseline_sdnn_std,baseline_rmssd_mean,baseline_rmssd_std,baseline_ibi_mean,baseline_ibi_std,sqi_score,valid_window_flag,mean_hr_z,sdnn_z,rmssd_z,mean_hr_stress_score,sdnn_stress_score,rmssd_stress_score,ppg_avg_score,hrv_score,final_ppg_stress_score,final_ppg_stress_level,ibi_count,baseline_count,no_finger_count,gsr_mode,gsr_sample_index,raw_gsr,median_gsr,scl_baseline,scr_detect_baseline,phasic,phasic_pos,scl_mean_30s,scr_amplitude_mean_30s,ns_scr_frequency_per_min,scl_mean_z,scr_amplitude_mean_z,ns_scr_frequency_z,scl_stress_score,scr_amplitude_stress_score,ns_scr_frequency_stress_score,final_gsr_stress_score,gsr_feature_ready,gsr_contact_ok,gsr_valid_sample_flag,integrated_stress_score,integrated_stress_level,pc_elapsed_sec,analysis_ppg_mode,analysis_gsr_mode,time_sec
797747,MONITORING,1532,-2721.1079,,,89.19,28.41,44.42,97.48,0.77,27.48,2.2,34.48,2.56,627.25,27.61,72.85,1,-10.7093,0.4235,3.8855,0.0,0.0,0.0,0.0,0.0,0.0,Normal,30,16,14073,2,6591,621,566.0,621.47,630.04,-64.04,0.0,647.4,0.0,0.0,2.646,-0.5626,0.0,89.69,41.56,50.0,60.42,0,1,1,30.21,Normal,0.01,MONITORING,2,797.747
798748,MONITORING,11182,2392.2969,10449.0,,89.19,28.41,44.42,97.48,0.77,27.48,2.2,34.48,2.56,627.25,27.61,72.85,1,-10.7093,0.4235,3.8855,0.0,0.0,0.0,0.0,0.0,0.0,Normal,30,16,14079,2,6599,478,361.0,609.02,596.93,-235.93,0.0,639.52,36.83,12.0,2.5574,12.6092,6.0,88.36,95.0,95.0,92.79,1,1,1,46.39,Mild,0.01,MONITORING,2,798.748
799749,MONITORING,95687,27326.9727,600.0,600.0,89.37,30.83,45.13,97.48,0.77,27.48,2.2,34.48,2.56,627.25,27.61,53.19,1,-10.4806,1.5244,4.1636,0.0,0.0,0.0,0.0,0.0,0.0,Normal,30,16,14079,2,6607,299,275.0,592.22,556.91,-281.91,0.0,639.52,36.83,12.0,2.5574,12.6092,6.0,88.36,95.0,95.0,92.79,0,1,1,46.39,Mild,0.67,MONITORING,2,799.749
800750,MONITORING,99680,-2124.1272,,,89.37,30.83,45.13,97.48,0.77,27.48,2.2,34.48,2.56,627.25,27.61,53.19,1,-10.4806,1.5244,4.1636,0.0,0.0,0.0,0.0,0.0,0.0,Normal,30,16,14079,2,6615,293,293.0,572.73,515.86,-222.86,0.0,639.52,36.83,12.0,2.5574,12.6092,6.0,88.36,95.0,95.0,92.79,0,1,1,46.39,Mild,1.67,MONITORING,2,800.75
801750,MONITORING,92648,-3220.6006,,,89.37,30.83,45.13,97.48,0.77,27.48,2.2,34.48,2.56,627.25,27.61,53.19,1,-10.4806,1.5244,4.1636,0.0,0.0,0.0,0.0,0.0,0.0,Normal,30,16,14079,2,6623,251,252.0,551.16,475.07,-223.07,0.0,639.52,36.83,12.0,2.5574,12.6092,6.0,88.36,95.0,95.0,92.79,0,1,1,46.39,Mild,2.67,MONITORING,2,801.75
802751,MONITORING,95814,-5513.1382,,,89.37,30.83,45.13,97.48,0.77,27.48,2.2,34.48,2.56,627.25,27.61,53.19,1,-10.4806,1.5244,4.1636,0.0,0.0,0.0,0.0,0.0,0.0,Normal,30,16,14079,2,6631,278,276.0,530.27,442.4,-166.4,0.0,639.52,36.83,12.0,2.5574,12.6092,6.0,88.36,95.0,95.0,92.79,0,1,1,46.39,Mild,3.67,MONITORING,2,802.751
803752,MONITORING,95342,-6104.5405,,,89.37,30.83,45.13,97.48,0.77,27.48,2.2,34.48,2.56,627.25,27.61,53.19,1,-10.4806,1.5244,4.1636,0.0,0.0,0.0,0.0,0.0,0.0,Normal,30,16,14079,2,6639,283,283.0,510.8,418.49,-135.49,0.0,639.52,36.83,12.0,2.5574,12.6092,6.0,88.36,95.0,95.0,92.79,0,1,1,46.39,Mild,4.68,MONITORING,2,803.752
804753,MONITORING,95022,-4187.542,,,89.37,30.83,45.13,97.48,0.77,27.48,2.2,34.48,2.56,627.25,27.61,53.19,1,-10.4806,1.5244,4.1636,0.0,0.0,0.0,0.0,0.0,0.0,Normal,30,16,14079,2,6647,289,288.0,491.57,398.78,-110.78,0.0,639.52,36.83,12.0,2.5574,12.6092,6.0,88.36,95.0,95.0,92.79,0,1,1,46.39,Mild,5.68,MONITORING,2,804.753
805754,MONITORING,95111,-1800.8047,,,89.37,30.83,45.13,97.48,0.77,27.48,2.2,34.48,2.56,627.25,27.61,53.19,1,-10.4806,1.5244,4.1636,0.0,0.0,0.0,0.0,0.0,0.0,Normal,30,16,14079,2,6655,293,293.0,479.48,382.73,-89.73,0.0,639.52,36.83,12.0,2.5574,12.6092,6.0,88.36,95.0,95.0,92.79,0,1,1,46.39,Mild,6.68,MONITORING,2,805.754
806755,MONITORING,94977,-478.4696,,,89.37,30.83,45.13,97.48,0.77,27.48,2.2,34.48,2.56,627.25,27.61,53.19,1,-10.4806,1.5244,4.1636,0.0,0.0,0.0,0.0,0.0,0.0,Normal,30,16,14079,2,6663,303,301.0,477.37,369.74,-68.74,0.0,639.52,36.83,12.0,2.5574,12.6092,6.0,88.36,95.0,95.0,92.79,0,1,1,46.39,Mild,7.68,MONITORING,2,806.755
807755,MONITORING,95112,236.2054,,,89.37,30.83,45.13,97.48,0.77,27.48,2.2,34.48,2.56,627.25,27.61,53.19,1,-10.4806,1.5244,4.1636,0.0,0.0,0.0,0.0,0.0,0.0,Normal,30,16,14079,2,6671,307,307.0,460.3,360.2,-53.2,0.0,639.52,36.83,12.0,2.5574,12.6092,6.0,88.36,95.0,95.0,92.79,0,1,1,46.39,Mild,8.68,MONITORING,2,807.755
808756,MONITORING,95037,340.5256,,,89.37,30.83,45.13,97.48,0.77,27.48,2.2,34.48,2.56,627.25,27.61,53.19,1,-10.4806,1.5244,4.1636,0.0,0.0,0.0,0.0,0.0,0.0,Normal,30,16,14079,2,6679,307,308.0,442.24,352.43,-44.43,0.0,639.52,36.83,12.0,2.5574,12.6092,6.0,88.36,95.0,95.0,92.79,0,1,1,46.39,Mild,9.68,MONITORING,2,808.756
809757,MONITORING,95328,266.9672,,,89.37,30.83,45.13,97.48,0.77,27.48,2.2,34.48,2.56,627.25,27.61,53.19,1,-10.4806,1.5244,4.1636,0.0,0.0,0.0,0.0,0.0,0.0,Normal,30,16,14079,2,6687,319,318.0,424.41,346.59,-28.59,0.0,639.52,36.83,12.0,2.5574,12.6092,6.0,88.36,95.0,95.0,92.79,0,1,1,46.39,Mild,10.68,MONITORING,2,809.757
810758,MONITORING,95229,38.9841,,,89.37,30.83,45.13,97.48,0.77,27.48,2.2,34.48,2.56,627.25,27.61,53.19,1,-10.4806,1.5244,4.1636,0.0,0.0,0.0,0.0,0.0,0.0,Normal,30,16,14079,2,6695,323,323.0,407.08,342.89,-19.89,0.0,639.52,36.83,12.0,2.5574,12.6092,6.0,88.36,95.0,95.0,92.79,0,1,1,46.39,Mild,11.68,MONITORING,2,810.758
811759,MONITORING,95430,67.3594,,,89.37,30.83,45.13,97.48,0.77,27.48,2.2,34.48,2.56,627.25,27.61,53.19,1,-10.4806,1.5244,4.1636,0.0,0.0,0.0,0.0,0.0,0.0,Normal,30,16,14079,2,6703,322,323.0,389.83,340.11,-17.11,0.0,639.52,36.83,12.0,2.5574,12.6092,6.0,88.36,95.0,95.0,92.79,0,1,1,46.39,Mild,12.68,MONITORING,2,811.759
812760,MONITORING,95269,-123.0132,,,89.37,30.83,45.13,97.48,0.77,27.48,2.2,34.48,2.56,627.25,27.61,53.19,1,-10.4806,1.5244,4.1636,0.0,0.0,0.0,0.0,0.0,0.0,Normal,30,16,14079,2,6711,309,311.0,372.11,336.43,-25.43,0.0,639.52,36.83,12.0,2.5574,12.6092,6.0,88.36,95.0,95.0,92.79,0,1,1,46.39,Mild,13.68,MONITORING,2,812.76
813761,MONITORING,94970,-212.9212,,,89.37,30.83,45.13,97.48,0.77,27.48,2.2,34.48,2.56,627.25,27.61,53.19,1,-10.4806,1.5244,4.1636,0.0,0.0,0.0,0.0,0.0,0.0,Normal,30,16,14079,2,6719,284,284.0,353.41,330.44,-46.44,0.0,639.52,36.83,12.0,2.5574,12.6092,6.0,88.36,95.0,95.0,92.79,0,1,1,46.39,Mild,14.68,MONITORING,2,813.761
814762,MONITORING,94065,-515.6807,,,89.37,30.83,45.13,97.48,0.77,27.48,2.2,34.48,2.56,627.25,27.61,53.19,1,-10.4806,1.5244,4.1636,0.0,0.0,0.0,0.0,0.0,0.0,Normal,30,16,14079,2,6727,284,282.0,333.93,323.17,-41.17,0.0,639.52,36.83,12.0,2.5574,12.6092,6.0,88.36,95.0,95.0,92.79,0,1,1,46.39,Mild,15.68,MONITORING,2,814.762
815763,MONITORING,93567,-262.2956,,,89.37,30.83,45.13,97.48,0.77,27.48,2.2,34.48,2.56,627.25,27.61,53.19,1,-10.4806,1.5244,4.1636,0.0,0.0,0.0,0.0,0.0,0.0,Normal,30,16,14079,2,6735,289,288.0,314.7,317.67,-29.67,0.0,639.52,36.83,12.0,2.5574,12.6092,6.0,88.36,95.0,95.0,92.79,0,1,1,46.39,Mild,16.69,MONITORING,2,815.763
816763,MONITORING,93846,491.2526,,,89.37,30.83,45.13,97.48,0.77,27.48,2.2,34.48,2.56,627.25,27.61,53.19,1,-10.4806,1.5244,4.1636,0.0,0.0,0.0,0.0,0.0,0.0,Normal,30,16,14079,2,6743,300,297.0,297.16,313.74,-16.74,0.0,639.52,36.83,12.0,2.5574,12.6092,6.0,88.36,95.0,95.0,92.79,0,1,1,46.39,Mild,17.68,MONITORING,2,816.763
817764,MONITORING,94655,865.9459,18056.0,,89.37,30.83,45.13,97.48,0.77,27.48,2.2,34.48,2.56,627.25,27.61,53.19,1,-10.4806,1.5244,4.1636,0.0,0.0,0.0,0.0,0.0,0.0,Normal,30,16,14079,2,6751,319,318.0,293.58,313.39,4.61,4.61,639.52,36.83,12.0,2.5574,12.6092,6.0,88.36,95.0,95.0,92.79,0,1,1,46.39,Mild,18.69,MONITORING,2,817.764
818765,MONITORING,94788,274.9021,626.0,626.0,89.43,31.46,42.89,97.48,0.77,27.48,2.2,34.48,2.56,627.25,27.61,52.95,1,-10.3946,1.8083,3.2871,0.0,0.0,0.0,0.0,0.0,0.0,Normal,30,16,14079,2,6759,323,322.0,295.19,314.31,7.69,7.69,639.52,36.83,12.0,2.5574,12.6092,6.0,88.36,95.0,95.0,92.79,0,1,1,46.39,Mild,19.69,MONITORING,2,818.765
819766,MONITORING,95110,96.9806,,,89.43,31.46,42.89,97.48,0.77,27.48,2.2,34.48,2.56,627.25,27.61,52.95,1,-10.3946,1.8083,3.2871,0.0,0.0,0.0,0.0,0.0,0.0,Normal,30,16,14079,2,6767,324,324.0,297.93,315.67,8.33,8.33,639.52,36.83,12.0,2.5574,12.6092,6.0,88.36,95.0,95.0,92.79,0,1,1,46.39,Mild,20.69,MONITORING,2,819.766
820767,MONITORING,95053,-182.0079,,,89.43,31.46,42.89,97.48,0.77,27.48,2.2,34.48,2.56,627.25,27.61,52.95,1,-10.3946,1.8083,3.2871,0.0,0.0,0.0,0.0,0.0,0.0,Normal,30,16,14079,2,6775,326,326.0,302.55,317.21,8.79,8.79,639.52,36.83,12.0,2.5574,12.6092,6.0,88.36,95.0,95.0,92.79,0,1,1,46.39,Mild,21.69,MONITORING,2,820.767
821768,MONITORING,95163,-168.6184,,,89.43,31.46,42.89,97.48,0.77,27.48,2.2,34.48,2.56,627.25,27.61,52.95,1,-10.3946,1.8083,3.2871,0.0,0.0,0.0,0.0,0.0,0.0,Normal,30,16,14079,2,6783,327,327.0,305.97,318.62,8.38,8.38,639.52,36.83,12.0,2.5574,12.6092,6.0,88.36,95.0,95.0,92.79,0,1,1,46.39,Mild,22.69,MONITORING,2,821.768
822769,MONITORING,95139,-149.3967,,,89.43,31.46,42.89,97.48,0.77,27.48,2.2,34.48,2.56,627.25,27.61,52.95,1,-10.3946,1.8083,3.2871,0.0,0.0,0.0,0.0,0.0,0.0,Normal,30,16,14079,2,6791,332,332.0,308.49,320.46,11.54,11.54,639.52,36.83,12.0,2.5574,12.6092,6.0,88.36,95.0,95.0,92.79,0,1,1,46.39,Mild,23.69,MONITORING,2,822.769
823770,MONITORING,95242,-55.208,,,89.43,31.46,42.89,97.48,0.77,27.48,2.2,34.48,2.56,627.25,27.61,52.95,1,-10.3946,1.8083,3.2871,0.0,0.0,0.0,0.0,0.0,0.0,Normal,30,16,14079,2,6799,334,334.0,310.91,322.35,11.65,11.65,639.52,36.83,12.0,2.5574,12.6092,6.0,88.36,95.0,95.0,92.79,0,1,1,46.39,Mild,24.69,MONITORING,2,823.77
824771,MONITORING,95177,-54.0379,,,89.43,31.46,42.89,97.48,0.77,27.48,2.2,34.48,2.56,627.25,27.61,52.95,1,-10.3946,1.8083,3.2871,0.0,0.0,0.0,0.0,0.0,0.0,Normal,30,16,14079,2,6807,335,336.0,313.2,324.23,11.77,11.77,639.52,36.83,12.0,2.5574,12.6092,6.0,88.36,95.0,95.0,92.79,0,1,1,46.39,Mild,25.69,MONITORING,2,824.771
825772,MONITORING,95288,0.077,,,89.43,31.46,42.89,97.48,0.77,27.48,2.2,34.48,2.56,627.25,27.61,52.95,1,-10.3946,1.8083,3.2871,0.0,0.0,0.0,0.0,0.0,0.0,Normal,30,16,14079,2,6815,339,338.0,315.29,326.21,11.79,11.79,639.52,36.83,12.0,2.5574,12.6092,6.0,88.36,95.0,95.0,92.79,0,1,1,46.39,Mild,26.69,MONITORING,2,825.772
826773,MONITORING,95240,-27.5588,8822.0,,89.43,31.46,42.89,97.48,0.77,27.48,2.2,34.48,2.56,627.25,27.61,52.95,1,-10.3946,1.8083,3.2871,0.0,0.0,0.0,0.0,0.0,0.0,Normal,30,16,14079,2,6823,341,342.0,317.12,328.43,13.57,13.57,639.52,36.83,12.0,2.5574,12.6092,6.0,88.36,95.0,95.0,92.79,0,1,1,46.39,Mild,27.7,MONITORING,2,826.773
827773,MONITORING,95333,-18.231,681.0,681.0,89.61,30.08,41.44,97.48,0.77,27.48,2.2,34.48,2.56,627.25,27.61,52.95,1,-10.1647,1.182,2.7219,0.0,0.0,0.0,0.0,0.0,0.0,Normal,30,16,14079,2,6831,346,346.0,319.03,330.79,15.21,15.21,639.52,36.83,12.0,2.5574,12.6092,6.0,88.36,95.0,95.0,92.79,0,1,1,46.39,Mild,28.7,MONITORING,2,827.773
828774,MONITORING,95286,13.4455,640.0,640.0,89.43,31.46,44.06,97.48,0.77,27.48,2.2,34.48,2.56,627.25,27.61,51.95,1,-10.3946,1.8083,3.7433,0.0,0.0,0.0,0.0,0.0,0.0,Normal,30,16,14079,2,6839,351,350.0,320.71,333.28,16.72,16.72,639.52,36.83,12.0,2.5574,12.6092,6.0,88.36,95.0,95.0,92.79,0,1,1,46.39,Mild,29.7,MONITORING,2,828.774
829775,MONITORING,95648,153.7432,681.0,681.0,89.43,31.47,44.71,97.48,0.77,27.48,2.2,34.48,2.56,627.25,27.61,51.92,1,-10.4004,1.8131,3.9984,0.0,0.0,0.0,0.0,0.0,0.0,Normal,30,16,14079,2,6847,350,350.0,322.21,335.92,14.08,14.08,639.52,36.83,12.0,2.5574,12.6092,6.0,88.36,95.0,95.0,92.79,0,1,1,46.39,Mild,30.7,MONITORING,2,829.775
830776,MONITORING,95414,21.1022,801.0,,89.97,37.34,49.48,97.48,0.77,27.48,2.2,34.48,2.56,627.25,27.61,50.73,1,-9.7021,4.4794,5.8646,0.0,0.0,0.0,0.0,0.0,0.0,Normal,30,16,14079,2,6855,350,350.0,323.61,337.97,12.03,12.03,639.52,36.83,12.0,2.5574,12.6092,6.0,88.36,95.0,95.0,92.79,0,1,1,46.39,Mild,31.7,MONITORING,2,830.776
831777,MONITORING,95592,-42.5402,,,89.97,37.34,49.48,97.48,0.77,27.48,2.2,34.48,2.56,627.25,27.61,50.73,1,-9.7021,4.4794,5.8646,0.0,0.0,0.0,0.0,0.0,0.0,Normal,30,16,14079,2,6863,354,353.0,325.72,340.09,12.91,12.91,639.52,36.83,12.0,2.5574,12.6092,6.0,88.36,95.0,95.0,92.79,0,1,1,46.39,Mild,32.7,MONITORING,2,831.777
832778,MONITORING,95489,20.7853,681.0,681.0,90.15,36.03,53.81,97.48,0.77,27.48,2.2,34.48,2.56,627.25,27.61,50.47,1,-9.4694,3.8858,7.5558,0.0,0.0,0.0,0.0,0.0,0.0,Normal,30,16,14079,2,6871,356,355.0,329.11,342.2,12.8,12.8,639.52,36.83,12.0,2.5574,12.6092,6.0,88.36,95.0,95.0,92.79,0,1,1,46.39,Mild,33.7,MONITORING,2,832.778
833779,MONITORING,95483,-170.1232,600.0,600.0,90.51,37.84,55.35,97.48,0.77,27.48,2.2,34.48,2.56,627.25,27.61,49.92,1,-9.0012,4.7076,8.1584,0.0,0.0,0.0,0.0,0.0,0.0,Normal,30,16,14079,2,6879,356,357.0,333.09,344.32,12.68,12.68,639.52,36.83,12.0,2.5574,12.6092,6.0,88.36,95.0,95.0,92.79,0,1,1,46.39,Mild,34.7,MONITORING,2,833.779
834780,MONITORING,95420,-95.0445,1282.0,,90.51,37.84,55.35,97.48,0.77,27.48,2.2,34.48,2.56,627.25,27.61,49.92,1,-9.0012,4.7076,8.1584,0.0,0.0,0.0,0.0,0.0,0.0,Normal,30,16,14079,2,6887,359,358.0,336.83,346.29,11.71,11.71,639.52,36.83,12.0,2.5574,12.6092,6.0,88.36,95.0,95.0,92.79,0,1,1,46.39,Mild,35.7,MONITORING,2,834.78
835781,MONITORING,95408,43.2687,600.0,600.0,91.07,37.89,53.32,97.48,0.77,27.48,2.2,34.48,2.56,627.25,27.61,49.45,1,-8.2858,4.7268,7.3646,0.0,0.0,0.0,0.0,0.0,0.0,Normal,30,16,14079,2,6895,360,360.0,340.27,348.21,11.79,11.79,639.52,36.83,12.0,2.5574,12.6092,6.0,88.36,95.0,95.0,92.79,0,1,1,46.39,Mild,36.7,MONITORING,2,835.781
836782,MONITORING,95220,-118.6182,614.0,614.0,91.62,37.19,51.05,97.48,0.77,27.48,2.2,34.48,2.56,627.25,27.61,75.78,1,-7.5677,4.4123,6.4781,0.0,0.0,0.0,0.0,0.0,0.0,Normal,30,16,14079,2,6903,367,368.0,342.87,350.6,17.4,17.4,381.31,16.26,4.0,-0.3447,5.2536,2.0,44.83,95.0,80.0,73.28,0,1,1,36.64,Mild,37.71,MONITORING,2,836.782
837783,MONITORING,95087,51.826,641.0,641.0,92.0,36.63,51.3,97.48,0.77,27.48,2.2,34.48,2.56,627.25,27.61,79.11,1,-7.0841,4.1589,6.574,0.0,0.0,0.0,0.0,0.0,0.0,Normal,30,16,14079,2,6911,368,367.0,345.42,353.23,13.77,13.77,381.31,16.26,4.0,-0.3447,5.2536,2.0,44.83,95.0,80.0,73.28,0,1,1,36.64,Mild,38.71,MONITORING,2,837.783
838784,MONITORING,95083,-48.6825,640.0,640.0,92.18,36.31,51.3,97.48,0.77,27.48,2.2,34.48,2.56,627.25,27.61,78.23,1,-6.8407,4.0135,6.574,0.0,0.0,0.0,0.0,0.0,0.0,Normal,30,16,14079,2,6919,370,369.0,347.78,355.46,13.54,13.54,381.31,16.26,4.0,-0.3447,5.2536,2.0,44.83,95.0,80.0,73.28,0,1,1,36.64,Mild,39.71,MONITORING,2,838.784
839784,MONITORING,94850,73.4266,720.0,720.0,91.81,38.38,51.33,97.48,0.77,27.48,2.2,34.48,2.56,627.25,27.61,79.67,1,-7.3203,4.9514,6.5847,0.0,0.0,0.0,0.0,0.0,0.0,Normal,30,16,14079,2,6927,368,368.0,349.98,357.25,10.75,10.75,381.31,16.26,4.0,-0.3447,5.2536,2.0,44.83,95.0,80.0,73.28,0,1,1,36.64,Mild,40.71,MONITORING,2,839.784
840785,MONITORING,95223,141.3806,681.0,681.0,91.81,38.4,51.83,97.48,0.77,27.48,2.2,34.48,2.56,627.25,27.61,72.77,1,-7.3264,4.9624,6.7833,0.0,0.0,0.0,0.0,0.0,0.0,Normal,30,16,14079,2,6935,371,371.0,352.27,359.18,11.82,11.82,381.31,16.26,4.0,-0.3447,5.2536,2.0,44.83,95.0,80.0,73.28,0,1,1,36.64,Mild,41.71,MONITORING,2,840.785
841786,MONITORING,95642,257.0421,721.0,721.0,91.62,40.05,51.83,97.48,0.77,27.48,2.2,34.48,2.56,627.25,27.61,55.94,1,-7.5677,5.7097,6.7833,0.0,0.0,0.0,0.0,0.0,0.0,Normal,30,16,14079,2,6943,378,378.0,354.65,361.78,16.22,16.22,381.31,16.26,4.0,-0.3447,5.2536,2.0,44.83,95.0,80.0,73.28,0,1,1,36.64,Mild,42.71,MONITORING,2,841.786
842787,MONITORING,95542,-47.1583,681.0,681.0,91.44,40.24,51.38,97.48,0.77,27.48,2.2,34.48,2.56,627.25,27.61,62.88,1,-7.8081,5.795,6.6057,0.0,0.0,0.0,0.0,0.0,0.0,Normal,30,16,14079,2,6951,384,381.0,357.11,364.45,16.55,16.55,381.31,16.26,4.0,-0.3447,5.2536,2.0,44.83,95.0,80.0,73.28,0,1,1,36.64,Mild,43.71,MONITORING,2,842.787
843788,MONITORING,95812,53.4986,641.0,641.0,91.44,40.24,51.38,97.48,0.77,27.48,2.2,34.48,2.56,627.25,27.61,63.52,1,-7.8081,5.795,6.6057,0.0,0.0,0.0,0.0,0.0,0.0,Normal,30,16,14079,2,6959,382,382.0,359.59,367.07,14.93,14.93,381.31,16.26,4.0,-0.3447,5.2536,2.0,44.83,95.0,80.0,73.28,0,1,1,36.64,Mild,44.71,MONITORING,2,843.788
844789,MONITORING,95520,-189.714,680.0,680.0,91.44,40.22,51.89,97.48,0.77,27.48,2.2,34.48,2.56,627.25,27.61,63.15,1,-7.8021,5.7855,6.8041,0.0,0.0,0.0,0.0,0.0,0.0,Normal,30,16,14079,2,6967,384,383.0,361.96,369.41,13.59,13.59,381.31,16.26,4.0,-0.3447,5.2536,2.0,44.83,95.0,80.0,73.28,0,1,1,36.64,Mild,45.71,MONITORING,2,844.789
845790,MONITORING,95942,169.5736,,,91.44,40.22,51.89,97.48,0.77,27.48,2.2,34.48,2.56,627.25,27.61,63.15,1,-7.8021,5.7855,6.8041,0.0,0.0,0.0,0.0,0.0,0.0,Normal,30,16,14079,2,6975,384,384.0,364.17,371.49,12.51,12.51,381.31,16.26,4.0,-0.3447,5.2536,2.0,44.83,95.0,80.0,73.28,0,1,1,36.64,Mild,46.71,MONITORING,2,845.79
846791,MONITORING,95531,-146.9212,641.0,641.0,91.62,40.05,52.39,97.48,0.77,27.48,2.2,34.48,2.56,627.25,27.61,61.94,1,-7.5677,5.7097,7.0005,0.0,0.0,0.0,0.0,0.0,0.0,Normal,30,16,14079,2,6983,386,386.0,366.36,373.65,12.35,12.35,381.31,16.26,4.0,-0.3447,5.2536,2.0,44.83,95.0,80.0,73.28,0,1,1,36.64,Mild,47.71,MONITORING,2,846.791
847792,MONITORING,95393,84.4424,641.0,641.0,91.81,39.83,49.74,97.48,0.77,27.48,2.2,34.48,2.56,627.25,27.61,63.81,1,-7.3203,5.6081,5.966,0.0,0.0,0.0,0.0,0.0,0.0,Normal,30,16,14079,2,6991,389,389.0,368.4,375.65,13.35,13.35,381.31,16.26,4.0,-0.3447,5.2536,2.0,44.83,95.0,80.0,73.28,0,1,1,36.64,Mild,48.72,MONITORING,2,847.792
848793,MONITORING,95357,-173.4594,,,91.81,39.83,49.74,97.48,0.77,27.48,2.2,34.48,2.56,627.25,27.61,63.81,1,-7.3203,5.6081,5.966,0.0,0.0,0.0,0.0,0.0,0.0,Normal,30,16,14079,2,6999,389,389.0,370.43,377.6,11.4,11.4,381.31,16.26,4.0,-0.3447,5.2536,2.0,44.83,95.0,80.0,73.28,0,1,1,36.64,Mild,49.71,MONITORING,2,848.793
849794,MONITORING,95337,101.3072,1361.0,,91.81,39.83,49.74,97.48,0.77,27.48,2.2,34.48,2.56,627.25,27.61,63.81,1,-7.3203,5.6081,5.966,0.0,0.0,0.0,0.0,0.0,0.0,Normal,30,16,14079,2,7007,390,390.0,372.55,379.42,10.58,10.58,381.31,16.26,4.0,-0.3447,5.2536,2.0,44.83,95.0,80.0,73.28,0,1,1,36.64,Mild,50.72,MONITORING,2,849.794
850795,MONITORING,95400,58.2795,694.0,694.0,91.63,39.77,49.14,97.48,0.77,27.48,2.2,34.48,2.56,627.25,27.61,63.23,1,-7.5617,5.5827,5.7321,0.0,0.0,0.0,0.0,0.0,0.0,Normal,30,16,14079,2,7015,392,392.0,374.58,381.14,10.86,10.86,381.31,16.26,4.0,-0.3447,5.2536,2.0,44.83,95.0,80.0,73.28,0,1,1,36.64,Mild,51.72,MONITORING,2,850.795
851796,MONITORING,95484,77.7226,360.0,,91.25,41.46,49.4,97.48,0.77,27.48,2.2,34.48,2.56,627.25,27.61,76.48,1,-8.0415,6.3486,5.8312,0.0,0.0,0.0,0.0,0.0,0.0,Normal,30,16,14079,2,7023,393,394.0,376.69,383.1,10.9,10.9,381.31,16.26,4.0,-0.3447,5.2536,2.0,44.83,95.0,80.0,73.28,0,1,1,36.64,Mild,52.72,MONITORING,2,851.796
852796,MONITORING,95104,-191.5572,640.0,640.0,91.27,41.5,51.02,97.48,0.77,27.48,2.2,34.48,2.56,627.25,27.61,77.04,1,-8.0235,6.3667,6.4638,0.0,0.0,0.0,0.0,0.0,0.0,Normal,30,16,14079,2,7031,387,390.0,378.61,384.51,5.49,5.49,381.31,16.26,4.0,-0.3447,5.2536,2.0,44.83,95.0,80.0,73.28,0,1,1,36.64,Mild,53.72,MONITORING,2,852.796
853797,MONITORING,95281,83.1554,681.0,681.0,90.9,40.25,51.36,97.48,0.77,27.48,2.2,34.48,2.56,627.25,27.61,76.4,1,-8.5055,5.8004,6.5961,0.0,0.0,0.0,0.0,0.0,0.0,Normal,30,16,14079,2,7039,363,364.0,379.49,382.95,-18.95,0.0,381.31,16.26,4.0,-0.3447,5.2536,2.0,44.83,95.0,80.0,73.28,0,1,1,36.64,Mild,54.72,MONITORING,2,853.797
854798,MONITORING,95079,-37.3147,680.0,680.0,90.65,39.88,49.78,97.48,0.77,27.48,2.2,34.48,2.56,627.25,27.61,78.95,1,-8.8246,5.6315,5.9798,0.0,0.0,0.0,0.0,0.0,0.0,Normal,30,16,14079,2,7047,353,354.0,379.37,379.13,-25.13,0.0,381.31,16.26,4.0,-0.3447,5.2536,2.0,44.83,95.0,80.0,73.28,0,1,1,36.64,Mild,55.72,MONITORING,2,854.798
855799,MONITORING,95116,5.3328,681.0,681.0,90.83,38.48,47.45,97.48,0.77,27.48,2.2,34.48,2.56,627.25,27.61,80.35,1,-8.5884,4.9958,5.0704,0.0,0.0,0.0,0.0,0.0,0.0,Normal,30,16,14079,2,7055,354,352.0,378.67,375.19,-23.19,0.0,381.31,16.26,4.0,-0.3447,5.2536,2.0,44.83,95.0,80.0,73.28,0,1,1,36.64,Mild,56.72,MONITORING,2,855.799
856800,MONITORING,94877,-106.9032,680.0,680.0,90.83,38.44,42.38,97.48,0.77,27.48,2.2,34.48,2.56,627.25,27.61,79.59,1,-8.5884,4.9795,3.0896,0.0,0.0,0.0,0.0,0.0,0.0,Normal,30,16,14079,2,7063,357,356.0,377.98,372.22,-16.22,0.0,381.31,16.26,4.0,-0.3447,5.2536,2.0,44.83,95.0,80.0,73.28,0,1,1,36.64,Mild,57.72,MONITORING,2,856.8
857801,MONITORING,95055,87.5997,681.0,681.0,90.28,33.56,35.94,97.48,0.77,27.48,2.2,34.48,2.56,627.25,27.61,79.92,1,-9.3001,2.7649,0.5702,0.0,0.0,0.0,0.0,0.0,0.0,Normal,30,16,14079,2,7071,359,359.0,377.47,370.18,-11.18,0.0,381.31,16.26,4.0,-0.3447,5.2536,2.0,44.83,95.0,80.0,73.28,0,1,1,36.64,Mild,58.72,MONITORING,2,857.801
858802,MONITORING,94886,-58.4901,640.0,640.0,90.28,31.84,33.48,97.48,0.77,27.48,2.2,34.48,2.56,627.25,27.61,82.42,1,-9.3001,1.9796,-0.393,0.0,0.0,13.1,4.37,6.55,4.37,Normal,30,16,14079,2,7079,361,361.0,377.09,368.72,-7.72,0.0,381.31,16.26,4.0,-0.3447,5.2536,2.0,44.83,95.0,80.0,73.28,0,1,1,38.82,Mild,59.72,MONITORING,2,858.802
859803,MONITORING,94929,21.5501,681.0,681.0,89.91,29.52,33.96,97.48,0.77,27.48,2.2,34.48,2.56,627.25,27.61,84.89,1,-9.7717,0.9274,-0.2027,0.0,0.0,6.76,2.25,3.38,2.25,Normal,30,16,14079,2,7087,366,366.0,376.73,368.13,-2.13,0.0,381.31,16.26,4.0,-0.3447,5.2536,2.0,44.83,95.0,80.0,73.28,0,1,1,37.76,Mild,60.73,MONITORING,2,859.803
860804,MONITORING,94559,-176.6083,681.0,681.0,89.56,27.24,35.19,97.48,0.77,27.48,2.2,34.48,2.56,627.25,27.61,81.25,1,-10.2338,-0.1058,0.2776,0.0,3.53,0.0,1.18,1.76,1.18,Normal,30,16,14079,2,7095,368,367.0,376.15,367.97,-0.97,0.0,381.31,16.26,4.0,-0.3447,5.2536,2.0,44.83,95.0,80.0,73.28,0,1,1,37.23,Mild,61.73,MONITORING,2,860.804
861805,MONITORING,94566,7.3045,,,89.56,27.24,35.19,97.48,0.77,27.48,2.2,34.48,2.56,627.25,27.61,81.25,1,-10.2338,-0.1058,0.2776,0.0,3.53,0.0,1.18,1.76,1.18,Normal,30,16,14079,2,7103,368,368.0,375.47,367.93,0.07,0.07,381.31,16.26,4.0,-0.3447,5.2536,2.0,44.83,95.0,80.0,73.28,0,1,1,37.23,Mild,62.73,MONITORING,2,861.805
862806,MONITORING,94356,-34.6951,681.0,681.0,89.38,26.75,35.19,97.48,0.77,27.48,2.2,34.48,2.56,627.25,27.61,81.74,1,-10.4634,-0.3293,0.2776,0.0,10.98,0.0,3.66,5.49,3.66,Normal,30,16,14079,2,7111,369,369.0,374.75,368.0,1.0,1.0,381.31,16.26,4.0,-0.3447,5.2536,2.0,44.83,95.0,80.0,73.28,0,1,1,38.47,Mild,63.73,MONITORING,2,862.806
863807,MONITORING,94444,110.1227,641.0,641.0,89.38,26.75,35.97,97.48,0.77,27.48,2.2,34.48,2.56,627.25,27.61,80.79,1,-10.4634,-0.3293,0.5805,0.0,10.98,0.0,3.66,5.49,3.66,Normal,30,16,14079,2,7119,368,369.0,374.03,368.24,0.76,0.76,381.31,16.26,4.0,-0.3447,5.2536,2.0,44.83,95.0,80.0,73.28,0,1,1,38.47,Mild,64.73,MONITORING,2,863.807
864808,MONITORING,94163,-56.0653,641.0,641.0,89.38,26.7,35.89,97.48,0.77,27.48,2.2,34.48,2.56,627.25,27.61,82.9,1,-10.4634,-0.3527,0.5505,0.0,11.76,0.0,3.92,5.88,3.92,Normal,30,16,14079,2,7127,369,370.0,373.28,368.45,1.55,1.55,381.31,16.26,4.0,-0.3447,5.2536,2.0,44.83,95.0,80.0,73.28,0,1,1,38.6,Mild,65.73,MONITORING,2,864.808
865809,MONITORING,94314,166.6658,640.0,640.0,89.74,25.64,35.15,97.48,0.77,27.48,2.2,34.48,2.56,627.25,27.61,83.07,1,-10.0032,-0.8329,0.2621,0.0,27.76,0.0,9.25,13.88,9.25,Normal,30,16,14079,2,7135,369,369.0,372.33,368.46,0.54,0.54,381.31,16.26,4.0,-0.3447,5.2536,2.0,44.83,95.0,80.0,73.28,0,1,1,41.27,Mild,66.73,MONITORING,2,865.809
866810,MONITORING,94334,56.5686,601.0,601.0,90.28,26.53,37.43,97.48,0.77,27.48,2.2,34.48,2.56,627.25,27.61,77.58,1,-9.3059,-0.4272,1.1535,0.0,14.24,0.0,4.75,7.12,4.75,Normal,30,16,14079,2,7143,371,372.0,371.44,368.84,3.16,3.16,381.31,16.26,4.0,-0.3447,5.2536,2.0,44.83,95.0,80.0,73.28,0,1,1,39.01,Mild,67.73,MONITORING,2,866.81
867811,MONITORING,94113,16.6538,641.0,641.0,90.46,26.69,40.17,97.48,0.77,27.48,2.2,34.48,2.56,627.25,27.61,77.42,1,-9.0717,-0.3574,2.2236,0.0,11.91,0.0,3.97,5.96,3.97,Normal,30,16,14079,2,7151,372,372.0,370.53,369.26,2.74,2.74,381.31,16.26,4.0,-0.3447,5.2536,2.0,44.83,95.0,80.0,73.28,0,1,1,38.62,Mild,68.73,MONITORING,2,867.811
868812,MONITORING,93935,-211.229,,,90.46,26.69,40.17,97.48,0.77,27.48,2.2,34.48,2.56,627.25,27.61,77.42,1,-9.0717,-0.3574,2.2236,0.0,11.91,0.0,3.97,5.96,3.97,Normal,30,16,14079,2,7159,372,372.0,369.55,369.67,2.33,2.33,381.31,16.26,4.0,-0.3447,5.2536,2.0,44.83,95.0,80.0,73.28,0,1,1,38.62,Mild,69.73,MONITORING,2,868.812
869813,MONITORING,93419,-192.6495,,,90.46,26.69,40.17,97.48,0.77,27.48,2.2,34.48,2.56,627.25,27.61,77.42,1,-9.0717,-0.3574,2.2236,0.0,11.91,0.0,3.97,5.96,3.97,Normal,30,16,14079,2,7167,370,371.0,368.47,369.88,1.12,1.12,381.31,16.26,4.0,-0.3447,5.2536,2.0,44.83,95.0,80.0,73.28,0,1,1,38.62,Mild,70.73,MONITORING,2,869.813
870814,MONITORING,93401,-58.5697,,,90.46,26.69,40.17,97.48,0.77,27.48,2.2,34.48,2.56,627.25,27.61,77.42,1,-9.0717,-0.3574,2.2236,0.0,11.91,0.0,3.97,5.96,3.97,Normal,30,16,14079,2,7175,371,372.0,367.25,370.14,1.86,1.86,381.31,16.26,4.0,-0.3447,5.2536,2.0,44.83,95.0,80.0,73.28,0,1,1,38.62,Mild,71.74,MONITORING,2,870.814
871815,MONITORING,93036,-60.9353,641.0,641.0,90.46,26.69,39.51,97.48,0.77,27.48,2.2,34.48,2.56,627.25,27.61,79.88,1,-9.0717,-0.3574,1.9663,0.0,11.91,0.0,3.97,5.96,3.97,Normal,30,16,14079,2,7183,373,374.0,366.3,370.54,3.46,3.46,381.31,16.26,4.0,-0.3447,5.2536,2.0,44.83,95.0,80.0,73.28,0,1,1,38.62,Mild,72.74,MONITORING,2,871.815
872816,MONITORING,92957,276.2192,560.0,560.0,91.01,32.47,41.65,97.48,0.77,27.48,2.2,34.48,2.56,627.25,27.61,77.21,1,-8.3631,2.2663,2.8033,0.0,0.0,0.0,0.0,0.0,0.0,Normal,30,16,14079,2,7191,369,370.0,366.5,370.78,-0.78,0.0,381.31,16.26,4.0,-0.3447,5.2536,2.0,44.83,95.0,80.0,73.28,0,1,1,36.64,Mild,73.74,MONITORING,2,872.816
873817,MONITORING,93126,165.5412,573.0,573.0,91.19,35.88,49.48,97.48,0.77,27.48,2.2,34.48,2.56,627.25,27.61,73.13,1,-8.125,3.8156,5.8631,0.0,0.0,0.0,0.0,0.0,0.0,Normal,30,16,14079,2,7199,363,364.0,367.08,370.08,-6.08,0.0,368.03,16.81,8.0,-0.4939,5.4478,4.0,42.59,95.0,95.0,77.53,1,1,1,38.77,Mild,74.74,MONITORING,2,873.817
874817,MONITORING,93148,98.2665,640.0,640.0,91.69,36.12,48.7,97.48,0.77,27.48,2.2,34.48,2.56,627.25,27.61,75.26,1,-7.4834,3.9231,5.5583,0.0,0.0,0.0,0.0,0.0,0.0,Normal,30,16,14079,2,7207,365,365.0,367.67,369.21,-4.21,0.0,368.03,16.81,8.0,-0.4939,5.4478,4.0,42.59,95.0,95.0,77.53,0,1,1,38.77,Mild,75.74,MONITORING,2,874.817
875818,MONITORING,93356,142.6482,561.0,561.0,92.31,39.12,50.61,97.48,0.77,27.48,2.2,34.48,2.56,627.25,27.61,75.35,1,-6.676,5.2895,6.3065,0.0,0.0,0.0,0.0,0.0,0.0,Normal,30,16,14079,2,7215,367,367.0,368.28,368.92,-1.92,0.0,368.03,16.81,8.0,-0.4939,5.4478,4.0,42.59,95.0,95.0,77.53,0,1,1,38.77,Mild,76.74,MONITORING,2,875.818
876819,MONITORING,93062,-157.5651,640.0,640.0,92.7,36.78,50.51,97.48,0.77,27.48,2.2,34.48,2.56,627.25,27.61,74.54,1,-6.1788,4.224,6.2638,0.0,0.0,0.0,0.0,0.0,0.0,Normal,30,16,14079,2,7223,362,362.0,368.57,368.25,-6.25,0.0,368.03,16.81,8.0,-0.4939,5.4478,4.0,42.59,95.0,95.0,77.53,0,1,1,38.77,Mild,77.74,MONITORING,2,876.819
877820,MONITORING,92951,9.1856,,,92.7,36.78,50.51,97.48,0.77,27.48,2.2,34.48,2.56,627.25,27.61,74.54,1,-6.1788,4.224,6.2638,0.0,0.0,0.0,0.0,0.0,0.0,Normal,30,16,14079,2,7231,359,359.0,368.53,367.11,-8.11,0.0,368.03,16.81,8.0,-0.4939,5.4478,4.0,42.59,95.0,95.0,77.53,0,1,1,38.77,Mild,78.74,MONITORING,2,877.82
878821,MONITORING,93597,104.3459,,,92.7,36.78,50.51,97.48,0.77,27.48,2.2,34.48,2.56,627.25,27.61,74.54,1,-6.1788,4.224,6.2638,0.0,0.0,0.0,0.0,0.0,0.0,Normal,30,16,14079,2,7239,363,361.0,368.27,366.18,-5.18,0.0,368.03,16.81,8.0,-0.4939,5.4478,4.0,42.59,95.0,95.0,77.53,0,1,1,38.77,Mild,79.74,MONITORING,2,878.821
879822,MONITORING,93913,246.9285,3203.0,,92.7,36.78,50.51,97.48,0.77,27.48,2.2,34.48,2.56,627.25,27.61,74.54,1,-6.1788,4.224,6.2638,0.0,0.0,0.0,0.0,0.0,0.0,Normal,30,16,14079,2,7247,336,343.0,367.65,364.55,-21.55,0.0,368.03,16.81,8.0,-0.4939,5.4478,4.0,42.59,95.0,95.0,77.53,0,1,1,38.77,Mild,80.74,MONITORING,2,879.822
880823,MONITORING,93975,-123.2889,,,92.7,36.78,50.51,97.48,0.77,27.48,2.2,34.48,2.56,627.25,27.61,74.54,1,-6.1788,4.224,6.2638,0.0,0.0,0.0,0.0,0.0,0.0,Normal,30,16,14079,2,7255,321,323.0,365.5,358.98,-35.98,0.0,368.03,16.81,8.0,-0.4939,5.4478,4.0,42.59,95.0,95.0,77.53,0,1,1,38.77,Mild,81.74,MONITORING,2,880.823
881824,MONITORING,93775,-275.7772,,,92.7,36.78,50.51,97.48,0.77,27.48,2.2,34.48,2.56,627.25,27.61,74.54,1,-6.1788,4.224,6.2638,0.0,0.0,0.0,0.0,0.0,0.0,Normal,30,16,14079,2,7263,316,320.0,363.09,353.7,-33.7,0.0,368.03,16.81,8.0,-0.4939,5.4478,4.0,42.59,95.0,95.0,77.53,0,1,1,38.77,Mild,82.74,MONITORING,2,881.824
882825,MONITORING,93608,-149.8271,,,92.7,36.78,50.51,97.48,0.77,27.48,2.2,34.48,2.56,627.25,27.61,74.54,1,-6.1788,4.224,6.2638,0.0,0.0,0.0,0.0,0.0,0.0,Normal,30,16,14079,2,7271,288,291.0,359.45,345.8,-54.8,0.0,368.03,16.81,8.0,-0.4939,5.4478,4.0,42.59,95.0,95.0,77.53,0,1,1,38.77,Mild,83.75,MONITORING,2,882.825
883826,MONITORING,93745,-69.4077,,,92.7,36.78,50.51,97.48,0.77,27.48,2.2,34.48,2.56,627.25,27.61,74.54,1,-6.1788,4.224,6.2638,0.0,0.0,0.0,0.0,0.0,0.0,Normal,30,16,14079,2,7279,295,295.0,355.2,337.48,-42.48,0.0,368.03,16.81,8.0,-0.4939,5.4478,4.0,42.59,95.0,95.0,77.53,0,1,1,38.77,Mild,84.75,MONITORING,2,883.826
884827,MONITORING,93524,-87.7975,5486.0,,92.7,36.78,50.51,97.48,0.77,27.48,2.2,34.48,2.56,627.25,27.61,74.54,1,-6.1788,4.224,6.2638,0.0,0.0,0.0,0.0,0.0,0.0,Normal,30,16,14079,2,7287,307,306.0,351.63,332.17,-26.17,0.0,368.03,16.81,8.0,-0.4939,5.4478,4.0,42.59,95.0,95.0,77.53,0,1,1,38.77,Mild,85.75,MONITORING,2,884.827
885828,MONITORING,93690,262.7327,601.0,601.0,93.08,37.15,50.45,97.48,0.77,27.48,2.2,34.48,2.56,627.25,27.61,79.34,1,-5.6837,4.3912,6.2424,0.0,0.0,0.0,0.0,0.0,0.0,Normal,30,16,14079,2,7295,315,315.0,348.41,329.05,-14.05,0.0,368.03,16.81,8.0,-0.4939,5.4478,4.0,42.59,95.0,95.0,77.53,0,1,1,38.77,Mild,86.75,MONITORING,2,885.828
886829,MONITORING,93935,60.5476,600.0,600.0,93.47,37.35,50.45,97.48,0.77,27.48,2.2,34.48,2.56,627.25,27.61,82.78,1,-5.1782,4.4848,6.2424,0.0,0.0,0.0,0.0,0.0,0.0,Normal,30,16,14079,2,7303,318,318.0,345.51,327.33,-9.33,0.0,368.03,16.81,8.0,-0.4939,5.4478,4.0,42.59,95.0,95.0,77.53,0,1,1,38.77,Mild,87.75,MONITORING,2,886.829
887830,MONITORING,93926,-46.2696,561.0,561.0,94.25,38.59,52.62,97.48,0.77,27.48,2.2,34.48,2.56,627.25,27.61,82.22,1,-4.1735,5.0462,7.0899,0.0,0.0,0.0,0.0,0.0,0.0,Normal,30,16,14079,2,7311,294,296.0,342.14,324.47,-28.47,0.0,368.03,16.81,8.0,-0.4939,5.4478,4.0,42.59,95.0,95.0,77.53,0,1,1,38.77,Mild,88.75,MONITORING,2,887.83
888831,MONITORING,93660,-37.6463,,,94.25,38.59,52.62,97.48,0.77,27.48,2.2,34.48,2.56,627.25,27.61,82.22,1,-4.1735,5.0462,7.0899,0.0,0.0,0.0,0.0,0.0,0.0,Normal,30,16,14079,2,7319,280,281.0,337.61,318.74,-37.74,0.0,368.03,16.81,8.0,-0.4939,5.4478,4.0,42.59,95.0,95.0,77.53,0,1,1,38.77,Mild,89.75,MONITORING,2,888.831
889832,MONITORING,93892,-18.7497,,,94.25,38.59,52.62,97.48,0.77,27.48,2.2,34.48,2.56,627.25,27.61,82.22,1,-4.1735,5.0462,7.0899,0.0,0.0,0.0,0.0,0.0,0.0,Normal,30,16,14079,2,7327,277,277.0,332.55,312.47,-35.47,0.0,368.03,16.81,8.0,-0.4939,5.4478,4.0,42.59,95.0,95.0,77.53,0,1,1,38.77,Mild,90.75,MONITORING,2,889.832
890832,MONITORING,93842,-55.695,600.0,600.0,94.45,39.15,52.62,97.48,0.77,27.48,2.2,34.48,2.56,627.25,27.61,82.23,1,-3.9117,5.3008,7.0899,0.0,0.0,0.0,0.0,0.0,0.0,Normal,30,16,14079,2,7335,288,287.0,327.7,308.0,-21.0,0.0,368.03,16.81,8.0,-0.4939,5.4478,4.0,42.59,95.0,95.0,77.53,0,1,1,38.77,Mild,91.76,MONITORING,2,890.832
891833,MONITORING,93813,117.7868,600.0,600.0,95.25,38.01,52.09,97.48,0.77,27.48,2.2,34.48,2.56,627.25,27.61,81.09,1,-2.8792,4.7856,6.884,0.0,0.0,0.0,0.0,0.0,0.0,Normal,30,16,14079,2,7343,296,295.0,323.49,305.62,-10.62,0.0,368.03,16.81,8.0,-0.4939,5.4478,4.0,42.59,95.0,95.0,77.53,0,1,1,38.77,Mild,92.76,MONITORING,2,891.833
892834,MONITORING,93973,-23.6766,641.0,641.0,95.25,38.01,52.64,97.48,0.77,27.48,2.2,34.48,2.56,627.25,27.61,81.39,1,-2.8792,4.7856,7.1003,0.0,0.0,0.0,0.0,0.0,0.0,Normal,30,16,14079,2,7351,298,298.0,319.87,304.36,-6.36,0.0,368.03,16.81,8.0,-0.4939,5.4478,4.0,42.59,95.0,95.0,77.53,0,1,1,38.77,Mild,93.76,MONITORING,2,892.834
893835,MONITORING,93888,-89.5146,600.0,600.0,95.86,37.34,52.06,97.48,0.77,27.48,2.2,34.48,2.56,627.25,27.61,78.68,1,-2.0933,4.4815,6.8736,0.0,0.0,0.0,0.0,0.0,0.0,Normal,30,16,14079,2,7359,302,301.0,316.41,303.68,-2.68,0.0,368.03,16.81,8.0,-0.4939,5.4478,4.0,42.59,95.0,95.0,77.53,0,1,1,38.77,Mild,94.76,MONITORING,2,893.835
894836,MONITORING,94020,52.8319,641.0,641.0,95.86,37.36,52.06,97.48,0.77,27.48,2.2,34.48,2.56,627.25,27.61,80.96,1,-2.0999,4.4876,6.8736,0.0,0.0,0.0,0.0,0.0,0.0,Normal,30,16,14079,2,7367,304,304.0,312.99,303.64,0.36,0.36,368.03,16.81,8.0,-0.4939,5.4478,4.0,42.59,95.0,95.0,77.53,0,1,1,38.77,Mild,95.76,MONITORING,2,894.836
895837,MONITORING,93779,-91.776,641.0,641.0,96.48,34.65,52.65,97.48,0.77,27.48,2.2,34.48,2.56,627.25,27.61,83.62,1,-1.2973,3.2583,7.1004,0.0,0.0,0.0,0.0,0.0,0.0,Normal,30,16,14079,2,7375,306,306.0,309.89,303.88,2.12,2.12,368.03,16.81,8.0,-0.4939,5.4478,4.0,42.59,95.0,95.0,77.53,0,1,1,38.77,Mild,96.76,MONITORING,2,895.837
896838,MONITORING,93616,51.4255,601.0,601.0,96.89,33.03,52.15,97.48,0.77,27.48,2.2,34.48,2.56,627.25,27.61,87.6,1,-0.7609,2.5204,6.9049,0.0,0.0,0.0,0.0,0.0,0.0,Normal,30,16,14079,2,7383,307,307.0,307.05,304.35,2.65,2.65,368.03,16.81,8.0,-0.4939,5.4478,4.0,42.59,95.0,95.0,77.53,0,1,1,38.77,Mild,97.76,MONITORING,2,896.838
897839,MONITORING,93747,-33.2153,641.0,641.0,96.89,33.03,52.67,97.48,0.77,27.48,2.2,34.48,2.56,627.25,27.61,87.48,1,-0.7609,2.5204,7.1105,0.0,0.0,0.0,0.0,0.0,0.0,Normal,30,16,14079,2,7391,309,309.0,304.25,305.03,3.97,3.97,368.03,16.81,8.0,-0.4939,5.4478,4.0,42.59,95.0,95.0,77.53,0,1,1,38.77,Mild,98.76,MONITORING,2,897.839
898840,MONITORING,93495,-65.0921,641.0,641.0,97.1,31.2,49.96,97.48,0.77,27.48,2.2,34.48,2.56,627.25,27.61,89.21,1,-0.4909,1.6929,6.0494,0.0,0.0,0.0,0.0,0.0,0.0,Normal,30,16,14079,2,7399,311,310.0,302.19,305.73,4.27,4.27,368.03,16.81,8.0,-0.4939,5.4478,4.0,42.59,95.0,95.0,77.53,0,1,1,38.77,Mild,99.76,MONITORING,2,898.84
899841,MONITORING,93755,102.4135,640.0,640.0,96.9,31.29,47.75,97.48,0.77,27.48,2.2,34.48,2.56,627.25,27.61,87.45,1,-0.7541,1.731,5.1886,0.0,0.0,0.0,0.0,0.0,0.0,Normal,30,16,14079,2,7407,311,311.0,301.47,306.56,4.44,4.44,368.03,16.81,8.0,-0.4939,5.4478,4.0,42.59,95.0,95.0,77.53,0,1,1,38.77,Mild,100.76,MONITORING,2,899.841
900842,MONITORING,93635,18.4685,601.0,601.0,97.52,29.01,47.75,97.48,0.77,27.48,2.2,34.48,2.56,627.25,27.61,84.69,1,0.0525,0.6971,5.1886,1.75,0.0,0.0,0.58,0.0,0.58,Normal,30,16,14079,2,7415,313,313.0,301.01,307.43,5.57,5.57,368.03,16.81,8.0,-0.4939,5.4478,4.0,42.59,95.0,95.0,77.53,0,1,1,39.06,Mild,101.76,MONITORING,2,900.842
901843,MONITORING,93609,60.6806,601.0,601.0,97.31,27.2,41.92,97.48,0.77,27.48,2.2,34.48,2.56,627.25,27.61,83.94,1,-0.2198,-0.1252,2.9062,0.0,4.17,0.0,1.39,2.09,1.39,Normal,30,16,14079,2,7423,312,312.0,301.94,308.18,3.82,3.82,368.03,16.81,8.0,-0.4939,5.4478,4.0,42.59,95.0,95.0,77.53,0,1,1,39.46,Mild,102.76,MONITORING,2,901.843
902844,MONITORING,93902,51.7535,560.0,560.0,97.88,27.3,38.78,97.48,0.77,27.48,2.2,34.48,2.56,627.25,27.61,83.29,1,0.5181,-0.0776,1.6795,17.27,2.59,0.0,6.62,1.29,6.62,Normal,30,16,14079,2,7431,309,310.0,302.97,308.64,1.36,1.36,368.03,16.81,8.0,-0.4939,5.4478,4.0,42.59,95.0,95.0,77.53,0,1,1,42.07,Mild,103.76,MONITORING,2,902.844
903845,MONITORING,93782,-64.9857,601.0,601.0,97.52,26.69,41.3,97.48,0.77,27.48,2.2,34.48,2.56,627.25,27.61,85.72,1,0.0525,-0.3577,2.6652,1.75,11.92,0.0,4.56,5.96,4.56,Normal,30,16,14079,2,7439,308,308.0,303.19,308.63,-0.63,0.0,368.03,16.81,8.0,-0.4939,5.4478,4.0,42.59,95.0,95.0,77.53,0,1,1,41.04,Mild,104.77,MONITORING,2,903.845
904846,MONITORING,93980,121.4034,640.0,640.0,97.52,26.69,39.28,97.48,0.77,27.48,2.2,34.48,2.56,627.25,27.61,86.11,1,0.0525,-0.3577,1.8756,1.75,11.92,0.0,4.56,5.96,4.56,Normal,30,16,14079,2,7447,311,312.0,303.02,308.88,3.12,3.12,368.03,16.81,8.0,-0.4939,5.4478,4.0,42.59,95.0,95.0,77.53,0,1,1,41.04,Mild,105.77,MONITORING,2,904.846
905847,MONITORING,94010,-40.3593,613.0,613.0,97.1,26.05,38.2,97.48,0.77,27.48,2.2,34.48,2.56,627.25,27.61,85.18,1,-0.4909,-0.6482,1.4525,0.0,21.61,0.0,7.2,10.8,7.2,Normal,30,16,14079,2,7455,314,313.0,302.74,309.39,3.61,3.61,368.03,16.81,8.0,-0.4939,5.4478,4.0,42.59,95.0,95.0,77.53,0,1,1,42.37,Mild,106.77,MONITORING,2,905.847
906848,MONITORING,93895,13.0769,641.0,641.0,96.68,28.28,40.26,97.48,0.77,27.48,2.2,34.48,2.56,627.25,27.61,78.82,1,-1.0363,0.3669,2.2603,0.0,0.0,0.0,0.0,0.0,0.0,Normal,30,16,14079,2,7463,315,314.0,303.34,310.06,3.94,3.94,368.03,16.81,8.0,-0.4939,5.4478,4.0,42.59,95.0,95.0,77.53,0,1,1,38.77,Mild,107.77,MONITORING,2,906.848
907849,MONITORING,93620,-295.0151,,,96.68,28.28,40.26,97.48,0.77,27.48,2.2,34.48,2.56,627.25,27.61,78.82,1,-1.0363,0.3669,2.2603,0.0,0.0,0.0,0.0,0.0,0.0,Normal,30,16,14079,2,7471,313,313.0,305.02,310.68,2.32,2.32,368.03,16.81,8.0,-0.4939,5.4478,4.0,42.59,95.0,95.0,77.53,0,1,1,38.77,Mild,108.77,MONITORING,2,907.849
908850,MONITORING,93163,-123.4827,,,96.68,28.28,40.26,97.48,0.77,27.48,2.2,34.48,2.56,627.25,27.61,78.82,1,-1.0363,0.3669,2.2603,0.0,0.0,0.0,0.0,0.0,0.0,Normal,30,16,14079,2,7479,312,310.0,306.79,310.53,-0.53,0.0,368.03,16.81,8.0,-0.4939,5.4478,4.0,42.59,95.0,95.0,77.53,0,1,1,38.77,Mild,109.77,MONITORING,2,908.85
909851,MONITORING,93325,59.1044,2722.0,,96.68,28.28,40.26,97.48,0.77,27.48,2.2,34.48,2.56,627.25,27.61,78.82,1,-1.0363,0.3669,2.2603,0.0,0.0,0.0,0.0,0.0,0.0,Normal,30,16,14079,2,7487,317,316.0,308.29,310.93,5.07,5.07,368.03,16.81,8.0,-0.4939,5.4478,4.0,42.59,95.0,95.0,77.53,0,1,1,38.77,Mild,110.77,MONITORING,2,909.851
910852,MONITORING,93518,394.8531,641.0,641.0,96.47,28.24,39.54,97.48,0.77,27.48,2.2,34.48,2.56,627.25,27.61,71.12,1,-1.3106,0.3491,1.9764,0.0,0.0,0.0,0.0,0.0,0.0,Normal,30,16,14079,2,7495,320,317.0,309.54,311.87,5.13,5.13,368.03,16.81,8.0,-0.4939,5.4478,4.0,42.59,95.0,95.0,77.53,0,1,1,38.77,Mild,111.77,MONITORING,2,910.852
911853,MONITORING,93629,100.3345,613.0,613.0,95.86,29.98,41.91,97.48,0.77,27.48,2.2,34.48,2.56,627.25,27.61,69.54,1,-2.0999,1.1373,2.9021,0.0,0.0,0.0,0.0,0.0,0.0,Normal,30,16,14079,2,7503,321,320.0,310.69,312.99,7.01,7.01,329.69,0.0,0.0,-0.9249,-0.5626,0.0,36.13,41.56,50.0,42.56,0,1,1,21.28,Normal,112.77,MONITORING,2,911.853
912854,MONITORING,93631,172.6772,681.0,681.0,95.24,30.82,42.87,97.48,0.77,27.48,2.2,34.48,2.56,627.25,27.61,72.72,1,-2.8922,1.5177,3.2808,0.0,0.0,0.0,0.0,0.0,0.0,Normal,30,16,14079,2,7511,322,321.0,311.76,314.14,6.86,6.86,329.69,0.0,0.0,-0.9249,-0.5626,0.0,36.13,41.56,50.0,42.56,0,1,1,21.28,Normal,113.78,MONITORING,2,912.854
913855,MONITORING,93852,-66.4588,680.0,680.0,94.84,31.59,42.19,97.48,0.77,27.48,2.2,34.48,2.56,627.25,27.61,72.0,1,-3.4106,1.867,3.0146,0.0,0.0,0.0,0.0,0.0,0.0,Normal,30,16,14079,2,7519,324,323.0,312.72,315.33,7.67,7.67,329.69,0.0,0.0,-0.9249,-0.5626,0.0,36.13,41.56,50.0,42.56,0,1,1,21.28,Normal,114.78,MONITORING,2,913.855
914856,MONITORING,93997,102.9994,681.0,681.0,94.64,32.77,41.53,97.48,0.77,27.48,2.2,34.48,2.56,627.25,27.61,73.48,1,-3.6681,2.4061,2.7572,0.0,0.0,0.0,0.0,0.0,0.0,Normal,30,16,14079,2,7527,325,326.0,313.8,316.91,9.09,9.09,329.69,0.0,0.0,-0.9249,-0.5626,0.0,36.13,41.56,50.0,42.56,0,1,1,21.28,Normal,115.78,MONITORING,2,914.856
915856,MONITORING,93885,-160.3416,708.0,708.0,94.11,34.82,41.84,97.48,0.77,27.48,2.2,34.48,2.56,627.25,27.61,73.84,1,-4.3517,3.3356,2.8749,0.0,0.0,0.0,0.0,0.0,0.0,Normal,30,16,14079,2,7535,327,327.0,314.84,318.4,8.6,8.6,329.69,0.0,0.0,-0.9249,-0.5626,0.0,36.13,41.56,50.0,42.56,0,1,1,21.28,Normal,116.78,MONITORING,2,915.856
916857,MONITORING,93995,174.4382,,,94.11,34.82,41.84,97.48,0.77,27.48,2.2,34.48,2.56,627.25,27.61,73.84,1,-4.3517,3.3356,2.8749,0.0,0.0,0.0,0.0,0.0,0.0,Normal,30,16,14079,2,7543,328,328.0,315.85,319.85,8.15,8.15,329.69,0.0,0.0,-0.9249,-0.5626,0.0,36.13,41.56,50.0,42.56,0,1,1,21.28,Normal,117.78,MONITORING,2,916.857
917858,MONITORING,93644,-281.4581,655.0,655.0,93.84,34.22,42.3,97.48,0.77,27.48,2.2,34.48,2.56,627.25,27.61,72.61,1,-4.7001,3.0624,3.0556,0.0,0.0,0.0,0.0,0.0,0.0,Normal,30,16,14079,2,7551,327,326.0,316.71,320.8,5.2,5.2,329.69,0.0,0.0,-0.9249,-0.5626,0.0,36.13,41.56,50.0,42.56,0,1,1,21.28,Normal,118.78,MONITORING,2,917.858
918859,MONITORING,93484,-46.6475,,,93.84,34.22,42.3,97.48,0.77,27.48,2.2,34.48,2.56,627.25,27.61,72.61,1,-4.7001,3.0624,3.0556,0.0,0.0,0.0,0.0,0.0,0.0,Normal,30,16,14079,2,7559,327,327.0,317.48,321.6,5.4,5.4,329.69,0.0,0.0,-0.9249,-0.5626,0.0,36.13,41.56,50.0,42.56,0,1,1,21.28,Normal,119.78,MONITORING,2,918.859
919860,MONITORING,93244,-121.3217,2002.0,,93.84,34.22,42.3,97.48,0.77,27.48,2.2,34.48,2.56,627.25,27.61,72.61,1,-4.7001,3.0624,3.0556,0.0,0.0,0.0,0.0,0.0,0.0,Normal,30,16,14079,2,7567,330,328.0,318.33,322.59,5.41,5.41,329.69,0.0,0.0,-0.9249,-0.5626,0.0,36.13,41.56,50.0,42.56,0,1,1,21.28,Normal,120.78,MONITORING,2,919.86
920861,MONITORING,93382,122.5638,721.0,721.0,93.45,37.33,43.37,97.48,0.77,27.48,2.2,34.48,2.56,627.25,27.61,75.47,1,-5.2033,4.4735,3.4765,0.0,0.0,0.0,0.0,0.0,0.0,Normal,30,16,14079,2,7575,331,330.0,319.24,323.62,6.38,6.38,329.69,0.0,0.0,-0.9249,-0.5626,0.0,36.13,41.56,50.0,42.56,0,1,1,21.28,Normal,121.78,MONITORING,2,920.861
921862,MONITORING,93571,380.0567,761.0,,92.87,39.06,42.7,97.48,0.77,27.48,2.2,34.48,2.56,627.25,27.61,75.97,1,-5.9503,5.2591,3.2134,0.0,0.0,0.0,0.0,0.0,0.0,Normal,30,16,14079,2,7583,333,332.0,320.37,324.82,7.18,7.18,329.69,0.0,0.0,-0.9249,-0.5626,0.0,36.13,41.56,50.0,42.56,0,1,1,21.28,Normal,122.78,MONITORING,2,921.862
922863,MONITORING,93162,-137.4896,561.0,561.0,93.26,42.03,51.91,97.48,0.77,27.48,2.2,34.48,2.56,627.25,27.61,74.93,1,-5.4533,6.6092,6.8148,0.0,0.0,0.0,0.0,0.0,0.0,Normal,30,16,14079,2,7591,330,330.0,321.58,325.77,4.23,4.23,329.69,0.0,0.0,-0.9249,-0.5626,0.0,36.13,41.56,50.0,42.56,0,1,1,21.28,Normal,123.78,MONITORING,2,922.863
923864,MONITORING,92853,-95.1304,1401.0,,93.26,42.03,51.91,97.48,0.77,27.48,2.2,34.48,2.56,627.25,27.61,74.93,1,-5.4533,6.6092,6.8148,0.0,0.0,0.0,0.0,0.0,0.0,Normal,30,16,14079,2,7599,333,332.0,322.63,326.54,5.46,5.46,329.69,0.0,0.0,-0.9249,-0.5626,0.0,36.13,41.56,50.0,42.56,0,1,1,21.28,Normal,124.78,MONITORING,2,923.864
924865,MONITORING,93103,92.017,681.0,681.0,93.06,42.58,56.03,97.48,0.77,27.48,2.2,34.48,2.56,627.25,27.61,75.66,1,-5.7086,6.8588,8.4231,0.0,0.0,0.0,0.0,0.0,0.0,Normal,30,16,14079,2,7607,332,332.0,323.64,327.28,4.72,4.72,329.69,0.0,0.0,-0.9249,-0.5626,0.0,36.13,41.56,50.0,42.56,0,1,1,21.28,Normal,125.79,MONITORING,2,924.865
925866,MONITORING,93085,105.3523,641.0,641.0,92.87,41.79,56.05,97.48,0.77,27.48,2.2,34.48,2.56,627.25,27.61,74.12,1,-5.9503,6.4986,8.4328,0.0,0.0,0.0,0.0,0.0,0.0,Normal,30,16,14079,2,7615,338,337.0,324.71,328.35,8.65,8.65,329.69,0.0,0.0,-0.9249,-0.5626,0.0,36.13,41.56,50.0,42.56,0,1,1,21.28,Normal,126.79,MONITORING,2,925.866
926867,MONITORING,93342,125.5507,641.0,641.0,92.87,41.78,56.05,97.48,0.77,27.48,2.2,34.48,2.56,627.25,27.61,75.35,1,-5.9565,6.4965,8.4327,0.0,0.0,0.0,0.0,0.0,0.0,Normal,30,16,14079,2,7623,336,336.0,325.95,329.6,6.4,6.4,329.69,0.0,0.0,-0.9249,-0.5626,0.0,36.13,41.56,50.0,42.56,0,1,1,21.28,Normal,127.79,MONITORING,2,926.867
927868,MONITORING,93050,-85.7391,681.0,681.0,92.49,42.64,56.05,97.48,0.77,27.48,2.2,34.48,2.56,627.25,27.61,77.21,1,-6.4494,6.8853,8.4327,0.0,0.0,0.0,0.0,0.0,0.0,Normal,30,16,14079,2,7631,331,331.0,327.21,330.13,0.87,0.87,329.69,0.0,0.0,-0.9249,-0.5626,0.0,36.13,41.56,50.0,42.56,0,1,1,21.28,Normal,128.79,MONITORING,2,927.868
928869,MONITORING,93170,-71.4963,721.0,721.0,91.92,43.62,56.54,97.48,0.77,27.48,2.2,34.48,2.56,627.25,27.61,78.46,1,-7.1811,7.3326,8.6243,0.0,0.0,0.0,0.0,0.0,0.0,Normal,30,16,14079,2,7639,333,334.0,328.16,330.46,3.54,3.54,329.69,0.0,0.0,-0.9249,-0.5626,0.0,36.13,41.56,50.0,42.56,0,1,1,21.28,Normal,129.79,MONITORING,2,928.869
929870,MONITORING,92794,-61.8523,,,91.92,43.62,56.54,97.48,0.77,27.48,2.2,34.48,2.56,627.25,27.61,78.46,1,-7.1811,7.3326,8.6243,0.0,0.0,0.0,0.0,0.0,0.0,Normal,30,16,14079,2,7647,333,333.0,328.98,330.87,2.13,2.13,329.69,0.0,0.0,-0.9249,-0.5626,0.0,36.13,41.56,50.0,42.56,0,1,1,21.28,Normal,130.79,MONITORING,2,929.87
930871,MONITORING,92779,-170.5986,2082.0,,91.92,43.62,56.54,97.48,0.77,27.48,2.2,34.48,2.56,627.25,27.61,78.46,1,-7.1811,7.3326,8.6243,0.0,0.0,0.0,0.0,0.0,0.0,Normal,30,16,14079,2,7655,335,335.0,329.79,331.45,3.55,3.55,329.69,0.0,0.0,-0.9249,-0.5626,0.0,36.13,41.56,50.0,42.56,0,1,1,21.28,Normal,131.79,MONITORING,2,930.871
931872,MONITORING,93119,249.2067,760.0,,91.92,43.62,56.54,97.48,0.77,27.48,2.2,34.48,2.56,627.25,27.61,78.46,1,-7.1811,7.3326,8.6243,0.0,0.0,0.0,0.0,0.0,0.0,Normal,30,16,14079,2,7663,338,338.0,330.64,332.28,5.72,5.72,329.69,0.0,0.0,-0.9249,-0.5626,0.0,36.13,41.56,50.0,42.56,0,1,1,21.28,Normal,132.79,MONITORING,2,931.872
932873,MONITORING,92995,13.7892,681.0,681.0,91.36,42.94,56.1,97.48,0.77,27.48,2.2,34.48,2.56,627.25,27.61,80.54,1,-7.9099,7.0199,8.4517,0.0,0.0,0.0,0.0,0.0,0.0,Normal,30,16,14079,2,7671,340,340.0,331.49,333.25,6.75,6.75,329.69,0.0,0.0,-0.9249,-0.5626,0.0,36.13,41.56,50.0,42.56,0,1,1,21.28,Normal,133.79,MONITORING,2,932.873
933874,MONITORING,93377,137.7124,720.0,720.0,90.81,43.1,56.05,97.48,0.77,27.48,2.2,34.48,2.56,627.25,27.61,83.67,1,-8.618,7.0957,8.4325,0.0,0.0,0.0,0.0,0.0,0.0,Normal,30,16,14079,2,7679,343,343.0,332.33,334.57,8.43,8.43,329.69,0.0,0.0,-0.9249,-0.5626,0.0,36.13,41.56,50.0,42.56,0,1,1,21.28,Normal,134.79,MONITORING,2,933.874
934875,MONITORING,93122,-66.2777,721.0,721.0,89.9,39.84,54.48,97.48,0.77,27.48,2.2,34.48,2.56,627.25,27.61,84.79,1,-9.7949,5.6156,7.8179,0.0,0.0,0.0,0.0,0.0,0.0,Normal,30,16,14079,2,7687,343,343.0,333.18,335.84,7.16,7.16,329.69,0.0,0.0,-0.9249,-0.5626,0.0,36.13,41.56,50.0,42.56,0,1,1,21.28,Normal,135.8,MONITORING,2,934.875
935876,MONITORING,93387,-70.6413,720.0,720.0,89.37,38.91,54.0,97.48,0.77,27.48,2.2,34.48,2.56,627.25,27.61,85.45,1,-10.4806,5.1936,7.629,0.0,0.0,0.0,0.0,0.0,0.0,Normal,30,16,14079,2,7695,345,344.0,334.0,337.01,6.99,6.99,329.69,0.0,0.0,-0.9249,-0.5626,0.0,36.13,41.56,50.0,42.56,0,1,1,21.28,Normal,136.8,MONITORING,2,935.876
936877,MONITORING,93221,41.7103,681.0,681.0,89.13,38.51,53.26,97.48,0.77,27.48,2.2,34.48,2.56,627.25,27.61,84.35,1,-10.7891,5.0095,7.3414,0.0,0.0,0.0,0.0,0.0,0.0,Normal,30,16,14079,2,7703,344,346.0,335.05,338.26,7.74,7.74,329.69,0.0,0.0,-0.9249,-0.5626,0.0,36.13,41.56,50.0,42.56,0,1,1,21.28,Normal,137.8,MONITORING,2,936.877
937878,MONITORING,93357,-141.4113,680.0,680.0,88.83,36.8,51.74,97.48,0.77,27.48,2.2,34.48,2.56,627.25,27.61,82.77,1,-11.1696,4.2345,6.748,0.0,0.0,0.0,0.0,0.0,0.0,Normal,30,16,14079,2,7711,347,347.0,336.07,339.38,7.62,7.62,329.69,0.0,0.0,-0.9249,-0.5626,0.0,36.13,41.56,50.0,42.56,0,1,1,21.28,Normal,138.8,MONITORING,2,937.878
938879,MONITORING,93002,-52.4506,681.0,681.0,88.83,36.8,51.21,97.48,0.77,27.48,2.2,34.48,2.56,627.25,27.61,84.3,1,-11.1696,4.2345,6.5386,0.0,0.0,0.0,0.0,0.0,0.0,Normal,30,16,14079,2,7719,347,348.0,337.07,340.61,7.39,7.39,329.69,0.0,0.0,-0.9249,-0.5626,0.0,36.13,41.56,50.0,42.56,0,1,1,21.28,Normal,139.8,MONITORING,2,938.879
939880,MONITORING,92957,-232.5754,,,88.83,36.8,51.21,97.48,0.77,27.48,2.2,34.48,2.56,627.25,27.61,84.3,1,-11.1696,4.2345,6.5386,0.0,0.0,0.0,0.0,0.0,0.0,Normal,30,16,14079,2,7727,346,346.0,337.93,341.38,4.62,4.62,329.69,0.0,0.0,-0.9249,-0.5626,0.0,36.13,41.56,50.0,42.56,0,1,1,21.28,Normal,140.8,MONITORING,2,939.88
940881,MONITORING,92765,76.4131,681.0,681.0,88.66,36.23,51.21,97.48,0.77,27.48,2.2,34.48,2.56,627.25,27.61,84.76,1,-11.3955,3.9755,6.5386,0.0,0.0,0.0,0.0,0.0,0.0,Normal,30,16,14079,2,7735,350,349.0,338.73,342.26,6.74,6.74,329.69,0.0,0.0,-0.9249,-0.5626,0.0,36.13,41.56,50.0,42.56,0,1,1,21.28,Normal,141.8,MONITORING,2,940.881
941882,MONITORING,93146,129.6368,640.0,640.0,88.66,36.27,50.25,97.48,0.77,27.48,2.2,34.48,2.56,627.25,27.61,83.0,1,-11.3899,3.9912,6.1656,0.0,0.0,0.0,0.0,0.0,0.0,Normal,30,16,14079,2,7743,351,351.0,339.8,343.49,7.51,7.51,329.69,0.0,0.0,-0.9249,-0.5626,0.0,36.13,41.56,50.0,42.56,0,1,1,21.28,Normal,142.8,MONITORING,2,941.882
942883,MONITORING,93075,194.4145,640.0,640.0,88.66,34.48,47.99,97.48,0.77,27.48,2.2,34.48,2.56,627.25,27.61,79.17,1,-11.3899,3.1784,5.2811,0.0,0.0,0.0,0.0,0.0,0.0,Normal,30,16,14079,2,7751,354,352.0,340.91,344.76,7.24,7.24,329.69,0.0,0.0,-0.9249,-0.5626,0.0,36.13,41.56,50.0,42.56,0,1,1,21.28,Normal,143.8,MONITORING,2,942.883
943884,MONITORING,93248,-28.6921,681.0,681.0,88.49,33.81,48.02,97.48,0.77,27.48,2.2,34.48,2.56,627.25,27.61,80.07,1,-11.615,2.8776,5.2924,0.0,0.0,0.0,0.0,0.0,0.0,Normal,30,16,14079,2,7759,353,353.0,342.05,346.01,6.99,6.99,329.69,0.0,0.0,-0.9249,-0.5626,0.0,36.13,41.56,50.0,42.56,0,1,1,21.28,Normal,144.8,MONITORING,2,943.884
944885,MONITORING,93076,-82.7454,640.0,640.0,88.84,35.11,48.59,97.48,0.77,27.48,2.2,34.48,2.56,627.25,27.61,78.47,1,-11.1639,3.4676,5.5155,0.0,0.0,0.0,0.0,0.0,0.0,Normal,30,16,14079,2,7767,356,356.0,343.09,347.36,8.64,8.64,329.69,0.0,0.0,-0.9249,-0.5626,0.0,36.13,41.56,50.0,42.56,0,1,1,21.28,Normal,145.81,MONITORING,2,944.885
945886,MONITORING,93354,2.575,681.0,681.0,88.84,35.11,48.93,97.48,0.77,27.48,2.2,34.48,2.56,627.25,27.61,78.61,1,-11.1639,3.4676,5.6471,0.0,0.0,0.0,0.0,0.0,0.0,Normal,30,16,14079,2,7775,357,357.0,344.17,348.76,8.24,8.24,329.69,0.0,0.0,-0.9249,-0.5626,0.0,36.13,41.56,50.0,42.56,0,1,1,21.28,Normal,146.81,MONITORING,2,945.886
946887,MONITORING,93155,-64.0407,680.0,680.0,89.02,34.95,47.48,97.48,0.77,27.48,2.2,34.48,2.56,627.25,27.61,78.66,1,-10.9257,3.3932,5.0817,0.0,0.0,0.0,0.0,0.0,0.0,Normal,30,16,14079,2,7783,358,358.0,345.53,350.09,7.91,7.91,329.69,0.0,0.0,-0.9249,-0.5626,0.0,36.13,41.56,50.0,42.56,0,1,1,21.28,Normal,147.81,MONITORING,2,946.887
947888,MONITORING,93552,86.2139,681.0,681.0,89.2,33.84,47.48,97.48,0.77,27.48,2.2,34.48,2.56,627.25,27.61,78.45,1,-10.6979,2.8893,5.0817,0.0,0.0,0.0,0.0,0.0,0.0,Normal,30,16,14079,2,7791,360,360.0,346.93,351.42,8.58,8.58,329.69,0.0,0.0,-0.9249,-0.5626,0.0,36.13,41.56,50.0,42.56,0,1,1,21.28,Normal,148.81,MONITORING,2,947.888
948889,MONITORING,93359,-71.0879,681.0,681.0,89.02,25.94,31.57,97.48,0.77,27.48,2.2,34.48,2.56,627.25,27.61,81.91,1,-10.9313,-0.6975,-1.139,0.0,23.25,37.97,20.41,30.61,20.41,Normal,30,16,14079,2,7799,363,362.0,348.38,352.78,9.22,9.22,328.8,0.0,0.0,-0.9349,-0.5626,0.0,35.98,41.56,50.0,42.51,1,1,1,31.46,Normal,149.81,MONITORING,2,948.889
949890,MONITORING,93453,-94.058,640.0,640.0,89.2,26.63,31.57,97.48,0.77,27.48,2.2,34.48,2.56,627.25,27.61,84.29,1,-10.6979,-0.3837,-1.139,0.0,12.79,37.97,16.92,25.38,16.92,Normal,30,16,14079,2,7807,363,363.0,349.79,354.14,8.86,8.86,328.8,0.0,0.0,-0.9349,-0.5626,0.0,35.98,41.56,50.0,42.51,0,1,1,29.72,Normal,150.81,MONITORING,2,949.89
950891,MONITORING,93138,-190.4009,1281.0,,89.2,26.63,31.57,97.48,0.77,27.48,2.2,34.48,2.56,627.25,27.61,84.29,1,-10.6979,-0.3837,-1.139,0.0,12.79,37.97,16.92,25.38,16.92,Normal,30,16,14079,2,7815,364,364.0,351.19,355.58,8.42,8.42,328.8,0.0,0.0,-0.9349,-0.5626,0.0,35.98,41.56,50.0,42.51,0,1,1,29.72,Normal,151.81,MONITORING,2,950.891
951892,MONITORING,93119,-116.4476,681.0,681.0,89.02,25.94,32.47,97.48,0.77,27.48,2.2,34.48,2.56,627.25,27.61,84.63,1,-10.9313,-0.6975,-0.7854,0.0,23.25,26.18,16.48,24.72,16.48,Normal,30,16,14079,2,7823,365,365.0,352.55,356.97,8.03,8.03,328.8,0.0,0.0,-0.9349,-0.5626,0.0,35.98,41.56,50.0,42.51,0,1,1,29.5,Normal,152.81,MONITORING,2,951.892
952893,MONITORING,92910,-48.1657,1321.0,,89.02,25.94,32.47,97.48,0.77,27.48,2.2,34.48,2.56,627.25,27.61,84.63,1,-10.9313,-0.6975,-0.7854,0.0,23.25,26.18,16.48,24.72,16.48,Normal,30,16,14079,2,7831,367,367.0,353.81,358.35,8.65,8.65,328.8,0.0,0.0,-0.9349,-0.5626,0.0,35.98,41.56,50.0,42.51,0,1,1,29.5,Normal,153.81,MONITORING,2,952.893
953894,MONITORING,93121,141.5599,681.0,681.0,88.84,25.2,32.47,97.48,0.77,27.48,2.2,34.48,2.56,627.25,27.61,84.5,1,-11.1582,-1.0331,-0.7854,0.0,34.44,26.18,20.21,30.31,20.21,Normal,30,16,14079,2,7839,368,367.0,355.09,359.64,7.36,7.36,328.8,0.0,0.0,-0.9349,-0.5626,0.0,35.98,41.56,50.0,42.51,0,1,1,31.36,Normal,154.81,MONITORING,2,953.894
954895,MONITORING,92990,51.3527,680.0,680.0,88.84,25.2,33.31,97.48,0.77,27.48,2.2,34.48,2.56,627.25,27.61,82.5,1,-11.1582,-1.0331,-0.4578,0.0,34.44,15.26,16.57,24.85,16.57,Normal,30,16,14079,2,7847,369,369.0,356.39,360.97,8.03,8.03,328.8,0.0,0.0,-0.9349,-0.5626,0.0,35.98,41.56,50.0,42.51,0,1,1,29.54,Normal,155.82,MONITORING,2,954.895
955896,MONITORING,93421,221.6566,681.0,681.0,88.84,25.2,32.47,97.48,0.77,27.48,2.2,34.48,2.56,627.25,27.61,81.9,1,-11.1582,-1.0331,-0.7854,0.0,34.44,26.18,20.21,30.31,20.21,Normal,30,16,14079,2,7855,371,371.0,357.73,362.43,8.57,8.57,328.8,0.0,0.0,-0.9349,-0.5626,0.0,35.98,41.56,50.0,42.51,0,1,1,31.36,Normal,156.82,MONITORING,2,955.896
956897,MONITORING,93277,-51.7343,640.0,640.0,89.37,25.08,32.47,97.48,0.77,27.48,2.2,34.48,2.56,627.25,27.61,82.96,1,-10.4691,-1.0862,-0.7852,0.0,36.21,26.17,20.79,31.19,20.79,Normal,30,16,14079,2,7863,373,372.0,359.1,363.82,8.18,8.18,328.8,0.0,0.0,-0.9349,-0.5626,0.0,35.98,41.56,50.0,42.51,0,1,1,31.65,Normal,157.82,MONITORING,2,956.897
957898,MONITORING,93625,89.1666,681.0,681.0,89.37,25.08,32.56,97.48,0.77,27.48,2.2,34.48,2.56,627.25,27.61,82.64,1,-10.4691,-1.0862,-0.7521,0.0,36.21,25.07,20.42,30.64,20.42,Normal,30,16,14079,2,7871,374,374.0,360.49,365.27,8.73,8.73,328.8,0.0,0.0,-0.9349,-0.5626,0.0,35.98,41.56,50.0,42.51,0,1,1,31.47,Normal,158.82,MONITORING,2,957.898
958899,MONITORING,93230,-255.2559,640.0,640.0,89.73,23.96,31.79,97.48,0.77,27.48,2.2,34.48,2.56,627.25,27.61,81.43,1,-10.009,-1.597,-1.0537,0.0,53.23,35.12,29.45,44.18,44.18,Mild,30,16,14079,2,7879,376,376.0,362.06,366.77,9.23,9.23,328.8,0.0,0.0,-0.9349,-0.5626,0.0,35.98,41.56,50.0,42.51,0,1,1,43.35,Mild,159.82,MONITORING,2,958.899
959900,MONITORING,93344,43.9466,,,89.73,23.96,31.79,97.48,0.77,27.48,2.2,34.48,2.56,627.25,27.61,81.43,1,-10.009,-1.597,-1.0537,0.0,53.23,35.12,29.45,44.18,44.18,Mild,30,16,14079,2,7887,376,378.0,363.58,368.24,9.76,9.76,328.8,0.0,0.0,-0.9349,-0.5626,0.0,35.98,41.56,50.0,42.51,0,1,1,43.35,Mild,160.82,MONITORING,2,959.9
960901,MONITORING,93276,-85.0477,600.0,600.0,90.28,25.01,32.64,97.48,0.77,27.48,2.2,34.48,2.56,627.25,27.61,81.31,1,-9.3059,-1.1211,-0.7192,0.0,37.37,23.97,20.45,30.67,20.45,Normal,30,16,14079,2,7895,380,380.0,365.07,369.8,10.2,10.2,328.8,0.0,0.0,-0.9349,-0.5626,0.0,35.98,41.56,50.0,42.51,0,1,1,31.48,Normal,161.82,MONITORING,2,960.901
961901,MONITORING,93017,12.8937,640.0,640.0,90.82,23.11,32.73,97.48,0.77,27.48,2.2,34.48,2.56,627.25,27.61,78.18,1,-8.6003,-1.9828,-0.686,0.0,66.09,22.87,29.65,44.48,29.65,Normal,30,16,14079,2,7903,380,380.0,366.49,371.23,8.77,8.77,328.8,0.0,0.0,-0.9349,-0.5626,0.0,35.98,41.56,50.0,42.51,0,1,1,36.08,Mild,162.82,MONITORING,2,961.901
962902,MONITORING,93229,-44.3834,641.0,641.0,91.01,23.05,32.73,97.48,0.77,27.48,2.2,34.48,2.56,627.25,27.61,78.34,1,-8.3631,-2.0108,-0.686,0.0,67.03,22.87,29.96,44.95,29.96,Normal,30,16,14079,2,7911,382,382.0,367.99,372.73,9.27,9.27,328.8,0.0,0.0,-0.9349,-0.5626,0.0,35.98,41.56,50.0,42.51,0,1,1,36.24,Mild,163.82,MONITORING,2,962.902
963903,MONITORING,92969,-86.0455,640.0,640.0,91.38,22.74,32.73,97.48,0.77,27.48,2.2,34.48,2.56,627.25,27.61,83.31,1,-7.886,-2.1494,-0.686,0.0,71.65,22.87,31.5,47.26,31.5,Normal,30,16,14079,2,7919,383,383.0,369.47,374.3,8.7,8.7,328.8,0.0,0.0,-0.9349,-0.5626,0.0,35.98,41.56,50.0,42.51,0,1,1,37.01,Mild,164.82,MONITORING,2,963.903
964904,MONITORING,93070,-6.1258,641.0,641.0,91.56,22.43,31.83,97.48,0.77,27.48,2.2,34.48,2.56,627.25,27.61,84.43,1,-7.6459,-2.289,-1.0368,0.0,76.3,34.56,36.95,55.43,55.43,Mild,30,16,14079,2,7927,386,386.0,370.95,375.86,10.14,10.14,328.8,0.0,0.0,-0.9349,-0.5626,0.0,35.98,41.56,50.0,42.51,0,1,1,48.97,Mild,165.82,MONITORING,2,964.904
965905,MONITORING,92464,-273.6783,641.0,641.0,91.56,22.41,30.9,97.48,0.77,27.48,2.2,34.48,2.56,627.25,27.61,85.26,1,-7.6519,-2.2993,-1.398,0.0,76.64,46.6,41.08,61.62,61.62,Mild,30,16,14079,2,7935,385,385.0,372.44,377.36,7.64,7.64,328.8,0.0,0.0,-0.9349,-0.5626,0.0,35.98,41.56,50.0,42.51,0,1,1,52.07,Mild,166.82,MONITORING,2,965.905
966906,MONITORING,92920,244.6051,1321.0,,91.56,22.41,30.9,97.48,0.77,27.48,2.2,34.48,2.56,627.25,27.61,85.26,1,-7.6519,-2.2993,-1.398,0.0,76.64,46.6,41.08,61.62,61.62,Mild,30,16,14079,2,7943,387,386.0,373.87,378.7,7.3,7.3,328.8,0.0,0.0,-0.9349,-0.5626,0.0,35.98,41.56,50.0,42.51,0,1,1,52.07,Mild,167.82,MONITORING,2,966.906
967907,MONITORING,92935,197.5961,681.0,681.0,91.37,22.66,29.86,97.48,0.77,27.48,2.2,34.48,2.56,627.25,27.61,74.56,1,-7.892,-2.1882,-1.8061,0.0,72.94,60.2,44.38,66.57,66.57,Mild,30,16,14079,2,7951,388,388.0,375.29,380.02,7.98,7.98,328.8,0.0,0.0,-0.9349,-0.5626,0.0,35.98,41.56,50.0,42.51,0,1,1,54.54,Mild,168.83,MONITORING,2,967.907
968908,MONITORING,93469,301.2705,681.0,681.0,91.37,22.66,28.92,97.48,0.77,27.48,2.2,34.48,2.56,627.25,27.61,72.93,1,-7.892,-2.1882,-2.173,0.0,72.94,72.43,48.46,72.69,72.69,Stress,30,16,14079,2,7959,390,389.0,376.73,381.38,7.62,7.62,328.8,0.0,0.0,-0.9349,-0.5626,0.0,35.98,41.56,50.0,42.51,0,1,1,57.6,Mild,169.83,MONITORING,2,968.908
969909,MONITORING,93540,31.0206,681.0,681.0,91.19,22.88,29.91,97.48,0.77,27.48,2.2,34.48,2.56,627.25,27.61,76.25,1,-8.131,-2.0873,-1.7881,0.0,69.58,59.6,43.06,64.59,64.59,Mild,30,16,14079,2,7967,390,390.0,378.14,382.74,7.26,7.26,328.8,0.0,0.0,-0.9349,-0.5626,0.0,35.98,41.56,50.0,42.51,0,1,1,53.55,Mild,170.83,MONITORING,2,969.909
970910,MONITORING,93735,-83.4551,681.0,681.0,91.19,22.88,28.97,97.48,0.77,27.48,2.2,34.48,2.56,627.25,27.61,75.59,1,-8.131,-2.0873,-2.1544,0.0,69.58,71.81,47.13,70.69,70.69,Stress,30,16,14079,2,7975,394,394.0,379.57,384.17,9.83,9.83,328.8,0.0,0.0,-0.9349,-0.5626,0.0,35.98,41.56,50.0,42.51,0,1,1,56.6,Mild,171.83,MONITORING,2,970.91
971911,MONITORING,93536,-213.0946,,,91.19,22.88,28.97,97.48,0.77,27.48,2.2,34.48,2.56,627.25,27.61,75.59,1,-8.131,-2.0873,-2.1544,0.0,69.58,71.81,47.13,70.69,70.69,Stress,30,16,14079,2,7983,396,395.0,381.03,385.6,9.4,9.4,328.8,0.0,0.0,-0.9349,-0.5626,0.0,35.98,41.56,50.0,42.51,0,1,1,56.6,Mild,172.83,MONITORING,2,971.911
972912,MONITORING,93616,-182.9491,,,91.19,22.88,28.97,97.48,0.77,27.48,2.2,34.48,2.56,627.25,27.61,75.59,1,-8.131,-2.0873,-2.1544,0.0,69.58,71.81,47.13,70.69,70.69,Stress,30,16,14079,2,7991,395,396.0,382.53,387.08,8.92,8.92,328.8,0.0,0.0,-0.9349,-0.5626,0.0,35.98,41.56,50.0,42.51,0,1,1,56.6,Mild,173.83,MONITORING,2,972.912
973913,MONITORING,93227,-204.9254,,,91.19,22.88,28.97,97.48,0.77,27.48,2.2,34.48,2.56,627.25,27.61,75.59,1,-8.131,-2.0873,-2.1544,0.0,69.58,71.81,47.13,70.69,70.69,Stress,30,16,14079,2,7999,398,398.0,384.04,388.6,9.4,9.4,328.8,0.0,0.0,-0.9349,-0.5626,0.0,35.98,41.56,50.0,42.51,0,1,1,56.6,Mild,174.83,MONITORING,2,973.913
974914,MONITORING,93108,-205.2924,,,91.19,22.88,28.97,97.48,0.77,27.48,2.2,34.48,2.56,627.25,27.61,75.59,1,-8.131,-2.0873,-2.1544,0.0,69.58,71.81,47.13,70.69,70.69,Stress,30,16,14079,2,8007,398,398.0,385.51,390.1,7.9,7.9,328.8,0.0,0.0,-0.9349,-0.5626,0.0,35.98,41.56,50.0,42.51,0,1,1,56.6,Mild,175.83,MONITORING,2,974.914
975915,MONITORING,92538,-246.4917,,,91.19,22.88,28.97,97.48,0.77,27.48,2.2,34.48,2.56,627.25,27.61,75.59,1,-8.131,-2.0873,-2.1544,0.0,69.58,71.81,47.13,70.69,70.69,Stress,30,16,14079,2,8015,399,399.0,386.94,391.43,7.57,7.57,328.8,0.0,0.0,-0.9349,-0.5626,0.0,35.98,41.56,50.0,42.51,0,1,1,56.6,Mild,176.83,MONITORING,2,975.915
976916,MONITORING,92759,308.2407,5925.0,,91.19,22.88,28.97,97.48,0.77,27.48,2.2,34.48,2.56,627.25,27.61,75.59,1,-8.131,-2.0873,-2.1544,0.0,69.58,71.81,47.13,70.69,70.69,Stress,30,16,14079,2,8023,403,401.0,388.38,392.82,8.18,8.18,328.8,0.0,0.0,-0.9349,-0.5626,0.0,35.98,41.56,50.0,42.51,0,1,1,56.6,Mild,177.83,MONITORING,2,976.916
977917,MONITORING,92656,151.8912,641.0,641.0,91.37,22.69,29.02,97.48,0.77,27.48,2.2,34.48,2.56,627.25,27.61,79.75,1,-7.8979,-2.1717,-2.1363,0.0,72.39,71.21,47.87,71.8,71.8,Stress,30,16,14079,2,8031,401,401.0,389.78,394.19,6.81,6.81,328.8,0.0,0.0,-0.9349,-0.5626,0.0,35.98,41.56,50.0,42.51,0,1,1,57.16,Mild,178.84,MONITORING,2,977.917
978918,MONITORING,93151,446.1505,680.0,680.0,91.37,22.66,28.97,97.48,0.77,27.48,2.2,34.48,2.56,627.25,27.61,81.87,1,-7.892,-2.1882,-2.1546,0.0,72.94,71.82,48.25,72.38,72.38,Stress,30,16,14079,2,8039,403,403.0,391.11,395.36,7.64,7.64,328.8,0.0,0.0,-0.9349,-0.5626,0.0,35.98,41.56,50.0,42.51,0,1,1,57.45,Mild,179.84,MONITORING,2,978.918
979919,MONITORING,93150,76.6561,641.0,641.0,91.37,22.66,27.95,97.48,0.77,27.48,2.2,34.48,2.56,627.25,27.61,85.14,1,-7.892,-2.1882,-2.5525,0.0,72.94,85.08,52.67,79.01,79.01,Stress,30,16,14079,2,8047,404,404.0,392.39,396.52,7.48,7.48,328.8,0.0,0.0,-0.9349,-0.5626,0.0,35.98,41.56,50.0,42.51,0,1,1,60.76,Mild,180.84,MONITORING,2,979.919
980920,MONITORING,93415,60.0397,680.0,680.0,91.19,22.82,27.85,97.48,0.77,27.48,2.2,34.48,2.56,627.25,27.61,82.71,1,-8.131,-2.1147,-2.5911,0.0,70.49,86.37,52.29,78.43,78.43,Stress,30,16,14079,2,8055,406,406.0,393.73,397.75,8.25,8.25,328.8,0.0,0.0,-0.9349,-0.5626,0.0,35.98,41.56,50.0,42.51,0,1,1,60.47,Mild,181.84,MONITORING,2,980.92
981921,MONITORING,93346,-120.4335,681.0,681.0,91.19,22.82,26.84,97.48,0.77,27.48,2.2,34.48,2.56,627.25,27.61,77.02,1,-8.131,-2.1147,-2.9852,0.0,70.49,99.51,56.67,85.0,85.0,Stress,30,16,14079,2,8063,408,408.0,395.09,399.15,8.85,8.85,328.8,0.0,0.0,-0.9349,-0.5626,0.0,35.98,41.56,50.0,42.51,0,1,1,63.76,Mild,182.84,MONITORING,2,981.921
982922,MONITORING,93656,39.1671,640.0,640.0,91.19,22.85,26.95,97.48,0.77,27.48,2.2,34.48,2.56,627.25,27.61,74.16,1,-8.125,-2.1027,-2.9451,0.0,70.09,98.17,56.09,84.13,84.13,Stress,30,16,14079,2,8071,409,409.0,396.41,400.53,8.47,8.47,328.8,0.0,0.0,-0.9349,-0.5626,0.0,35.98,41.56,50.0,42.51,0,1,1,63.32,Mild,183.84,MONITORING,2,982.922
983923,MONITORING,93468,-147.3264,681.0,681.0,91.19,22.88,27.0,97.48,0.77,27.48,2.2,34.48,2.56,627.25,27.61,69.98,1,-8.131,-2.0873,-2.9251,0.0,69.58,97.5,55.69,83.54,83.54,Stress,30,16,14079,2,8079,410,410.0,397.71,401.89,8.11,8.11,328.8,0.0,0.0,-0.9349,-0.5626,0.0,35.98,41.56,50.0,42.51,0,1,1,63.03,Mild,184.84,MONITORING,2,983.923
984924,MONITORING,93601,1.7518,680.0,680.0,91.01,22.99,27.0,97.48,0.77,27.48,2.2,34.48,2.56,627.25,27.61,66.38,1,-8.3631,-2.038,-2.9251,0.0,67.93,97.5,55.15,82.72,82.72,Stress,30,16,14079,2,8087,412,412.0,399.09,403.36,8.64,8.64,328.8,0.0,0.0,-0.9349,-0.5626,0.0,35.98,41.56,50.0,42.51,0,1,1,62.62,Mild,185.84,MONITORING,2,984.924
985925,MONITORING,93315,-180.7898,1281.0,,91.01,22.99,27.0,97.48,0.77,27.48,2.2,34.48,2.56,627.25,27.61,66.38,1,-8.3631,-2.038,-2.9251,0.0,67.93,97.5,55.15,82.72,82.72,Stress,30,16,14079,2,8095,416,415.0,400.55,404.95,10.05,10.05,328.8,0.0,0.0,-0.9349,-0.5626,0.0,35.98,41.56,50.0,42.51,0,1,1,62.62,Mild,186.84,MONITORING,2,985.925
986926,MONITORING,93197,82.1296,641.0,641.0,91.0,22.96,26.9,97.48,0.77,27.48,2.2,34.48,2.56,627.25,27.61,63.74,1,-8.3691,-2.0509,-2.9651,0.0,68.36,98.84,55.73,83.6,83.6,Stress,30,16,14079,2,8103,416,416.0,402.01,406.53,9.47,9.47,374.93,0.0,0.0,-0.4164,-0.5626,0.0,43.75,41.56,50.0,45.11,0,1,1,64.35,Mild,187.85,MONITORING,2,986.926
987927,MONITORING,93045,-177.8803,613.0,613.0,91.19,25.47,33.64,97.48,0.77,27.48,2.2,34.48,2.56,627.25,27.61,83.24,1,-8.125,-0.9126,-0.3301,0.0,30.42,11.0,13.81,20.71,13.81,Normal,30,16,14079,2,8111,417,417.0,403.45,408.0,9.0,9.0,374.93,0.0,0.0,-0.4164,-0.5626,0.0,43.75,41.56,50.0,45.11,0,1,1,29.46,Normal,188.85,MONITORING,2,987.927
988927,MONITORING,92868,107.1637,640.0,640.0,91.0,23.25,32.33,97.48,0.77,27.48,2.2,34.48,2.56,627.25,27.61,79.49,1,-8.3691,-1.918,-0.8401,0.0,63.93,28.0,30.65,45.97,30.65,Normal,30,16,14079,2,8119,418,418.0,404.89,409.46,8.54,8.54,374.93,0.0,0.0,-0.4164,-0.5626,0.0,43.75,41.56,50.0,45.11,0,1,1,37.88,Mild,189.85,MONITORING,2,988.927
989928,MONITORING,92998,-42.9728,641.0,641.0,91.0,23.25,32.33,97.48,0.77,27.48,2.2,34.48,2.56,627.25,27.61,73.94,1,-8.3691,-1.918,-0.8401,0.0,63.93,28.0,30.65,45.97,30.65,Normal,30,16,14079,2,8127,420,419.0,406.29,410.9,8.1,8.1,374.93,0.0,0.0,-0.4164,-0.5626,0.0,43.75,41.56,50.0,45.11,0,1,1,37.88,Mild,190.85,MONITORING,2,989.928
990929,MONITORING,92611,-31.6369,681.0,681.0,90.82,23.31,33.22,97.48,0.77,27.48,2.2,34.48,2.56,627.25,27.61,76.26,1,-8.6062,-1.8911,-0.4944,0.0,63.04,16.48,26.51,39.76,26.51,Normal,30,16,14079,2,8135,420,420.0,407.67,412.24,7.76,7.76,374.93,0.0,0.0,-0.4164,-0.5626,0.0,43.75,41.56,50.0,45.11,0,1,1,35.81,Mild,191.85,MONITORING,2,990.929
991930,MONITORING,92843,57.4668,641.0,641.0,90.82,23.31,34.04,97.48,0.77,27.48,2.2,34.48,2.56,627.25,27.61,78.12,1,-8.6062,-1.8911,-0.174,0.0,63.04,5.8,22.95,34.42,22.95,Normal,30,16,14079,2,8143,421,421.0,409.01,413.53,7.47,7.47,374.93,0.0,0.0,-0.4164,-0.5626,0.0,43.75,41.56,50.0,45.11,0,1,1,34.03,Mild,192.85,MONITORING,2,991.93
992931,MONITORING,92847,85.1922,641.0,641.0,90.82,23.31,34.04,97.48,0.77,27.48,2.2,34.48,2.56,627.25,27.61,78.58,1,-8.6062,-1.8911,-0.1738,0.0,63.04,5.79,22.94,34.42,22.94,Normal,30,16,14079,2,8151,424,423.0,410.3,414.8,8.2,8.2,374.93,0.0,0.0,-0.4164,-0.5626,0.0,43.75,41.56,50.0,45.11,0,1,1,34.02,Mild,193.85,MONITORING,2,992.931
993932,MONITORING,93324,275.2824,640.0,640.0,90.82,23.34,33.26,97.48,0.77,27.48,2.2,34.48,2.56,627.25,27.61,80.53,1,-8.6003,-1.8776,-0.4782,0.0,62.59,15.94,26.18,39.26,26.18,Normal,30,16,14079,2,8159,424,424.0,411.65,416.17,7.83,7.83,374.93,0.0,0.0,-0.4164,-0.5626,0.0,43.75,41.56,50.0,45.11,0,1,1,35.64,Mild,194.85,MONITORING,2,993.932
994933,MONITORING,93074,-100.502,681.0,681.0,91.0,23.31,34.08,97.48,0.77,27.48,2.2,34.48,2.56,627.25,27.61,84.05,1,-8.3691,-1.8911,-0.1579,0.0,63.04,5.26,22.77,34.15,22.77,Normal,30,16,14079,2,8167,426,425.0,413.01,417.47,7.53,7.53,374.93,0.0,0.0,-0.4164,-0.5626,0.0,43.75,41.56,50.0,45.11,0,1,1,33.94,Mild,195.85,MONITORING,2,994.933
995934,MONITORING,93138,-19.9016,600.0,600.0,91.38,25.32,36.46,97.48,0.77,27.48,2.2,34.48,2.56,627.25,27.61,82.37,1,-7.886,-0.9792,0.7746,0.0,32.64,0.0,10.88,16.32,10.88,Normal,30,16,14079,2,8175,425,427.0,414.35,418.84,8.16,8.16,374.93,0.0,0.0,-0.4164,-0.5626,0.0,43.75,41.56,50.0,45.11,0,1,1,27.99,Normal,196.85,MONITORING,2,995.934
996935,MONITORING,92932,-202.3858,1321.0,,91.38,25.32,36.46,97.48,0.77,27.48,2.2,34.48,2.56,627.25,27.61,82.37,1,-7.886,-0.9792,0.7746,0.0,32.64,0.0,10.88,16.32,10.88,Normal,30,16,14079,2,8183,427,428.0,415.71,420.1,7.9,7.9,374.93,0.0,0.0,-0.4164,-0.5626,0.0,43.75,41.56,50.0,45.11,0,1,1,27.99,Normal,197.85,MONITORING,2,996.935
997936,MONITORING,92865,135.255,641.0,641.0,91.56,25.02,36.46,97.48,0.77,27.48,2.2,34.48,2.56,627.25,27.61,79.86,1,-7.6519,-1.1137,0.7746,0.0,37.12,0.0,12.37,18.56,12.37,Normal,30,16,14079,2,8191,429,429.0,417.09,421.3,7.7,7.7,374.93,0.0,0.0,-0.4164,-0.5626,0.0,43.75,41.56,50.0,45.11,0,1,1,28.74,Normal,198.86,MONITORING,2,997.936
998937,MONITORING,92855,-145.2443,680.0,680.0,91.56,24.99,36.43,97.48,0.77,27.48,2.2,34.48,2.56,627.25,27.61,79.34,1,-7.6459,-1.1294,0.76,0.0,37.65,0.0,12.55,18.82,12.55,Normal,30,16,14079,2,8199,430,430.0,418.47,422.51,7.49,7.49,374.93,0.0,0.0,-0.4164,-0.5626,0.0,43.75,41.56,50.0,45.11,0,1,1,28.83,Normal,199.86,MONITORING,2,998.937
999937,MONITORING,92458,25.0935,640.0,640.0,91.57,25.01,36.43,97.48,0.77,27.48,2.2,34.48,2.56,627.25,27.61,77.83,1,-7.6399,-1.1202,0.7602,0.0,37.34,0.0,12.45,18.67,12.45,Normal,30,16,14079,2,8207,430,431.0,419.83,423.74,7.26,7.26,374.93,0.0,0.0,-0.4164,-0.5626,0.0,43.75,41.56,50.0,45.11,0,1,1,28.78,Normal,200.86,MONITORING,2,999.937
1000938,MONITORING,92218,-285.491,,,91.57,25.01,36.43,97.48,0.77,27.48,2.2,34.48,2.56,627.25,27.61,77.83,1,-7.6399,-1.1202,0.7602,0.0,37.34,0.0,12.45,18.67,12.45,Normal,30,16,14079,2,8215,429,429.0,421.0,424.61,4.39,4.39,374.93,0.0,0.0,-0.4164,-0.5626,0.0,43.75,41.56,50.0,45.11,0,1,1,28.78,Normal,201.86,MONITORING,2,1000.938
1001939,MONITORING,91528,-175.3368,,,91.57,25.01,36.43,97.48,0.77,27.48,2.2,34.48,2.56,627.25,27.61,77.83,1,-7.6399,-1.1202,0.7602,0.0,37.34,0.0,12.45,18.67,12.45,Normal,30,16,14079,2,8223,426,426.0,421.96,424.91,1.09,1.09,374.93,0.0,0.0,-0.4164,-0.5626,0.0,43.75,41.56,50.0,45.11,0,1,1,28.78,Normal,202.86,MONITORING,2,1001.939
1002940,MONITORING,92145,362.4431,2603.0,,91.57,25.01,36.43,97.48,0.77,27.48,2.2,34.48,2.56,627.25,27.61,77.83,1,-7.6399,-1.1202,0.7602,0.0,37.34,0.0,12.45,18.67,12.45,Normal,30,16,14079,2,8231,431,431.0,422.93,425.42,5.58,5.58,374.93,0.0,0.0,-0.4164,-0.5626,0.0,43.75,41.56,50.0,45.11,0,1,1,28.78,Normal,203.86,MONITORING,2,1002.94
1003941,MONITORING,92144,322.6532,681.0,681.0,91.75,24.71,36.46,97.48,0.77,27.48,2.2,34.48,2.56,627.25,27.61,68.26,1,-7.3989,-1.2562,0.775,0.0,41.87,0.0,13.96,20.94,13.96,Normal,30,16,14079,2,8239,433,432.0,423.94,426.31,5.69,5.69,374.93,0.0,0.0,-0.4164,-0.5626,0.0,43.75,41.56,50.0,45.11,0,1,1,29.53,Normal,204.86,MONITORING,2,1003.941
1004942,MONITORING,92586,229.7247,641.0,641.0,91.75,24.71,36.5,97.48,0.77,27.48,2.2,34.48,2.56,627.25,27.61,68.33,1,-7.3989,-1.2562,0.7895,0.0,41.87,0.0,13.96,20.94,13.96,Normal,30,16,14079,2,8247,434,434.0,424.94,427.31,6.69,6.69,374.93,0.0,0.0,-0.4164,-0.5626,0.0,43.75,41.56,50.0,45.11,0,1,1,29.53,Normal,205.86,MONITORING,2,1004.942
1005943,MONITORING,92509,-54.517,641.0,641.0,92.13,23.81,36.5,97.48,0.77,27.48,2.2,34.48,2.56,627.25,27.61,73.02,1,-6.9138,-1.6641,0.7897,0.0,55.47,0.0,18.49,27.74,18.49,Normal,30,16,14079,2,8255,433,434.0,425.88,428.22,5.78,5.78,374.93,0.0,0.0,-0.4164,-0.5626,0.0,43.75,41.56,50.0,45.11,0,1,1,31.8,Normal,206.86,MONITORING,2,1005.943
1006944,MONITORING,92960,120.2606,640.0,640.0,92.32,23.21,35.7,97.48,0.77,27.48,2.2,34.48,2.56,627.25,27.61,74.8,1,-6.6637,-1.9349,0.4761,0.0,64.5,0.0,21.5,32.25,21.5,Normal,30,16,14079,2,8263,436,436.0,426.85,429.19,6.81,6.81,374.93,0.0,0.0,-0.4164,-0.5626,0.0,43.75,41.56,50.0,45.11,0,1,1,33.3,Mild,207.86,MONITORING,2,1006.944
1007945,MONITORING,92625,-226.9529,681.0,681.0,92.32,23.2,35.66,97.48,0.77,27.48,2.2,34.48,2.56,627.25,27.61,74.16,1,-6.6698,-1.9412,0.461,0.0,64.71,0.0,21.57,32.35,21.57,Normal,30,16,14079,2,8271,436,437.0,427.83,430.29,6.71,6.71,374.93,0.0,0.0,-0.4164,-0.5626,0.0,43.75,41.56,50.0,45.11,0,1,1,33.34,Mild,208.86,MONITORING,2,1007.945
1008946,MONITORING,92450,7.2407,600.0,600.0,92.7,24.15,38.7,97.48,0.77,27.48,2.2,34.48,2.56,627.25,27.61,71.33,1,-6.1726,-1.5082,1.6501,0.0,50.27,0.0,16.76,25.14,16.76,Normal,30,16,14079,2,8279,438,438.0,428.83,431.48,6.52,6.52,374.93,0.0,0.0,-0.4164,-0.5626,0.0,43.75,41.56,50.0,45.11,0,1,1,30.93,Normal,209.86,MONITORING,2,1008.946
1009947,MONITORING,92549,-220.7201,,,92.7,24.15,38.7,97.48,0.77,27.48,2.2,34.48,2.56,627.25,27.61,71.33,1,-6.1726,-1.5082,1.6501,0.0,50.27,0.0,16.76,25.14,16.76,Normal,30,16,14079,2,8287,439,439.0,429.84,432.6,6.4,6.4,374.93,0.0,0.0,-0.4164,-0.5626,0.0,43.75,41.56,50.0,45.11,0,1,1,30.93,Normal,210.86,MONITORING,2,1009.947
1010948,MONITORING,92200,-173.8439,2523.0,,92.7,24.15,38.7,97.48,0.77,27.48,2.2,34.48,2.56,627.25,27.61,71.33,1,-6.1726,-1.5082,1.6501,0.0,50.27,0.0,16.76,25.14,16.76,Normal,30,16,14079,2,8295,439,440.0,430.84,433.65,6.35,6.35,374.93,0.0,0.0,-0.4164,-0.5626,0.0,43.75,41.56,50.0,45.11,0,1,1,30.93,Normal,211.87,MONITORING,2,1010.948
1011949,MONITORING,92400,0.1268,640.0,640.0,92.89,23.37,38.74,97.48,0.77,27.48,2.2,34.48,2.56,627.25,27.61,72.76,1,-5.9256,-1.8623,1.6638,0.0,62.08,0.0,20.69,31.04,20.69,Normal,30,16,14079,2,8303,442,441.0,431.81,434.75,6.25,6.25,374.93,0.0,0.0,-0.4164,-0.5626,0.0,43.75,41.56,50.0,45.11,0,1,1,32.9,Normal,212.87,MONITORING,2,1011.949
1012950,MONITORING,91519,-392.9865,641.0,641.0,92.89,23.37,36.69,97.48,0.77,27.48,2.2,34.48,2.56,627.25,27.61,71.74,1,-5.9256,-1.8623,0.8617,0.0,62.08,0.0,20.69,31.04,20.69,Normal,30,16,14079,2,8311,436,437.0,432.65,435.5,1.5,1.5,374.93,0.0,0.0,-0.4164,-0.5626,0.0,43.75,41.56,50.0,45.11,0,1,1,32.9,Normal,213.87,MONITORING,2,1012.95
1013951,MONITORING,92038,237.446,1361.0,,92.89,23.37,36.69,97.48,0.77,27.48,2.2,34.48,2.56,627.25,27.61,71.74,1,-5.9256,-1.8623,0.8617,0.0,62.08,0.0,20.69,31.04,20.69,Normal,30,16,14079,2,8319,440,439.0,433.33,435.9,3.1,3.1,374.93,0.0,0.0,-0.4164,-0.5626,0.0,43.75,41.56,50.0,45.11,0,1,1,32.9,Normal,214.87,MONITORING,2,1013.951
1014952,MONITORING,91933,134.3965,640.0,640.0,93.09,19.4,31.74,97.48,0.77,27.48,2.2,34.48,2.56,627.25,27.61,74.43,1,-5.6775,-3.6683,-1.0703,0.0,100.0,35.68,45.23,67.84,67.84,Stress,30,16,14079,2,8327,443,443.0,434.09,436.65,6.35,6.35,374.93,0.0,0.0,-0.4164,-0.5626,0.0,43.75,41.56,50.0,45.11,0,1,1,56.47,Mild,215.87,MONITORING,2,1014.952
1015953,MONITORING,92326,311.4117,641.0,641.0,93.09,19.4,31.74,97.48,0.77,27.48,2.2,34.48,2.56,627.25,27.61,72.89,1,-5.6775,-3.6683,-1.0703,0.0,100.0,35.68,45.23,67.84,67.84,Stress,30,16,14079,2,8335,444,444.0,434.94,437.69,6.31,6.31,374.93,0.0,0.0,-0.4164,-0.5626,0.0,43.75,41.56,50.0,45.11,0,1,1,56.47,Mild,216.87,MONITORING,2,1015.953
1016954,MONITORING,91921,-141.2034,640.0,640.0,93.09,19.4,31.74,97.48,0.77,27.48,2.2,34.48,2.56,627.25,27.61,72.73,1,-5.6775,-3.6683,-1.0705,0.0,100.0,35.68,45.23,67.84,67.84,Stress,30,16,14079,2,8343,445,445.0,435.81,438.74,6.26,6.26,374.93,0.0,0.0,-0.4164,-0.5626,0.0,43.75,41.56,50.0,45.11,0,1,1,56.47,Mild,217.87,MONITORING,2,1016.954
1017955,MONITORING,91999,232.0748,681.0,681.0,92.89,20.48,31.74,97.48,0.77,27.48,2.2,34.48,2.56,627.25,27.61,73.15,1,-5.9318,-3.1773,-1.0705,0.0,100.0,35.68,45.23,67.84,67.84,Stress,30,16,14079,2,8351,448,446.0,436.69,439.83,6.17,6.17,374.93,0.0,0.0,-0.4164,-0.5626,0.0,43.75,41.56,50.0,45.11,0,1,1,56.47,Mild,218.87,MONITORING,2,1017.955
1018956,MONITORING,92102,-115.7771,613.0,613.0,93.09,20.7,32.6,97.48,0.77,27.48,2.2,34.48,2.56,627.25,27.61,80.34,1,-5.6775,-3.0778,-0.7367,0.0,100.0,24.56,41.52,62.28,41.52,Mild,30,16,14079,2,8359,448,448.0,437.55,440.9,7.1,7.1,374.93,0.0,0.0,-0.4164,-0.5626,0.0,43.75,41.56,50.0,45.11,0,1,1,43.31,Mild,219.87,MONITORING,2,1018.956
1019957,MONITORING,91844,-81.5643,640.0,640.0,93.28,22.17,33.46,97.48,0.77,27.48,2.2,34.48,2.56,627.25,27.61,81.0,1,-5.4284,-2.4087,-0.3974,0.0,80.29,13.25,31.18,46.77,31.18,Normal,30,16,14079,2,8367,448,448.0,438.55,441.97,6.03,6.03,374.93,0.0,0.0,-0.4164,-0.5626,0.0,43.75,41.56,50.0,45.11,0,1,1,38.14,Mild,220.88,MONITORING,2,1019.957
1020957,MONITORING,92114,-66.0261,601.0,601.0,93.47,23.47,34.24,97.48,0.77,27.48,2.2,34.48,2.56,627.25,27.61,77.9,1,-5.1845,-1.8178,-0.0948,0.0,60.59,3.16,21.25,31.88,21.25,Normal,30,16,14079,2,8375,449,448.0,439.77,442.97,5.03,5.03,374.93,0.0,0.0,-0.4164,-0.5626,0.0,43.75,41.56,50.0,45.11,0,1,1,33.18,Normal,221.88,MONITORING,2,1020.957
1021958,MONITORING,90280,-1099.9115,,,93.47,23.47,34.24,97.48,0.77,27.48,2.2,34.48,2.56,627.25,27.61,77.9,1,-5.1845,-1.8178,-0.0948,0.0,60.59,3.16,21.25,31.88,21.25,Normal,30,16,14079,2,8383,444,446.0,440.76,443.73,2.27,2.27,374.93,0.0,0.0,-0.4164,-0.5626,0.0,43.75,41.56,50.0,45.11,0,1,1,33.18,Normal,222.88,MONITORING,2,1021.958
1022959,MONITORING,89820,-61.6676,,,93.47,23.47,34.24,97.48,0.77,27.48,2.2,34.48,2.56,627.25,27.61,77.9,1,-5.1845,-1.8178,-0.0948,0.0,60.59,3.16,21.25,31.88,21.25,Normal,30,16,14079,2,8391,440,440.0,441.27,443.37,-3.37,0.0,374.93,0.0,0.0,-0.4164,-0.5626,0.0,43.75,41.56,50.0,45.11,0,1,1,33.18,Normal,223.88,MONITORING,2,1022.959
1023960,MONITORING,89972,408.5535,3163.0,,93.47,23.47,34.24,97.48,0.77,27.48,2.2,34.48,2.56,627.25,27.61,77.9,1,-5.1845,-1.8178,-0.0948,0.0,60.59,3.16,21.25,31.88,21.25,Normal,30,16,14079,2,8399,426,429.0,441.42,442.25,-13.25,0.0,423.97,0.0,0.0,0.1348,-0.5626,0.0,52.02,41.56,50.0,47.86,1,1,1,34.56,Mild,224.88,MONITORING,2,1023.96
1024961,MONITORING,90527,949.3727,640.0,640.0,93.67,22.28,30.76,97.48,0.77,27.48,2.2,34.48,2.56,627.25,27.61,63.77,1,-4.927,-2.358,-1.4552,0.0,78.6,48.51,42.37,63.55,63.55,Mild,30,16,14079,2,8407,409,413.0,440.59,438.6,-25.6,0.0,423.97,0.0,0.0,0.1348,-0.5626,0.0,52.02,41.56,50.0,47.86,0,1,1,55.71,Mild,225.88,MONITORING,2,1024.961
1025962,MONITORING,91649,693.2794,601.0,601.0,93.66,22.22,30.67,97.48,0.77,27.48,2.2,34.48,2.56,627.25,27.61,64.15,1,-4.9333,-2.3862,-1.4903,0.0,79.54,49.68,43.07,64.61,64.61,Mild,30,16,14079,2,8415,397,397.0,438.85,433.2,-36.2,0.0,423.97,0.0,0.0,0.1348,-0.5626,0.0,52.02,41.56,50.0,47.86,0,1,1,56.23,Mild,226.88,MONITORING,2,1025.962
1026963,MONITORING,91637,-41.9865,641.0,641.0,93.86,23.42,30.76,97.48,0.77,27.48,2.2,34.48,2.56,627.25,27.61,69.64,1,-4.6748,-1.84,-1.455,0.0,61.33,48.5,36.61,54.92,54.92,Mild,30,16,14079,2,8423,386,387.0,436.43,426.98,-39.98,0.0,423.97,0.0,0.0,0.1348,-0.5626,0.0,52.02,41.56,50.0,47.86,0,1,1,51.39,Mild,227.88,MONITORING,2,1026.963
1027964,MONITORING,91738,-139.9446,,,93.86,23.42,30.76,97.48,0.77,27.48,2.2,34.48,2.56,627.25,27.61,69.64,1,-4.6748,-1.84,-1.455,0.0,61.33,48.5,36.61,54.92,54.92,Mild,30,16,14079,2,8431,387,387.0,433.67,420.94,-33.94,0.0,423.97,0.0,0.0,0.1348,-0.5626,0.0,52.02,41.56,50.0,47.86,0,1,1,51.39,Mild,228.88,MONITORING,2,1027.964
1028965,MONITORING,90806,-900.0854,,,93.86,23.42,30.76,97.48,0.77,27.48,2.2,34.48,2.56,627.25,27.61,69.64,1,-4.6748,-1.84,-1.455,0.0,61.33,48.5,36.61,54.92,54.92,Mild,30,16,14079,2,8439,389,390.0,431.06,416.37,-26.37,0.0,423.97,0.0,0.0,0.1348,-0.5626,0.0,52.02,41.56,50.0,47.86,0,1,1,51.39,Mild,229.88,MONITORING,2,1028.965
1029966,MONITORING,89783,-621.4969,,,93.86,23.42,30.76,97.48,0.77,27.48,2.2,34.48,2.56,627.25,27.61,69.64,1,-4.6748,-1.84,-1.455,0.0,61.33,48.5,36.61,54.92,54.92,Mild,30,16,14079,2,8447,384,384.0,428.19,411.86,-27.86,0.0,423.97,0.0,0.0,0.1348,-0.5626,0.0,52.02,41.56,50.0,47.86,0,1,1,51.39,Mild,230.88,MONITORING,2,1029.966
1030967,MONITORING,90268,272.5179,,,93.86,23.42,30.76,97.48,0.77,27.48,2.2,34.48,2.56,627.25,27.61,69.64,1,-4.6748,-1.84,-1.455,0.0,61.33,48.5,36.61,54.92,54.92,Mild,30,16,14079,2,8455,354,359.0,424.63,406.21,-47.21,0.0,423.97,0.0,0.0,0.1348,-0.5626,0.0,52.02,41.56,50.0,47.86,0,1,1,51.39,Mild,231.88,MONITORING,2,1030.967
1031968,MONITORING,90014,266.3076,601.0,601.0,94.25,23.12,30.8,97.48,0.77,27.48,2.2,34.48,2.56,627.25,27.61,73.0,1,-4.1735,-1.9773,-1.4377,0.0,65.91,47.92,37.94,56.92,56.92,Mild,30,16,14079,2,8463,338,338.0,419.62,397.02,-59.02,0.0,423.97,0.0,0.0,0.1348,-0.5626,0.0,52.02,41.56,50.0,47.86,0,1,1,52.39,Mild,232.89,MONITORING,2,1031.968
