timestamp,mode,raw_gsr,ir_raw,filtered_ppg,ppg_mean_hr,ppg_sdnn,ppg_rmssd,gsr_scl,gsr_scr_amp,gsr_scr_freq,gsr_scr_count_30s,gsr_scr_single_peak_flag,gsr_scr_enough_for_score_flag,gsr_scr_single_with_scl_rise_flag,final_ppg_stress_z,final_gsr_stress_z,valid_feature_count,integrated_stress_z,integrated_state
0,STABILIZING,654,98195,0.00,,,,,,,0,0,0,0,,,0,,
1018,STABILIZING,655,97499,-659.71,,,,,,,0,0,0,0,,,0,,
2054,STABILIZING,655,94883,-2905.09,,,,,,,0,0,0,0,,,0,,
3055,STABILIZING,654,95104,-2009.28,,,,,,,0,0,0,0,,,0,,
4056,STABILIZING,654,94238,-2221.48,,,,,,,0,0,0,0,,,0,,
5056,STABILIZING,653,96148,-16.29,,,,,,,0,0,0,0,,,0,,
6058,STABILIZING,654,93757,-2146.88,,,,,,,0,0,0,0,,,0,,
7058,STABILIZING,654,93955,-1473.84,,,,,,,0,0,0,0,,,0,,
8060,STABILIZING,655,94608,-461.88,,,,,,,0,0,0,0,,,0,,
9060,STABILIZING,654,98287,2546.85,,,,,,,0,0,0,0,,,0,,
10060,STABILIZING,654,100763,4156.97,,,,,,,0,0,0,0,,,0,,
11062,STABILIZING,655,100141,2635.72,,,,,,,0,0,0,0,,,0,,
12062,STABILIZING,654,100066,1991.99,,,,,,,0,0,0,0,,,0,,
13062,STABILIZING,655,99419,961.32,,,,,,,0,0,0,0,,,0,,
14063,STABILIZING,654,98907,254.41,,,,,,,0,0,0,0,,,0,,
15064,CALIBRATION,652,98664,16.88,,,,,,,0,0,0,0,,,0,,
16064,CALIBRATION,655,98014,-591.36,,,,,,,0,0,0,0,,,0,,
17066,CALIBRATION,655,98365,-175.04,,,,,,,0,0,0,0,,,0,,
18070,CALIBRATION,655,100211,1462.90,,,,,,,0,0,0,0,,,0,,
19070,CALIBRATION,655,99638,689.43,,,,,,,0,0,0,0,,,0,,
20107,CALIBRATION,654,99140,103.70,,,,,,,0,0,0,0,,,0,,
21108,CALIBRATION,653,99054,5.24,,,,,,,0,0,0,0,,,0,,
22109,CALIBRATION,654,99545,478.93,,,,,,,0,0,0,0,,,0,,
23111,CALIBRATION,654,98787,-291.46,,,,,,,0,0,0,0,,,0,,
24111,CALIBRATION,653,98764,-266.98,,,,,,,0,0,0,0,,,0,,
25111,CALIBRATION,652,99182,185.07,,,,,,,0,0,0,0,,,0,,
26112,CALIBRATION,654,97883,-988.51,,,,,,,0,0,0,0,,,0,,
27113,CALIBRATION,653,97959,-742.88,,,,,,,0,0,0,0,,,0,,
28117,CALIBRATION,653,98000,-514.12,,,,,,,0,0,0,0,,,0,,
29154,CALIBRATION,654,96836,-1356.30,,,,,,,0,0,0,0,,,0,,
30155,CALIBRATION,654,97716,-279.68,,,,,,,0,0,0,0,,,0,,
31156,CALIBRATION,653,95898,-1825.38,,,,,,,0,0,0,0,,,0,,
32156,CALIBRATION,651,96150,-1200.73,,,,,,,0,0,0,0,,,0,,
33157,CALIBRATION,654,98842,1396.77,,,,,,,0,0,0,0,,,0,,
34158,CALIBRATION,654,98957,1169.11,,,,,,,0,0,0,0,,,0,,
35159,CALIBRATION,654,99599,1414.79,,,,,,,0,0,0,0,,,0,,
36159,CALIBRATION,654,98705,302.31,,,,,,,0,0,0,0,,,0,,
37160,CALIBRATION,655,98482,43.99,,,,,,,0,0,0,0,,,0,,
38161,CALIBRATION,654,99961,1302.58,,,,,,,0,0,0,0,,,0,,
39161,CALIBRATION,654,99168,339.15,,,,,,,0,0,0,0,,,0,,
40162,CALIBRATION,654,99739,859.45,,,,,,,0,0,0,0,,,0,,
41165,CALIBRATION,653,98851,-133.87,,,,,,,0,0,0,0,,,0,,
42165,CALIBRATION,654,99426,418.91,,,,,,,0,0,0,0,,,0,,
43165,CALIBRATION,654,98352,-582.30,,,,,,,0,0,0,0,,,0,,
44166,CALIBRATION,653,97866,-917.49,,,,,,,0,0,0,0,,,0,,
45166,CALIBRATION,653,98287,-164.69,,,,,,,0,0,0,0,,,0,,
46167,CALIBRATION,655,98728,161.26,,,,,,,0,0,0,0,,,0,,
47168,CALIBRATION,653,98729,130.62,,,,,,,0,0,0,0,,,0,,
48169,CALIBRATION,654,97140,-1281.59,,,,,,,0,0,0,0,,,0,,
49170,CALIBRATION,654,99280,865.99,,,,,,,0,0,0,0,,,0,,
50170,CALIBRATION,654,99509,888.82,,,,,,,0,0,0,0,,,0,,
51171,CALIBRATION,654,99249,468.75,,,,,,,0,0,0,0,,,0,,
52171,CALIBRATION,654,99159,266.11,,,,,,,0,0,0,0,,,0,,
53172,CALIBRATION,654,99254,266.84,,,,,,,0,0,0,0,,,0,,
54172,CALIBRATION,653,99540,497.32,,,,,,,0,0,0,0,,,0,,
55175,CALIBRATION,655,99232,127.31,,,,,,,0,0,0,0,,,0,,
56214,CALIBRATION,655,99398,197.57,,,,,,,0,0,0,0,,,0,,
57215,CALIBRATION,655,99289,69.04,,,,,,,0,0,0,0,,,0,,
58218,CALIBRATION,655,99293,111.29,,,,,,,0,0,0,0,,,0,,
59256,CALIBRATION,654,97909,-1137.84,,,,,,,0,0,0,0,,,0,,
60258,CALIBRATION,653,99114,151.63,,,,,,,0,0,0,0,,,0,,
61258,CALIBRATION,654,99446,449.26,,,,,,,0,0,0,0,,,0,,
62262,CALIBRATION,656,98228,-705.81,,,,,,,0,0,0,0,,,0,,
63300,CALIBRATION,654,98624,-255.66,,,,,,,0,0,0,0,,,0,,
64300,CALIBRATION,655,99329,409.16,89,177.8,268.6,,,,0,0,0,0,,,0,,
65300,CALIBRATION,651,99219,265.55,86,173.8,241.0,,,,0,0,0,0,,,0,,
66301,CALIBRATION,653,98079,-808.33,83,151.5,204.9,,,,0,0,0,0,,,0,,
67302,CALIBRATION,653,97548,-1142.63,83,151.5,204.9,,,,0,0,0,0,,,0,,
68302,CALIBRATION,654,98900,371.77,83,151.5,204.9,,,,0,0,0,0,,,0,,
69303,CALIBRATION,656,99022,392.20,83,141.9,191.7,,,,0,0,0,0,,,0,,
70305,CALIBRATION,654,98575,-107.84,91,189.9,221.2,,,,0,0,0,0,,,0,,
71305,CALIBRATION,652,98637,16.65,91,189.9,221.2,,,,0,0,0,0,,,0,,
72306,CALIBRATION,655,98147,-413.80,91,189.9,221.2,,,,0,0,0,0,,,0,,
73306,CALIBRATION,654,99028,418.05,91,189.9,221.2,,,,0,0,0,0,,,0,,
74308,CALIBRATION,655,99285,520.37,91,189.9,221.2,,,,0,0,0,0,,,0,,
75348,REST,654,99692,779.52,91,189.9,221.2,,,,0,0,0,0,0.15,,0,,
76348,REST,656,99738,684.15,91,189.9,221.2,,,,0,0,0,0,0.15,,0,,
77349,REST,652,99102,-33.10,89,185.5,237.2,,,,0,0,0,0,-0.15,,3,-0.15,Rest
78350,REST,654,100041,770.97,88,181.1,227.1,,,,0,0,0,0,-0.07,,3,-0.07,Rest
79351,REST,656,100022,602.25,90,184.4,231.5,,,,0,0,0,0,-0.00,,3,-0.00,Rest
80352,REST,656,99478,0.95,91,183.0,231.0,,,,0,0,0,0,0.15,,3,0.15,Rest
81352,REST,654,98616,-780.41,90,180.6,224.4,,,,0,0,0,0,0.17,,3,0.17,Rest
82353,REST,653,98645,-626.60,90,180.6,224.4,,,,0,0,0,0,0.17,,3,0.17,Rest
83354,REST,655,99024,-147.42,90,180.6,224.4,,,,0,0,0,0,0.17,,3,0.17,Rest
84355,REST,655,99445,340.98,90,180.6,224.4,,,,0,0,0,0,0.17,,3,0.17,Rest
85355,REST,654,98550,-488.19,89,176.6,218.3,,,,0,0,0,0,0.26,,3,0.26,Rest
86356,REST,654,98811,-216.36,88,175.9,213.5,,,,0,0,0,0,0.22,,3,0.22,Rest
87357,REST,654,99057,22.16,87,174.9,208.1,,,,0,0,0,0,0.21,,3,0.21,Rest
88358,REST,656,99426,404.84,87,174.9,208.1,,,,0,0,0,0,0.21,,0,,
89359,REST,654,98706,-292.63,85,172.4,198.4,,,,0,0,0,0,0.21,,3,0.21,Rest
90359,REST,656,98878,-129.70,85,169.0,194.7,,,,0,0,0,0,0.29,,3,0.29,Rest
91361,REST,656,98983,-46.00,85,167.7,191.3,,,,0,0,0,0,0.29,,3,0.29,Rest
92362,REST,654,99228,191.78,84,166.3,187.4,,,,0,0,0,0,0.31,,3,0.31,Rest
93362,REST,656,98814,-139.24,84,163.9,184.0,,,,0,0,0,0,0.36,,3,0.36,Rest
94362,REST,656,98618,-264.14,84,163.9,184.0,,,,0,0,0,0,0.36,,3,0.36,Rest
95363,REST,449,98388,-435.94,83,161.0,180.7,,,,0,0,0,0,0.44,,3,0.44,Rest
96363,REST,396,98599,-127.21,83,158.8,177.6,,,,0,0,0,0,0.49,,3,0.49,Rest
97365,REST,493,98700,70.47,82,157.7,175.3,,,,0,0,0,0,0.48,,3,0.48,Rest
98365,REST,463,97156,-1385.26,82,158.2,162.5,,,,0,0,0,0,0.60,,3,0.60,Rest
99366,REST,471,96259,-1927.89,82,158.2,162.5,,,,0,0,0,0,0.60,,3,0.60,Rest
100366,REST,492,97032,-764.05,82,158.2,162.5,,,,0,0,0,0,0.60,,3,0.60,Rest
101367,REST,496,98460,685.67,82,158.2,162.5,,,,0,0,0,0,0.60,,3,0.60,Rest
102368,REST,424,96332,-1317.85,81,142.4,144.7,,,,0,0,0,0,0.97,,3,0.97,Rest
103369,REST,480,96669,-829.76,81,142.4,144.8,,,,0,0,0,0,0.96,,3,0.96,Rest
104370,REST,484,98517,924.07,80,143.5,145.3,,,,0,0,0,0,0.92,,3,0.92,Rest
105372,REST,517,99197,1439.48,81,143.2,146.9,,,,0,0,0,0,0.92,,3,0.92,Rest
106372,REST,515,99016,1002.03,80,146.2,125.0,,,,0,0,0,0,1.07,,3,1.07,Stress
107372,REST,485,98391,187.66,80,146.2,125.0,,,,0,0,0,0,1.07,,0,,
108373,REST,491,98434,137.09,80,146.2,125.0,,,,0,0,0,0,1.07,,0,,
109376,REST,652,98681,313.07,78,122.1,123.2,,,,0,0,0,0,1.36,,3,1.36,Stress
110414,REST,439,99108,689.42,77,105.2,103.7,,,,0,0,0,0,1.81,,3,1.81,Stress
111415,REST,464,98866,303.53,77,105.2,103.5,404.2,193.1,14.0,7,0,1,0,1.82,78.39,6,40.10,Stress
112417,REST,557,98999,325.48,77,105.1,79.0,404.2,193.1,14.0,7,0,1,0,2.13,78.39,6,40.26,Stress
113417,REST,457,98883,139.40,75,76.5,78.7,404.2,193.1,14.0,7,0,1,0,2.54,78.39,6,40.46,Stress
114417,REST,490,98014,-604.99,74,36.8,52.1,404.2,193.1,14.0,7,0,1,0,3.51,78.39,6,40.95,Stress
115418,REST,617,96994,-1360.30,74,36.8,52.1,404.2,193.1,14.0,7,0,1,0,3.51,78.39,6,40.95,Stress
116419,REST,651,97560,-607.98,74,36.8,52.1,404.2,193.1,14.0,7,0,1,0,3.51,78.39,6,40.95,Stress
117420,REST,614,98513,346.05,74,36.8,52.1,404.2,193.1,14.0,7,0,1,0,3.51,78.39,6,40.95,Stress
118420,REST,453,98906,707.91,74,35.7,52.1,404.2,193.1,14.0,7,0,1,0,3.52,78.39,6,40.95,Stress
119421,REST,420,98916,537.42,74,35.4,51.8,404.2,193.1,14.0,7,0,1,0,3.50,78.39,6,40.94,Stress
120422,REST,416,98562,-6.17,74,35.1,51.9,404.2,193.1,14.0,7,0,1,0,3.51,78.39,6,40.95,Stress
121423,REST,600,98840,240.18,74,35.1,52.5,404.2,193.1,14.0,7,0,1,0,3.51,78.39,6,40.95,Stress
122423,REST,572,99106,464.06,74,34.8,53.0,404.2,193.1,14.0,7,0,1,0,3.52,78.39,6,40.95,Stress
123428,REST,578,98155,-466.85,74,33.5,49.4,404.2,193.1,14.0,7,0,1,0,3.58,78.39,6,40.98,Stress
124465,REST,448,98090,-456.00,74,34.4,51.5,404.2,193.1,14.0,7,0,1,0,3.56,78.39,6,40.97,Stress
125466,REST,650,98466,-29.02,74,34.4,53.0,404.2,193.1,14.0,7,0,1,0,3.54,78.39,6,40.96,Stress
126466,REST,655,99031,538.98,74,34.4,53.0,404.2,193.1,14.0,7,0,1,0,3.54,78.39,6,40.96,Stress
127467,REST,656,99187,618.97,74,33.4,52.3,404.2,193.1,14.0,7,0,1,0,3.54,78.39,6,40.96,Stress
128468,REST,417,98568,-161.62,75,88.8,102.0,404.2,193.1,14.0,7,0,1,0,1.99,78.39,3,78.39,Stress
129469,REST,408,98471,-224.54,75,88.8,102.0,404.2,193.1,14.0,7,0,1,0,1.99,78.39,3,78.39,Stress
130470,REST,421,99270,593.10,75,88.8,102.0,404.2,193.1,14.0,7,0,1,0,1.99,78.39,3,78.39,Stress
131471,REST,462,98788,59.22,75,89.2,136.2,404.2,193.1,14.0,7,0,1,0,1.51,78.39,6,39.95,Stress
132471,REST,426,97875,-787.05,75,89.2,136.0,404.2,193.1,14.0,7,0,1,0,1.52,78.39,6,39.95,Stress
133472,REST,425,98817,125.24,75,88.7,135.7,404.2,193.1,14.0,7,0,1,0,1.51,78.39,6,39.95,Stress
134475,REST,445,98743,41.27,76,89.4,133.7,404.2,193.1,14.0,7,0,1,0,1.61,78.39,6,40.00,Stress
135514,REST,449,97883,-694.62,76,90.2,132.9,404.2,193.1,14.0,7,0,1,0,1.62,78.39,6,40.00,Stress
136515,REST,397,98294,-207.40,76,89.7,133.6,404.2,193.1,14.0,7,0,1,0,1.63,78.39,6,40.01,Stress
137516,REST,408,99276,769.32,76,89.7,133.6,404.2,193.1,14.0,7,0,1,0,1.63,78.39,6,40.01,Stress
138516,REST,402,99147,472.15,77,88.3,133.7,404.2,193.1,14.0,7,0,1,0,1.70,78.39,6,40.04,Stress
139518,REST,407,99339,485.23,78,116.7,156.8,404.2,193.1,14.0,7,0,1,0,1.03,78.39,6,39.71,Stress
140518,REST,430,99901,922.28,79,130.9,157.5,404.2,193.1,14.0,7,0,1,0,0.88,78.39,6,39.63,Stress
141520,REST,578,100096,941.36,79,130.9,171.3,404.2,193.1,14.0,7,0,1,0,0.70,78.39,3,78.39,Stress
142559,REST,590,99241,-11.42,79,130.9,171.3,404.2,193.1,14.0,7,0,1,0,0.70,78.39,3,78.39,Stress
143560,REST,615,99060,-216.11,79,130.9,171.3,404.2,193.1,14.0,7,0,1,0,0.70,78.39,3,78.39,Stress
144561,REST,520,99259,-20.09,79,130.9,171.3,404.2,193.1,14.0,7,0,1,0,0.70,78.39,3,78.39,Stress
145561,REST,595,99833,591.75,79,130.9,171.3,404.2,193.1,14.0,7,0,1,0,0.70,78.39,3,78.39,Stress
146561,REST,576,98585,-680.20,79,130.9,171.3,404.2,193.1,14.0,7,0,1,0,0.70,78.39,3,78.39,Stress
147563,REST,560,98629,-527.52,79,130.9,171.3,518.8,167.7,24.0,12,0,1,0,0.70,109.81,3,109.81,Stress
148564,REST,533,98853,-222.52,79,130.9,171.3,518.8,167.7,24.0,12,0,1,0,0.70,109.81,3,109.81,Stress
149564,REST,516,99198,118.98,79,130.9,171.3,518.8,167.7,24.0,12,0,1,0,0.70,109.81,3,109.81,Stress
150566,REST,628,99004,-57.53,79,131.6,171.4,518.8,167.7,24.0,12,0,1,0,0.67,109.81,6,55.24,Stress
151566,REST,616,99245,131.53,79,131.6,171.4,518.8,167.7,24.0,12,0,1,0,0.67,109.81,6,55.24,Stress
152566,REST,628,99395,237.24,79,131.5,171.4,518.8,167.7,24.0,12,0,1,0,0.67,109.81,6,55.24,Stress
153567,REST,635,99700,485.49,79,133.3,171.2,518.8,167.7,24.0,12,0,1,0,0.61,109.81,6,55.21,Stress
154570,REST,595,99498,260.11,79,133.6,170.8,518.8,167.7,24.0,12,0,1,0,0.59,109.81,6,55.20,Stress
155609,REST,561,98895,-293.44,79,134.2,170.6,518.8,167.7,24.0,12,0,1,0,0.57,109.81,6,55.19,Stress
156610,REST,567,99754,513.96,79,133.4,171.1,518.8,167.7,24.0,12,0,1,0,0.61,109.81,6,55.21,Stress
157610,REST,596,100403,988.52,79,133.2,171.1,518.8,167.7,24.0,12,0,1,0,0.63,109.81,6,55.22,Stress
158611,REST,591,99314,-194.20,82,159.9,185.9,518.8,167.7,24.0,12,0,1,0,0.25,109.81,6,55.03,Stress
159612,REST,558,99136,-357.77,82,158.7,194.7,518.8,167.7,24.0,12,0,1,0,0.19,109.81,6,55.00,Stress
160612,REST,553,98980,-408.20,83,158.2,194.7,518.8,167.7,24.0,12,0,1,0,0.21,109.81,6,55.01,Stress
161613,REST,548,98875,-377.62,83,158.2,194.7,518.8,167.7,24.0,12,0,1,0,0.21,109.81,6,55.01,Stress
162614,REST,546,98128,-963.30,83,158.2,194.7,518.8,167.7,24.0,12,0,1,0,0.21,109.81,6,55.01,Stress
163615,REST,555,98415,-554.61,83,158.2,194.7,518.8,167.7,24.0,12,0,1,0,0.21,109.81,6,55.01,Stress
164619,REST,565,98668,-209.57,83,158.2,194.7,518.8,167.7,24.0,12,0,1,0,0.21,109.81,6,55.01,Stress
165656,REST,544,98897,91.67,83,158.2,194.7,518.8,167.7,24.0,12,0,1,0,0.21,109.81,6,55.01,Stress
166657,REST,545,98172,-569.48,83,158.2,194.7,518.8,167.7,24.0,12,0,1,0,0.21,109.81,3,109.81,Stress
167658,REST,582,99656,900.96,83,158.2,194.7,518.8,167.7,24.0,12,0,1,0,0.21,109.81,3,109.81,Stress
168659,REST,593,99838,798.98,83,158.2,194.7,518.8,167.7,24.0,12,0,1,0,0.21,109.81,3,109.81,Stress
169659,REST,576,99702,510.24,83,158.2,194.7,518.8,167.7,24.0,12,0,1,0,0.21,109.81,3,109.81,Stress
170664,REST,579,99342,131.41,83,158.2,194.7,518.8,167.7,24.0,12,0,1,0,0.21,109.81,3,109.81,Stress
171701,REST,590,98547,-593.12,83,158.2,194.7,518.8,167.7,24.0,12,0,1,0,0.21,109.81,3,109.81,Stress
172702,REST,583,98362,-646.96,83,158.2,194.7,518.8,167.7,24.0,12,0,1,0,0.21,109.81,3,109.81,Stress
173702,REST,573,98266,-505.09,83,158.2,194.7,518.8,167.7,24.0,12,0,1,0,0.21,109.81,3,109.81,Stress
174703,REST,585,96616,-1864.61,83,158.2,194.7,518.8,167.7,24.0,12,0,1,0,0.21,109.81,3,109.81,Stress
175704,REST,561,96446,-1635.86,83,158.2,194.7,518.8,167.7,24.0,12,0,1,0,0.21,109.81,3,109.81,Stress
176705,REST,556,97171,-636.15,83,158.2,194.7,518.8,167.7,24.0,12,0,1,0,0.21,109.81,3,109.81,Stress
177705,REST,550,97009,-527.75,83,158.2,194.7,518.8,167.7,24.0,12,0,1,0,0.21,109.81,3,109.81,Stress
178706,REST,556,96220,-1057.81,83,158.2,194.7,518.8,167.7,24.0,12,0,1,0,0.21,109.81,3,109.81,Stress
179708,REST,548,96742,-374.63,83,158.2,194.7,518.8,167.7,24.0,12,0,1,0,0.21,109.81,3,109.81,Stress
180709,REST,579,96417,-579.13,83,158.2,194.7,518.8,167.7,24.0,12,0,1,0,0.21,109.81,3,109.81,Stress
181748,REST,561,96675,-245.91,83,158.2,194.7,518.8,167.7,24.0,12,0,1,0,0.21,109.81,3,109.81,Stress
182750,REST,580,97434,493.89,83,158.2,194.7,518.8,167.7,24.0,12,0,1,0,0.21,109.81,3,109.81,Stress
183751,REST,655,97847,788.72,83,158.2,194.7,467.2,90.3,34.0,17,0,1,0,0.21,68.48,3,68.48,Stress
184751,REST,655,96700,-475.87,83,158.2,194.7,467.2,90.3,34.0,17,0,1,0,0.21,68.48,3,68.48,Stress
185753,REST,656,96794,-362.10,83,158.2,194.7,467.2,90.3,34.0,17,0,1,0,0.21,68.48,3,68.48,Stress
186753,REST,654,97741,562.52,83,158.2,194.7,467.2,90.3,34.0,17,0,1,0,0.21,68.48,6,34.35,Stress
187754,REST,656,97094,-158.10,81,141.1,148.8,467.2,90.3,34.0,17,0,1,0,1.02,68.48,6,34.75,Stress
188757,REST,655,96560,-664.46,82,139.8,148.0,467.2,90.3,34.0,17,0,1,0,1.09,68.48,6,34.78,Stress
189795,REST,656,97266,119.72,82,139.8,147.8,467.2,90.3,34.0,17,0,1,0,1.09,68.48,6,34.79,Stress
190795,REST,656,96808,-232.84,82,139.8,147.3,467.2,90.3,34.0,17,0,1,0,1.10,68.48,6,34.79,Stress
191796,REST,655,96233,-644.42,81,139.9,147.4,467.2,90.3,34.0,17,0,1,0,1.08,68.48,6,34.78,Stress
192799,REST,654,95752,-1023.88,81,139.9,147.4,467.2,90.3,34.0,17,0,1,0,1.06,68.48,6,34.77,Stress
193837,REST,656,97015,368.28,81,139.9,147.4,467.2,90.3,34.0,17,0,1,0,1.06,68.48,6,34.77,Stress
194840,REST,657,95475,-1022.63,81,139.9,147.4,467.2,90.3,34.0,17,0,1,0,1.06,68.48,6,34.77,Stress
195841,REST,656,95580,-885.95,81,139.9,147.4,467.2,90.3,34.0,17,0,1,0,1.06,68.48,6,34.77,Stress
196841,REST,655,97503,1068.04,82,140.6,148.2,467.2,90.3,34.0,17,0,1,0,1.09,68.48,6,34.78,Stress
197842,REST,655,94891,-1435.90,82,140.6,148.7,467.2,90.3,34.0,17,0,1,0,1.09,68.48,6,34.79,Stress
198842,REST,657,96781,423.58,82,140.6,125.0,467.2,90.3,34.0,17,0,1,0,1.41,68.48,6,34.94,Stress
199842,REST,657,97292,828.88,80,122.2,124.1,467.2,90.3,34.0,17,0,1,0,1.60,68.48,6,35.04,Stress
200846,REST,654,96733,165.41,79,107.6,104.8,467.2,90.3,34.0,17,0,1,0,2.01,68.48,6,35.24,Stress
201884,REST,657,97064,384.80,79,106.5,104.8,467.2,90.3,34.0,17,0,1,0,2.06,68.48,6,35.27,Stress
202885,REST,656,97642,827.27,81,131.2,132.8,467.2,90.3,34.0,17,0,1,0,1.44,68.48,6,34.96,Stress
203885,REST,656,97177,198.46,84,140.1,146.1,467.2,90.3,34.0,17,0,1,0,1.34,68.48,6,34.91,Stress
204889,REST,656,99247,1981.16,84,138.4,146.3,467.2,90.3,34.0,17,0,1,0,1.40,68.48,6,34.94,Stress
205927,REST,657,98776,1094.29,85,136.3,145.7,467.2,90.3,34.0,17,0,1,0,1.50,68.48,6,34.99,Stress
206927,REST,656,97534,-229.73,85,136.0,145.7,467.2,90.3,34.0,17,0,1,0,1.52,68.48,6,35.00,Stress
207928,REST,656,97704,-12.26,85,136.0,145.7,467.2,90.3,34.0,17,0,1,0,1.52,68.48,3,68.48,Stress
208930,REST,656,96533,-1100.02,85,136.0,145.7,467.2,90.3,34.0,17,0,1,0,1.52,68.48,3,68.48,Stress
209930,REST,658,96827,-612.90,85,136.0,145.7,467.2,90.3,34.0,17,0,1,0,1.52,68.48,3,68.48,Stress
210930,REST,655,98147,647.38,85,136.0,145.7,467.2,90.3,34.0,17,0,1,0,1.52,68.48,3,68.48,Stress
211931,REST,657,96604,-842.46,85,136.7,126.2,467.2,90.3,34.0,17,0,1,0,1.75,68.48,6,35.12,Stress
212932,REST,655,97490,92.10,83,119.9,125.4,467.2,90.3,34.0,17,0,1,0,1.91,68.48,6,35.19,Stress
213932,REST,656,95900,-1316.74,82,109.0,113.4,467.2,90.3,34.0,17,0,1,0,2.20,68.48,6,35.34,Stress
214933,REST,656,94701,-2042.48,82,109.0,113.4,467.2,90.3,34.0,17,0,1,0,2.20,68.48,6,35.34,Stress
215934,REST,656,95051,-1376.20,82,109.0,113.4,467.2,90.3,34.0,17,0,1,0,2.20,68.48,6,35.34,Stress
216935,REST,658,96156,-21.23,82,109.0,113.4,467.2,90.3,34.0,17,0,1,0,2.20,68.48,6,35.34,Stress
217936,REST,656,93886,-2063.74,82,109.0,113.4,467.2,90.3,34.0,17,0,1,0,2.20,68.48,6,35.34,Stress
218936,REST,656,94682,-990.75,82,109.0,113.4,467.2,90.3,34.0,17,0,1,0,2.20,68.48,6,35.34,Stress
219937,REST,656,95147,-376.59,82,109.0,113.4,388.3,0.0,0.0,0,0,0,0,2.20,19.45,4,6.51,Stress
220938,REST,655,95293,-75.70,82,109.0,113.4,388.3,0.0,0.0,0,0,0,0,2.20,19.45,4,6.51,Stress
221939,REST,655,94435,-726.31,82,109.0,113.4,388.3,0.0,0.0,0,0,0,0,2.20,19.45,4,6.51,Stress
222940,REST,656,96299,1213.89,82,109.0,113.4,388.3,0.0,0.0,0,0,0,0,2.20,19.45,4,6.51,Stress
223940,REST,656,95816,671.42,84,132.0,127.9,388.3,0.0,0.0,0,0,0,0,1.75,19.45,4,6.17,Stress
224941,REST,654,94975,-172.53,84,130.9,148.9,388.3,0.0,0.0,0,0,0,0,1.52,19.45,4,6.00,Stress
225942,REST,655,95495,270.22,84,131.6,149.3,388.3,0.0,0.0,0,0,0,0,1.49,19.45,4,5.98,Stress
226944,REST,654,96469,1096.04,84,131.6,149.5,388.3,0.0,0.0,0,0,0,0,1.48,19.45,4,5.98,Stress
227946,REST,656,95583,182.87,84,133.0,149.5,388.3,0.0,0.0,0,0,0,0,1.42,19.45,4,5.93,Stress
228985,REST,656,95099,-329.98,84,132.0,150.2,388.3,0.0,0.0,0,0,0,0,1.47,19.45,4,5.96,Stress
229987,REST,656,96691,1190.91,84,131.4,150.3,388.3,0.0,0.0,0,0,0,0,1.50,19.45,4,5.98,Stress
230987,REST,656,97556,1494.88,85,132.4,153.3,388.3,0.0,0.0,0,0,0,0,1.47,19.45,4,5.96,Stress
231988,REST,655,97098,680.14,85,132.3,153.1,388.3,0.0,0.0,0,0,0,0,1.47,19.45,4,5.97,Stress
232988,REST,655,96090,-309.59,84,131.8,153.1,388.3,0.0,0.0,0,0,0,0,1.47,19.45,4,5.96,Stress
233989,REST,656,95254,-980.45,84,131.8,153.1,388.3,0.0,0.0,0,0,0,0,1.47,19.45,4,5.96,Stress
234989,REST,656,95505,-499.61,84,131.8,153.1,388.3,0.0,0.0,0,0,0,0,1.47,19.45,4,5.96,Stress
235990,REST,657,96001,118.48,84,131.8,153.1,388.3,0.0,0.0,0,0,0,0,1.47,19.45,4,5.96,Stress
236993,REST,656,94206,-1437.87,84,131.8,153.1,388.3,0.0,0.0,0,0,0,0,1.47,19.45,4,5.96,Stress
238033,REST,657,94641,-712.73,84,131.8,153.1,388.3,0.0,0.0,0,0,0,0,1.47,19.45,4,5.96,Stress
239035,REST,655,95579,368.93,84,131.8,153.1,388.3,0.0,0.0,0,0,0,0,1.47,19.45,4,5.96,Stress
240074,REST,656,95198,57.52,85,136.3,155.3,388.3,0.0,0.0,0,0,0,0,1.44,19.45,1,,
241074,REST,655,94190,-878.23,85,136.3,155.3,388.3,0.0,0.0,0,0,0,0,1.44,19.45,1,,
242076,REST,657,96053,976.76,85,136.3,155.3,388.3,0.0,0.0,0,0,0,0,1.44,19.45,1,,
243076,REST,658,96121,853.58,85,136.3,155.3,388.3,0.0,0.0,0,0,0,0,1.44,19.45,1,,
244076,REST,657,93361,-1705.63,85,136.3,155.3,388.3,0.0,0.0,0,0,0,0,1.44,19.45,1,,
245078,REST,654,94334,-515.06,85,136.3,155.3,388.3,0.0,0.0,0,0,0,0,1.44,19.45,1,,
246079,REST,657,94811,49.92,85,136.3,155.3,388.3,0.0,0.0,0,0,0,0,1.44,19.45,1,,
247081,REST,655,92977,-1560.15,85,136.3,155.3,388.3,0.0,0.0,0,0,0,0,1.44,19.45,1,,
248123,REST,655,93306,-1000.11,85,136.3,155.3,388.3,0.0,0.0,0,0,0,0,1.44,19.45,1,,
249160,REST,657,92911,-1062.38,85,136.3,155.3,388.3,0.0,0.0,0,0,0,0,1.44,19.45,1,,
250162,REST,657,97642,3167.15,85,136.3,155.3,388.3,0.0,0.0,0,0,0,0,1.44,19.45,1,,
251164,REST,657,98088,2837.55,85,136.3,155.3,388.3,0.0,0.0,0,0,0,0,1.44,19.45,1,,
252204,REST,656,94904,-584.95,85,136.3,155.3,388.3,0.0,0.0,0,0,0,0,1.44,19.45,1,,
253204,REST,657,99815,3719.33,85,136.3,155.3,388.3,0.0,0.0,0,0,0,0,1.44,19.45,1,,
254204,REST,656,99973,3047.08,85,136.3,155.3,388.3,0.0,0.0,0,0,0,0,1.44,19.45,1,,
255205,REST,656,98378,944.20,86,135.2,158.2,388.3,0.0,0.0,0,0,0,0,1.47,19.45,4,5.97,Stress
256206,REST,657,98883,1183.09,89,158.5,167.0,367.0,0.0,0.0,0,0,0,0,1.30,-1.88,4,0.51,Rest
257207,REST,654,98290,376.52,89,158.5,167.0,367.0,0.0,0.0,0,0,0,0,1.30,-1.88,1,,
258207,REST,658,98337,307.41,89,158.5,167.0,367.0,0.0,0.0,0,0,0,0,1.30,-1.88,1,,
259208,REST,655,98652,512.97,89,158.5,167.0,367.0,0.0,0.0,0,0,0,0,1.30,-1.88,1,,
260210,REST,656,97926,-187.86,89,158.5,167.0,367.0,0.0,0.0,0,0,0,0,1.30,-1.88,1,,
261210,REST,655,98517,432.42,90,156.6,179.7,367.0,0.0,0.0,0,0,0,0,1.23,-1.88,4,0.45,Rest
262212,REST,656,97987,-103.93,89,158.5,161.3,367.0,0.0,0.0,0,0,0,0,1.40,-1.88,4,0.58,Rest
263251,REST,656,97937,-157.81,87,145.5,160.6,367.0,0.0,0.0,0,0,0,0,1.43,-1.88,4,0.60,Rest
264252,REST,656,100829,2393.59,85,148.9,155.7,367.0,0.0,0.0,0,0,0,0,1.14,-1.88,4,0.39,Rest
265253,REST,657,98975,188.92,85,148.9,155.7,367.0,0.0,0.0,0,0,0,0,1.14,-1.88,1,,
266253,REST,657,98817,-36.98,85,148.9,155.7,367.0,0.0,0.0,0,0,0,0,1.14,-1.88,1,,
267254,REST,655,98995,170.33,85,148.9,155.7,367.0,0.0,0.0,0,0,0,0,1.14,-1.88,1,,
268255,REST,657,96122,-2388.70,85,148.9,155.7,367.0,0.0,0.0,0,0,0,0,1.14,-1.88,1,,
269256,REST,656,96978,-1054.80,85,148.9,155.7,367.0,0.0,0.0,0,0,0,0,1.14,-1.88,1,,
270256,REST,656,96709,-1070.80,85,148.9,155.7,367.0,0.0,0.0,0,0,0,0,1.14,-1.88,1,,
271257,REST,656,97258,-437.66,85,148.9,155.7,367.0,0.0,0.0,0,0,0,0,1.14,-1.88,1,,
272258,REST,657,98191,476.15,85,148.9,155.7,367.0,0.0,0.0,0,0,0,0,1.14,-1.88,1,,
273258,REST,657,96947,-746.35,85,148.9,155.7,367.0,0.0,0.0,0,0,0,0,1.14,-1.88,1,,
274260,REST,658,96724,-817.87,85,148.9,155.7,367.0,0.0,0.0,0,0,0,0,1.14,-1.88,1,,
275261,REST,656,97743,164.83,85,148.9,155.7,367.0,0.0,0.0,0,0,0,0,1.14,-1.88,1,,
276261,REST,657,98151,566.37,85,149.2,164.0,367.0,0.0,0.0,0,0,0,0,1.01,-1.88,4,0.29,Rest
277262,REST,657,96211,-1246.55,84,150.1,164.3,367.0,0.0,0.0,0,0,0,0,0.97,-1.88,4,0.25,Rest
278263,REST,655,96929,-394.08,84,150.1,164.3,367.0,0.0,0.0,0,0,0,0,0.97,-1.88,4,0.25,Rest
279263,REST,656,97619,323.00,84,150.1,164.5,367.0,0.0,0.0,0,0,0,0,0.96,-1.88,4,0.25,Rest
280264,REST,658,97154,-104.84,84,151.8,163.9,367.0,0.0,0.0,0,0,0,0,0.87,-1.88,4,0.18,Rest
281264,REST,655,96801,-462.23,84,151.8,163.8,367.0,0.0,0.0,0,0,0,0,0.87,-1.88,4,0.18,Rest
282264,REST,657,96931,-292.15,84,152.3,162.2,367.0,0.0,0.0,0,0,0,0,0.87,-1.88,4,0.18,Rest
283266,REST,658,97639,475.23,83,151.8,151.1,367.0,0.0,0.0,0,0,0,0,0.98,-1.88,4,0.26,Rest
284266,REST,657,95788,-1349.53,81,132.0,130.2,367.0,0.0,0.0,0,0,0,0,1.43,-1.88,4,0.60,Rest
285267,REST,657,95993,-859.22,81,132.0,130.2,367.0,0.0,0.0,0,0,0,0,1.43,-1.88,4,0.60,Rest
286268,REST,657,97493,689.78,79,184.2,176.2,367.0,0.0,0.0,0,0,0,0,-0.44,-1.88,4,-0.80,Rest
287268,REST,656,95699,-1040.80,79,184.1,217.1,367.0,0.0,0.0,0,0,0,0,-0.97,-1.88,4,-1.20,Rest
288269,REST,657,97318,581.98,79,184.1,217.2,367.0,0.0,0.0,0,0,0,0,-0.94,-1.88,4,-1.18,Rest
289269,REST,656,96808,-20.55,80,184.8,216.7,367.0,0.0,0.0,0,0,0,0,-0.89,-1.88,4,-1.14,Rest
290271,REST,656,96971,93.82,80,184.9,216.7,367.0,0.0,0.0,0,0,0,0,-0.88,-1.88,4,-1.13,Rest
291271,REST,656,97523,580.38,80,184.8,214.7,367.0,0.0,0.0,0,0,0,0,-0.82,-1.88,4,-1.08,Rest
292272,REST,656,96764,-219.80,80,183.8,213.3,366.7,0.0,0.0,0,0,0,0,-0.84,-2.16,4,-1.17,Rest
293272,REST,656,96974,-8.05,79,183.3,211.3,366.7,0.0,0.0,0,0,0,0,-0.83,-2.16,4,-1.17,Rest
294276,REST,658,97698,631.56,78,177.7,209.1,366.7,0.0,0.0,0,0,0,0,-0.79,-2.16,4,-1.13,Rest
295314,REST,656,97246,90.90,77,162.8,202.1,366.7,0.0,0.0,0,0,0,0,-0.59,-2.16,4,-0.98,Rest
296315,REST,656,96799,-355.87,76,139.2,191.4,366.7,0.0,0.0,0,0,0,0,-0.12,-2.16,4,-0.63,Rest
297315,REST,657,97731,575.30,75,137.8,192.4,366.7,0.0,0.0,0,0,0,0,-0.17,-2.16,4,-0.66,Rest
298316,REST,658,97489,261.51,76,139.6,193.6,366.7,0.0,0.0,0,0,0,0,-0.16,-2.16,4,-0.66,Rest
299317,REST,657,96140,-939.66,76,139.9,190.7,366.7,0.0,0.0,0,0,0,0,-0.14,-2.16,4,-0.65,Rest
300317,REST,656,97706,648.32,76,132.0,183.7,366.7,0.0,0.0,0,0,0,0,0.19,-2.16,4,-0.40,Rest
301318,REST,657,97900,735.34,76,132.0,183.5,366.7,0.0,0.0,0,0,0,0,0.19,-2.16,4,-0.40,Rest
302320,REST,657,97129,-64.38,76,132.2,183.4,366.7,0.0,0.0,0,0,0,0,0.16,-2.16,4,-0.42,Rest
303320,REST,656,96559,-585.98,76,132.3,184.0,366.7,0.0,0.0,0,0,0,0,0.17,-2.16,4,-0.42,Rest
304320,REST,656,97372,234.14,76,132.3,184.2,366.7,0.0,0.0,0,0,0,0,0.16,-2.16,4,-0.42,Rest
305321,REST,657,97801,637.21,76,132.3,184.2,366.7,0.0,0.0,0,0,0,0,0.16,-2.16,4,-0.42,Rest
306322,REST,658,96497,-702.77,76,132.3,184.4,366.7,0.0,0.0,0,0,0,0,0.16,-2.16,4,-0.42,Rest
307323,REST,656,96151,-937.53,76,132.2,184.2,366.7,0.0,0.0,0,0,0,0,0.15,-2.16,4,-0.43,Rest
308323,REST,656,96984,32.48,76,132.2,140.4,366.7,0.0,0.0,0,0,0,0,0.74,-2.16,4,0.01,Rest
309324,REST,657,97581,537.37,78,48.1,61.4,366.7,0.0,0.0,0,0,0,0,3.63,-2.16,4,2.18,Stress
310325,REST,655,96289,-743.21,78,48.8,60.9,366.7,0.0,0.0,0,0,0,0,3.64,-2.16,4,2.19,Stress
311325,REST,656,96606,-305.65,78,48.0,60.9,366.7,0.0,0.0,0,0,0,0,3.64,-2.16,4,2.19,Stress
312326,REST,656,97127,274.87,78,42.2,60.5,366.7,0.0,0.0,0,0,0,0,3.69,-2.16,4,2.23,Stress
313327,REST,658,95597,-1124.77,78,41.1,60.5,366.7,0.0,0.0,0,0,0,0,3.70,-2.16,4,2.23,Stress
314329,REST,658,96095,-487.37,78,40.0,60.0,366.7,0.0,0.0,0,0,0,0,3.71,-2.16,4,2.24,Stress
315368,REST,656,97177,623.70,78,39.8,59.1,366.7,0.0,0.0,0,0,0,0,3.74,-2.16,4,2.27,Stress
316369,REST,655,95706,-771.48,78,40.1,59.6,366.7,0.0,0.0,0,0,0,0,3.72,-2.16,4,2.25,Stress
317370,REST,657,96520,87.00,78,40.1,59.6,366.7,0.0,0.0,0,0,0,0,3.72,-2.16,4,2.25,Stress
318371,REST,655,96295,-134.18,78,39.8,59.1,366.7,0.0,0.0,0,0,0,0,3.74,-2.16,4,2.27,Stress
319371,REST,655,95732,-470.83,78,39.8,59.1,366.7,0.0,0.0,0,0,0,0,3.74,-2.16,1,,
320372,REST,656,96841,582.27,78,39.8,57.2,366.7,0.0,0.0,0,0,0,0,3.77,-2.16,4,2.29,Stress
321373,REST,656,97184,782.16,78,39.8,57.2,366.7,0.0,0.0,0,0,0,0,3.77,-2.16,1,,
322374,REST,658,96450,-23.53,78,33.6,46.2,366.7,0.0,0.0,0,0,0,0,4.03,-2.16,4,2.48,Stress
323377,REST,656,96680,127.06,78,33.6,43.9,366.7,0.0,0.0,0,0,0,0,4.06,-2.16,4,2.51,Stress
324416,REST,657,97462,776.88,77,29.0,32.6,366.7,0.0,0.0,0,0,0,0,4.26,-2.16,4,2.65,Stress
325416,REST,658,96914,115.29,78,26.4,32.4,366.7,0.0,0.0,0,0,0,0,4.34,-2.16,4,2.71,Stress
326417,REST,656,96383,-436.76,77,28.9,32.4,366.7,0.0,0.0,0,0,0,0,4.26,-2.16,4,2.66,Stress
327419,REST,656,96644,-114.56,77,28.7,34.9,366.7,0.0,0.0,0,0,0,0,4.25,-2.16,4,2.64,Stress
328419,REST,657,96880,200.31,78,26.0,31.5,366.5,0.0,0.0,0,0,0,0,4.37,-2.41,4,2.68,Stress
329419,REST,656,95592,-1017.50,77,28.8,32.3,366.5,0.0,0.0,0,0,0,0,4.28,-2.41,4,2.61,Stress
330422,REST,658,95860,-622.36,78,28.5,34.9,366.5,0.0,0.0,0,0,0,0,4.27,-2.41,4,2.60,Stress
331461,REST,655,96359,-33.50,77,30.9,37.2,366.5,0.0,0.0,0,0,0,0,4.16,-2.41,4,2.52,Stress
332461,REST,656,96920,552.98,77,30.9,37.9,366.5,0.0,0.0,0,0,0,0,4.15,-2.41,4,2.51,Stress
333461,REST,656,95497,-771.06,78,32.1,40.6,366.5,0.0,0.0,0,0,0,0,4.12,-2.41,4,2.49,Stress
334463,REST,658,95586,-598.23,78,31.8,38.4,366.5,0.0,0.0,0,0,0,0,4.17,-2.41,4,2.53,Stress
335465,REST,656,96364,306.16,77,30.5,39.1,366.5,0.0,0.0,0,0,0,0,4.16,-2.41,4,2.52,Stress
336466,REST,656,94910,-1097.34,77,30.8,41.3,366.5,0.0,0.0,0,0,0,0,4.11,-2.41,4,2.48,Stress
337505,REST,657,94834,-975.76,77,30.8,41.3,366.5,0.0,0.0,0,0,0,0,4.11,-2.41,4,2.48,Stress
338507,REST,656,95613,-130.27,77,30.8,41.3,366.5,0.0,0.0,0,0,0,0,4.11,-2.41,4,2.48,Stress
339546,REST,657,94113,-1458.70,77,30.8,41.3,366.5,0.0,0.0,0,0,0,0,4.11,-2.41,4,2.48,Stress
340546,REST,656,94316,-1059.27,77,31.0,44.0,366.5,0.0,0.0,0,0,0,0,4.05,-2.41,4,2.44,Stress
341548,REST,659,95095,-116.82,77,31.0,44.0,366.5,0.0,0.0,0,0,0,0,4.05,-2.41,4,2.44,Stress
342549,REST,656,95169,71.91,77,31.0,44.0,366.5,0.0,0.0,0,0,0,0,4.05,-2.41,4,2.44,Stress
343549,REST,657,92763,-1888.38,77,31.0,44.0,366.5,0.0,0.0,0,0,0,0,4.05,-2.41,4,2.44,Stress
344553,REST,658,94886,293.95,77,31.0,44.0,366.5,0.0,0.0,0,0,0,0,4.05,-2.41,4,2.44,Stress
345591,REST,658,93569,-835.52,77,31.1,44.8,366.5,0.0,0.0,0,0,0,0,4.04,-2.41,4,2.43,Stress
346593,REST,656,93208,-969.30,77,31.1,44.8,366.5,0.0,0.0,0,0,0,0,4.04,-2.41,4,2.43,Stress
347595,REST,657,97741,3111.68,77,32.9,47.4,366.5,0.0,0.0,0,0,0,0,3.95,-2.41,4,2.36,Stress
348632,REST,657,97213,1946.61,77,37.4,55.8,366.5,0.0,0.0,0,0,0,0,3.77,-2.41,1,,
349633,REST,655,97028,1468.27,77,37.4,55.8,366.5,0.0,0.0,0,0,0,0,3.77,-2.41,1,,
350635,REST,654,97277,1524.99,77,37.4,55.8,366.5,0.0,0.0,0,0,0,0,3.77,-2.41,1,,
351674,REST,657,95667,-220.27,76,43.7,70.5,366.5,0.0,0.0,0,0,0,0,3.39,-2.41,4,1.94,Stress
352675,REST,657,95998,6.26,76,44.8,70.2,366.5,0.0,0.0,0,0,0,0,3.36,-2.41,4,1.92,Stress
353676,REST,657,96246,170.99,76,45.6,70.2,366.5,0.0,0.0,0,0,0,0,3.31,-2.41,4,1.88,Stress
354676,REST,657,97303,1102.34,76,45.4,70.6,366.5,0.0,0.0,0,0,0,0,3.30,-2.41,4,1.87,Stress
355677,REST,656,97649,1334.23,76,46.0,71.0,366.5,0.0,0.0,0,0,0,0,3.26,-2.41,4,1.84,Stress
356678,REST,656,95198,-1099.00,75,48.6,74.1,366.5,0.0,0.0,0,0,0,0,3.11,-2.41,4,1.73,Stress
357678,REST,657,95475,-752.48,75,50.2,74.9,366.5,0.0,0.0,0,0,0,0,3.08,-2.41,4,1.71,Stress
358680,REST,657,95581,-532.52,75,58.6,87.0,366.5,0.0,0.0,0,0,0,0,2.71,-2.41,4,1.43,Stress
359680,REST,658,95937,-21.59,75,58.6,87.0,366.5,0.0,0.0,0,0,0,0,2.71,-2.41,4,1.43,Stress
360681,REST,656,93970,-1739.66,75,58.6,87.0,366.5,0.0,0.0,0,0,0,0,2.71,-2.41,4,1.43,Stress
361681,REST,657,94241,-1183.46,75,58.6,87.0,366.5,0.0,0.0,0,0,0,0,2.71,-2.41,4,1.43,Stress
362682,REST,657,94268,-928.43,75,58.6,87.0,366.5,0.0,0.0,0,0,0,0,2.71,-2.41,4,1.43,Stress
363683,REST,658,94688,-265.41,75,58.6,87.0,366.4,0.0,0.0,0,0,0,0,2.71,-2.52,4,1.40,Stress
364683,REST,656,95156,338.93,75,58.6,87.0,366.4,0.0,0.0,0,0,0,0,2.71,-2.52,4,1.40,Stress
365684,REST,656,92983,-1617.13,75,58.6,87.0,366.4,0.0,0.0,0,0,0,0,2.71,-2.52,4,1.40,Stress
366685,REST,655,93875,-530.30,75,58.6,87.0,366.4,0.0,0.0,0,0,0,0,2.71,-2.52,4,1.40,Stress
367686,REST,656,94736,353.48,75,58.6,87.0,366.4,0.0,0.0,0,0,0,0,2.71,-2.52,4,1.40,Stress
368688,REST,655,95201,768.98,75,58.5,89.5,366.4,0.0,0.0,0,0,0,0,2.65,-2.52,4,1.36,Stress
369728,REST,657,93682,-733.74,75,58.5,89.4,366.4,0.0,0.0,0,0,0,0,2.67,-2.52,4,1.37,Stress
370729,REST,658,93568,-764.48,75,57.9,89.5,366.4,0.0,0.0,0,0,0,0,2.66,-2.52,4,1.37,Stress
371730,REST,653,94206,14.68,75,57.9,89.5,366.4,0.0,0.0,0,0,0,0,2.66,-2.52,4,1.37,Stress
372730,REST,658,93456,-583.65,75,57.9,89.5,366.4,0.0,0.0,0,0,0,0,2.66,-2.52,4,1.37,Stress
373731,REST,660,94218,299.90,75,57.9,89.5,366.4,0.0,0.0,0,0,0,0,2.66,-2.52,4,1.37,Stress
374732,REST,656,94344,125.00,75,59.4,90.4,366.4,0.0,0.0,0,0,0,0,2.63,-2.52,4,1.35,Stress
375732,TRANSITION,657,95690,1288.88,75,59.8,92.8,366.4,0.0,0.0,0,0,0,0,2.58,,0,,
376732,TRANSITION,657,93483,-953.36,75,59.8,92.8,366.4,0.0,0.0,0,0,0,0,2.58,,0,,
377733,TRANSITION,657,94889,444.16,75,59.8,92.8,366.4,0.0,0.0,0,0,0,0,2.58,,0,,
378736,TRANSITION,655,98847,4141.43,75,59.8,92.8,366.4,0.0,0.0,0,0,0,0,2.58,,0,,
379775,TRANSITION,655,97479,1970.09,75,59.8,92.8,366.4,0.0,0.0,0,0,0,0,2.58,,0,,
380775,TRANSITION,657,97200,1217.25,75,59.8,92.8,366.4,0.0,0.0,0,0,0,0,2.58,,0,,
381776,TRANSITION,657,98517,2192.51,75,59.8,92.8,366.4,0.0,0.0,0,0,0,0,2.58,,0,,
