timestamp,mode,raw_gsr,ir_raw,filtered_ppg,ppg_mean_hr,ppg_sdnn,ppg_rmssd,gsr_scl,gsr_scr_amp,gsr_scr_freq,gsr_scr_count_30s,gsr_scr_single_peak_flag,gsr_scr_enough_for_score_flag,final_ppg_stress_z,final_gsr_stress_z,valid_feature_count,integrated_stress_z,integrated_state
0,STABILIZING,317,101031,0.00,,,,,,,0,0,0,,,0,,
1023,STABILIZING,380,102401,1127.13,,,,,,,0,0,0,,,0,,
2024,STABILIZING,400,102592,985.97,,,,,,,0,0,0,,,0,,
3028,STABILIZING,383,102591,765.10,,,,,,,0,0,0,,,0,,
4065,STABILIZING,384,101906,1.16,,,,,,,0,0,0,,,0,,
5066,STABILIZING,411,102271,279.66,,,,,,,0,0,0,,,0,,
6066,STABILIZING,416,102706,622.05,,,,,,,0,0,0,,,0,,
7067,STABILIZING,422,102043,-94.29,,,,,,,0,0,0,,,0,,
8068,STABILIZING,422,102060,-91.55,,,,,,,0,0,0,,,0,,
9068,STABILIZING,424,102217,70.02,,,,,,,0,0,0,,,0,,
10069,STABILIZING,428,102748,588.87,,,,,,,0,0,0,,,0,,
11070,STABILIZING,426,102081,-132.29,,,,,,,0,0,0,,,0,,
12072,STABILIZING,428,101648,-516.02,,,,,,,0,0,0,,,0,,
13072,STABILIZING,428,102099,-59.13,,,,,,,0,0,0,,,0,,
14072,STABILIZING,428,101865,-275.65,,,,,,,0,0,0,,,0,,
15073,CALIBRATION,405,101199,-886.36,,,,,,,0,0,0,,,0,,
16073,CALIBRATION,384,99596,-1898.47,,,,,,,0,0,0,,,0,,
17074,CALIBRATION,425,99369,-1841.20,,,,,,,0,0,0,,,0,,
18075,CALIBRATION,398,97099,-3263.49,,,,,,,0,0,0,,,0,,
19076,CALIBRATION,444,102631,2217.07,,,,,,,0,0,0,,,0,,
20079,CALIBRATION,466,101345,610.70,,,,,,,0,0,0,,,0,,
21118,CALIBRATION,448,101116,267.05,,,,,,,0,0,0,,,0,,
22119,CALIBRATION,438,102116,1067.88,,,,,,,0,0,0,,,0,,
23119,CALIBRATION,434,102353,1088.91,,,,,,,0,0,0,,,0,,
24120,CALIBRATION,422,102477,1029.09,,,,,,,0,0,0,,,0,,
25120,CALIBRATION,418,101795,217.94,,,,,,,0,0,0,,,0,,
26121,CALIBRATION,417,101580,-83.74,,,,,,,0,0,0,,,0,,
27122,CALIBRATION,408,102080,342.91,,,,,,,0,0,0,,,0,,
28125,CALIBRATION,402,102143,353.86,,,,,,,0,0,0,,,0,,
29163,CALIBRATION,402,102336,503.13,,,,,,,0,0,0,,,0,,
30164,CALIBRATION,403,101381,-421.59,,,,,,,0,0,0,,,0,,
31166,CALIBRATION,399,100966,-716.43,,,,,,,0,0,0,,,0,,
32205,CALIBRATION,402,101198,-321.05,,,,,,,0,0,0,,,0,,
33206,CALIBRATION,401,100190,-1141.84,,,,,,,0,0,0,,,0,,
34206,CALIBRATION,403,100253,-902.03,,,,,,,0,0,0,,,0,,
35207,CALIBRATION,400,100548,-466.48,,,,,,,0,0,0,,,0,,
36208,CALIBRATION,396,100971,-19.56,,,,,,,0,0,0,,,0,,
37209,CALIBRATION,398,101135,168.41,,,,,,,0,0,0,,,0,,
38209,CALIBRATION,400,101301,367.54,,,,,,,0,0,0,,,0,,
39213,CALIBRATION,407,100323,-534.17,,,,,,,0,0,0,,,0,,
40254,CALIBRATION,402,99934,-794.64,,,,,,,0,0,0,,,0,,
41292,CALIBRATION,400,100413,-245.88,,,,,,,0,0,0,,,0,,
42292,CALIBRATION,402,100885,204.48,,,,,,,0,0,0,,,0,,
43294,CALIBRATION,406,100789,157.17,71,30.7,37.4,,,,0,0,0,,,0,,
44296,CALIBRATION,387,99743,-754.22,71,30.7,37.4,,,,0,0,0,,,0,,
45298,CALIBRATION,383,101612,1137.07,71,30.7,37.4,,,,0,0,0,,,0,,
46337,CALIBRATION,382,101923,1144.84,77,149.8,113.6,,,,0,0,0,,,0,,
47376,CALIBRATION,370,101715,699.12,80,163.8,110.1,,,,0,0,0,,,0,,
48377,CALIBRATION,373,100187,-809.23,80,163.8,110.1,,,,0,0,0,,,0,,
49378,CALIBRATION,361,98760,-1895.62,80,163.8,110.1,,,,0,0,0,,,0,,
50379,CALIBRATION,362,99733,-528.70,80,163.8,110.1,,,,0,0,0,,,0,,
51379,CALIBRATION,368,100809,372.23,80,163.8,110.1,,,,0,0,0,,,0,,
52381,CALIBRATION,367,99557,-812.88,80,163.8,110.1,,,,0,0,0,,,0,,
53381,CALIBRATION,374,100399,103.80,80,163.8,110.1,,,,0,0,0,,,0,,
54381,CALIBRATION,369,100242,0.90,80,163.8,110.1,,,,0,0,0,,,0,,
55382,CALIBRATION,360,98544,-1489.48,80,163.8,110.1,,,,0,0,0,,,0,,
56383,CALIBRATION,356,98487,-1218.27,80,163.8,110.1,,,,0,0,0,,,0,,
57384,CALIBRATION,356,98911,-595.78,80,163.8,110.1,,,,0,0,0,,,0,,
58384,CALIBRATION,354,98781,-545.47,80,163.8,110.1,,,,0,0,0,,,0,,
59385,CALIBRATION,320,97285,-1678.23,80,163.8,110.1,,,,0,0,0,,,0,,
60386,CALIBRATION,325,99806,1022.41,80,163.8,110.1,,,,0,0,0,,,0,,
61387,CALIBRATION,371,100473,1302.38,80,163.8,110.1,,,,0,0,0,,,0,,
62387,CALIBRATION,368,98966,-106.01,80,163.8,110.1,,,,0,0,0,,,0,,
63388,CALIBRATION,386,100405,1033.00,80,163.8,110.1,,,,0,0,0,,,0,,
64389,CALIBRATION,389,100935,1332.23,80,163.8,110.1,,,,0,0,0,,,0,,
65391,CALIBRATION,391,100889,1096.86,80,163.8,110.1,,,,0,0,0,,,0,,
66391,CALIBRATION,377,100094,137.52,80,163.8,110.1,,,,0,0,0,,,0,,
67392,CALIBRATION,376,100043,0.52,80,163.8,110.1,,,,0,0,0,,,0,,
68393,CALIBRATION,377,100161,5.41,80,163.8,110.1,,,,0,0,0,,,0,,
69393,CALIBRATION,380,99991,-205.34,80,163.8,110.1,,,,0,0,0,,,0,,
70394,CALIBRATION,381,100067,-148.11,80,163.8,110.1,,,,0,0,0,,,0,,
71396,CALIBRATION,382,100361,114.57,78,168.4,179.4,,,,0,0,0,,,0,,
72396,CALIBRATION,380,100285,36.80,77,163.4,172.0,,,,0,0,0,,,0,,
73435,CALIBRATION,382,100158,-25.34,76,161.0,164.3,,,,0,0,0,,,0,,
74439,CALIBRATION,382,100282,185.92,75,158.3,157.3,,,,0,0,0,,,0,,
75478,REST,385,99745,-310.62,74,149.3,146.0,,,,0,0,0,-0.44,,3,-0.44,Rest
76482,REST,379,99256,-727.06,73,146.8,141.5,,,,0,0,0,-0.46,,3,-0.46,Rest
77518,REST,376,99806,-164.00,73,142.9,137.4,,,,0,0,0,-0.45,,3,-0.45,Rest
78519,REST,378,99788,-193.51,73,139.4,133.3,,,,0,0,0,-0.43,,3,-0.43,Rest
79521,REST,383,99731,-216.37,72,136.1,129.5,,,,0,0,0,-0.42,,3,-0.42,Rest
80521,REST,387,99690,-148.40,72,136.1,129.5,,,,0,0,0,-0.42,,3,-0.42,Rest
81525,REST,385,100216,450.86,72,136.1,129.5,,,,0,0,0,-0.42,,3,-0.42,Rest
82562,REST,386,99442,-321.49,72,132.5,126.4,,,,0,0,0,-0.39,,3,-0.39,Rest
83563,REST,384,99326,-432.80,72,130.7,124.6,,,,0,0,0,-0.41,,3,-0.41,Rest
84564,REST,383,99725,-52.93,72,127.6,122.9,,,,0,0,0,-0.38,,3,-0.38,Rest
85565,REST,377,99802,7.16,72,124.6,120.1,,,,0,0,0,-0.35,,3,-0.35,Rest
86566,REST,378,99789,26.90,72,121.9,117.4,,,,0,0,0,-0.32,,3,-0.32,Rest
87566,REST,382,100225,481.37,72,120.6,116.2,,,,0,0,0,-0.33,,3,-0.33,Rest
88567,REST,382,100509,725.76,72,118.5,114.1,,,,0,0,0,-0.32,,3,-0.32,Rest
89568,REST,383,99604,-175.59,71,115.8,111.8,,,,0,0,0,-0.33,,3,-0.33,Rest
90568,REST,384,99531,-281.63,71,114.6,110.5,,,,0,0,0,-0.34,,3,-0.34,Rest
91569,REST,380,99420,-426.20,71,114.5,108.9,,,,0,0,0,-0.37,,3,-0.37,Rest
92570,REST,383,99407,-411.55,70,114.6,109.5,,,,0,0,0,-0.38,,3,-0.38,Rest
93570,REST,383,99256,-519.16,70,115.1,109.7,,,,0,0,0,-0.40,,3,-0.40,Rest
94572,REST,381,99290,-395.56,70,115.2,109.8,,,,0,0,0,-0.40,,3,-0.40,Rest
95572,REST,380,100252,557.12,70,115.8,109.8,,,,0,0,0,-0.43,,3,-0.43,Rest
96573,REST,380,100051,308.72,70,116.0,109.5,,,,0,0,0,-0.46,,3,-0.46,Rest
97574,REST,380,100380,627.80,70,116.0,105.8,,,,0,0,0,-0.45,,3,-0.45,Rest
98574,REST,384,100314,569.30,69,111.3,96.1,,,,0,0,0,-0.43,,3,-0.43,Rest
99576,REST,383,99261,-411.96,67,34.6,48.9,,,,0,0,0,0.07,,3,0.07,Rest
100576,REST,385,98705,-864.61,67,32.9,46.7,,,,0,0,0,0.10,,3,0.10,Rest
101577,REST,384,98707,-784.60,67,34.8,46.9,,,,0,0,0,0.07,,3,0.07,Rest
102577,REST,382,98717,-691.35,67,36.1,51.9,,,,0,0,0,0.05,,3,0.05,Rest
103578,REST,387,98283,-1022.09,67,36.1,53.5,,,,0,0,0,0.04,,3,0.04,Rest
104579,REST,399,97845,-1203.02,67,36.1,53.5,,,,0,0,0,0.04,,3,0.04,Rest
105580,REST,376,98080,-703.71,67,36.1,53.5,,,,0,0,0,0.04,,3,0.04,Rest
106580,REST,374,99316,727.95,67,36.1,53.5,,,,0,0,0,0.04,,3,0.04,Rest
107581,REST,391,100407,1570.93,67,36.1,53.5,,,,0,0,0,0.04,,3,0.04,Rest
108582,REST,390,99672,697.29,67,36.8,53.7,,,,0,0,0,0.01,,3,0.01,Rest
109583,REST,390,98635,-342.43,67,36.7,54.5,,,,0,0,0,0.02,,3,0.02,Rest
110583,REST,393,98641,-364.85,67,36.7,54.5,,,,0,0,0,0.02,,3,0.02,Rest
111584,REST,392,98818,-223.42,67,38.3,56.5,641.5,0.0,0.0,0,0,0,-0.02,0.69,4,0.16,Rest
112585,REST,391,99446,387.61,67,42.3,63.4,641.5,0.0,0.0,0,0,0,-0.07,0.69,4,0.12,Rest
113586,REST,384,99730,549.80,67,41.1,65.5,641.5,0.0,0.0,0,0,0,-0.09,0.69,4,0.10,Rest
114587,REST,385,100028,711.99,68,113.2,122.2,641.5,0.0,0.0,0,0,0,-0.71,0.69,4,-0.36,Rest
115588,REST,386,99685,255.40,68,113.2,122.2,641.5,0.0,0.0,0,0,0,-0.71,0.69,1,,
116589,REST,386,99068,-399.65,68,113.2,122.2,641.5,0.0,0.0,0,0,0,-0.71,0.69,1,,
117589,REST,391,99127,-332.48,68,113.2,122.2,641.5,0.0,0.0,0,0,0,-0.71,0.69,1,,
118589,REST,389,99294,-154.24,68,113.2,122.2,641.5,0.0,0.0,0,0,0,-0.71,0.69,1,,
119592,REST,391,99488,-14.08,68,113.2,122.2,641.5,0.0,0.0,0,0,0,-0.71,0.69,1,,
120592,REST,388,100100,442.22,68,113.2,122.2,641.5,0.0,0.0,0,0,0,-0.71,0.69,1,,
121594,REST,391,99802,25.17,68,113.2,122.2,641.5,0.0,0.0,0,0,0,-0.71,0.69,1,,
122633,REST,388,99655,-123.64,68,113.2,122.2,641.5,0.0,0.0,0,0,0,-0.71,0.69,1,,
123635,REST,385,100942,1097.76,68,113.2,122.2,641.5,0.0,0.0,0,0,0,-0.71,0.69,1,,
124635,REST,384,100877,897.28,68,113.3,155.7,641.5,0.0,0.0,0,0,0,-0.92,0.69,4,-0.52,Rest
125636,REST,385,99637,-376.59,68,114.7,157.4,641.5,0.0,0.0,0,0,0,-0.92,0.69,4,-0.51,Rest
126637,REST,385,99911,-60.30,68,115.6,157.1,641.5,0.0,0.0,0,0,0,-0.90,0.69,4,-0.50,Rest
127637,REST,386,100324,314.75,69,116.7,156.3,641.5,0.0,0.0,0,0,0,-0.85,0.69,4,-0.46,Rest
128637,REST,388,100704,655.91,69,117.3,156.1,641.5,0.0,0.0,0,0,0,-0.83,0.69,4,-0.45,Rest
129638,REST,388,101159,1000.52,69,116.0,155.9,641.5,0.0,0.0,0,0,0,-0.79,0.69,4,-0.42,Rest
130642,REST,387,100576,233.48,69,116.0,156.3,641.5,0.0,0.0,0,0,0,-0.78,0.69,4,-0.41,Rest
131642,REST,386,100428,-24.65,69,116.0,156.8,641.5,0.0,0.0,0,0,0,-0.79,0.69,4,-0.42,Rest
132680,REST,387,100436,-87.76,69,116.4,156.7,641.5,0.0,0.0,0,0,0,-0.80,0.69,4,-0.43,Rest
133682,REST,387,100616,66.77,69,116.0,156.8,641.5,0.0,0.0,0,0,0,-0.79,0.69,4,-0.42,Rest
134685,REST,388,100703,139.98,69,116.0,156.8,641.5,0.0,0.0,0,0,0,-0.79,0.69,4,-0.42,Rest
135723,REST,384,101281,679.20,69,117.4,156.9,641.5,0.0,0.0,0,0,0,-0.82,0.69,4,-0.44,Rest
136723,REST,383,101472,772.42,69,117.0,158.5,641.5,0.0,0.0,0,0,0,-0.80,0.69,4,-0.43,Rest
137724,REST,380,101299,559.20,69,117.6,160.0,641.5,0.0,0.0,0,0,0,-0.82,0.69,4,-0.44,Rest
138725,REST,379,100121,-581.09,70,118.1,161.5,641.5,0.0,0.0,0,0,0,-0.81,0.69,4,-0.44,Rest
139726,REST,378,99807,-819.33,70,116.7,160.3,641.5,0.0,0.0,0,0,0,-0.78,0.69,4,-0.41,Rest
140726,REST,378,99876,-654.98,70,117.1,159.9,641.5,0.0,0.0,0,0,0,-0.80,0.69,4,-0.43,Rest
141727,REST,379,100188,-254.80,70,116.7,160.5,641.5,0.0,0.0,0,0,0,-0.78,0.69,4,-0.41,Rest
142728,REST,374,101040,549.14,70,117.0,160.9,641.5,0.0,0.0,0,0,0,-0.79,0.69,4,-0.42,Rest
143729,REST,369,100965,350.34,71,153.2,199.8,641.5,0.0,0.0,0,0,0,-1.08,0.69,4,-0.64,Rest
144730,REST,363,101205,524.79,71,153.2,199.8,641.5,0.0,0.0,0,0,0,-1.08,0.69,1,,
145730,REST,360,101242,502.77,71,153.2,199.8,641.5,0.0,0.0,0,0,0,-1.08,0.69,1,,
146731,REST,364,101014,266.04,71,153.2,199.8,641.5,0.0,0.0,0,0,0,-1.08,0.69,1,,
147732,REST,364,100257,-430.82,71,153.2,199.8,636.8,0.0,0.0,0,0,0,-1.08,0.47,1,,
148733,REST,362,100381,-245.87,71,153.2,199.8,636.8,0.0,0.0,0,0,0,-1.08,0.47,1,,
149734,REST,363,100373,-256.23,71,153.2,199.8,636.8,0.0,0.0,0,0,0,-1.08,0.47,1,,
150734,REST,365,100436,-202.57,71,153.2,199.8,636.8,0.0,0.0,0,0,0,-1.08,0.47,1,,
151735,REST,363,100624,-9.58,71,153.2,224.7,636.8,0.0,0.0,0,0,0,-1.23,0.47,4,-0.81,Rest
152736,REST,355,101000,321.20,71,152.3,222.8,636.8,0.0,0.0,0,0,0,-1.20,0.47,4,-0.78,Rest
153737,REST,355,101057,306.41,71,152.8,221.7,636.8,0.0,0.0,0,0,0,-1.24,0.47,4,-0.81,Rest
154737,REST,352,101393,594.30,71,152.1,222.1,636.8,0.0,0.0,0,0,0,-1.21,0.47,4,-0.79,Rest
155738,REST,354,101424,572.18,71,152.6,196.8,636.8,0.0,0.0,0,0,0,-1.07,0.47,4,-0.68,Rest
156740,REST,357,101026,160.04,69,117.4,171.4,636.8,0.0,0.0,0,0,0,-0.91,0.47,4,-0.56,Rest
157740,REST,357,100951,37.92,69,117.5,169.5,636.8,0.0,0.0,0,0,0,-0.90,0.47,4,-0.56,Rest
158740,REST,360,100729,-207.62,69,117.3,169.6,636.8,0.0,0.0,0,0,0,-0.95,0.47,4,-0.60,Rest
159742,REST,361,100298,-589.42,68,116.8,169.6,636.8,0.0,0.0,0,0,0,-0.98,0.47,4,-0.62,Rest
160743,REST,361,100126,-691.70,68,115.8,169.6,636.8,0.0,0.0,0,0,0,-1.03,0.47,4,-0.66,Rest
161744,REST,360,100252,-490.31,68,115.5,169.4,636.8,0.0,0.0,0,0,0,-1.07,0.47,4,-0.69,Rest
162745,REST,360,100740,2.09,67,115.4,169.1,636.8,0.0,0.0,0,0,0,-1.09,0.47,4,-0.70,Rest
163746,REST,361,100519,-253.28,67,115.3,168.7,636.8,0.0,0.0,0,0,0,-1.08,0.47,4,-0.69,Rest
164746,REST,357,100100,-561.55,67,115.1,168.2,636.8,0.0,0.0,0,0,0,-1.09,0.47,4,-0.70,Rest
165747,REST,369,99566,-902.24,67,115.1,168.2,636.8,0.0,0.0,0,0,0,-1.09,0.47,4,-0.70,Rest
166748,REST,368,100586,263.84,67,115.1,168.2,636.8,0.0,0.0,0,0,0,-1.09,0.47,4,-0.70,Rest
167748,REST,365,100393,13.17,67,115.1,168.2,636.8,0.0,0.0,0,0,0,-1.09,0.47,4,-0.70,Rest
168750,REST,370,100103,-282.43,67,115.3,168.7,636.8,0.0,0.0,0,0,0,-1.08,0.47,4,-0.69,Rest
169750,REST,372,100126,-262.20,67,115.5,169.2,636.8,0.0,0.0,0,0,0,-1.09,0.47,4,-0.70,Rest
170750,REST,372,100384,-17.44,67,115.4,169.0,636.8,0.0,0.0,0,0,0,-1.09,0.47,4,-0.70,Rest
171754,REST,371,100694,251.88,68,114.7,167.6,636.8,0.0,0.0,0,0,0,-1.05,0.47,4,-0.67,Rest
172792,REST,373,100851,349.11,67,115.0,166.7,636.8,0.0,0.0,0,0,0,-1.08,0.47,4,-0.69,Rest
173793,REST,374,101134,540.23,67,116.0,166.8,636.8,0.0,0.0,0,0,0,-1.10,0.47,4,-0.71,Rest
174797,REST,374,101050,378.36,67,116.4,165.4,636.8,0.0,0.0,0,0,0,-1.10,0.47,4,-0.71,Rest
175836,REST,374,101256,512.77,67,117.0,165.1,636.8,0.0,0.0,0,0,0,-1.15,0.47,4,-0.74,Rest
176837,REST,373,101639,793.23,67,117.0,165.6,636.8,0.0,0.0,0,0,0,-1.16,0.47,4,-0.75,Rest
177839,REST,374,101461,550.98,67,117.0,165.0,636.8,0.0,0.0,0,0,0,-1.16,0.47,4,-0.75,Rest
178878,REST,374,100847,-8.17,66,117.7,165.3,636.8,0.0,0.0,0,0,0,-1.21,0.47,4,-0.79,Rest
179878,REST,374,100467,-339.11,66,117.3,115.1,636.8,0.0,0.0,0,0,0,-0.89,0.47,4,-0.55,Rest
180878,REST,374,100414,-350.80,65,41.7,51.8,636.8,0.0,0.0,0,0,0,-0.23,0.47,4,-0.05,Rest
181879,REST,372,100454,-274.62,65,40.8,53.6,636.8,0.0,0.0,0,0,0,-0.24,0.47,4,-0.06,Rest
182879,REST,371,100385,-392.02,64,41.1,54.2,636.8,0.0,0.0,0,0,0,-0.26,0.47,4,-0.08,Rest
183882,REST,367,100050,-699.25,64,41.5,52.1,657.2,22.2,10.0,5,0,1,-0.26,1.85,6,0.80,Rest
184921,REST,366,100136,-541.41,64,37.9,50.0,657.2,22.2,10.0,5,0,1,-0.25,1.85,6,0.80,Rest
185922,REST,367,99899,-715.93,64,38.0,49.7,657.2,22.2,10.0,5,0,1,-0.26,1.85,6,0.80,Rest
186922,REST,367,100032,-527.73,64,39.7,49.2,657.2,22.2,10.0,5,0,1,-0.28,1.85,6,0.79,Rest
187923,REST,368,99877,-618.58,64,38.9,49.5,657.2,22.2,10.0,5,0,1,-0.29,1.85,6,0.78,Rest
188924,REST,368,99789,-629.78,64,38.8,49.0,657.2,22.2,10.0,5,0,1,-0.30,1.85,6,0.78,Rest
189924,REST,369,100007,-346.71,64,38.8,48.5,657.2,22.2,10.0,5,0,1,-0.30,1.85,6,0.78,Rest
190925,REST,358,100540,207.73,64,40.2,50.1,657.2,22.2,10.0,5,0,1,-0.30,1.85,6,0.77,Rest
191926,REST,360,100707,324.25,64,40.2,52.2,657.2,22.2,10.0,5,0,1,-0.32,1.85,6,0.77,Rest
192927,REST,364,101051,602.91,64,40.2,52.2,657.2,22.2,10.0,5,0,1,-0.31,1.85,6,0.77,Rest
193927,REST,364,100954,457.87,64,40.2,51.6,657.2,22.2,10.0,5,0,1,-0.30,1.85,6,0.77,Rest
194928,REST,361,100870,364.30,64,38.7,51.6,657.2,22.2,10.0,5,0,1,-0.31,1.85,6,0.77,Rest
195929,REST,360,101196,663.62,64,38.6,51.6,657.2,22.2,10.0,5,0,1,-0.32,1.85,6,0.76,Rest
196930,REST,358,101014,474.00,63,38.4,49.5,657.2,22.2,10.0,5,0,1,-0.32,1.85,6,0.77,Rest
197930,REST,358,100840,326.45,63,38.9,57.8,657.2,22.2,10.0,5,0,1,-0.41,1.85,6,0.72,Rest
198931,REST,359,100858,356.57,63,39.4,61.6,657.2,22.2,10.0,5,0,1,-0.45,1.85,6,0.70,Rest
199933,REST,359,100358,-132.27,63,36.9,60.4,657.2,22.2,10.0,5,0,1,-0.45,1.85,6,0.70,Rest
200973,REST,360,100170,-310.12,63,36.9,59.9,657.2,22.2,10.0,5,0,1,-0.45,1.85,6,0.70,Rest
201973,REST,362,100155,-304.91,63,39.2,61.3,657.2,22.2,10.0,5,0,1,-0.48,1.85,6,0.69,Rest
202974,REST,361,99969,-454.62,63,39.2,62.6,657.2,22.2,10.0,5,0,1,-0.49,1.85,6,0.68,Rest
203975,REST,363,100205,-212.48,63,39.2,61.3,657.2,22.2,10.0,5,0,1,-0.48,1.85,6,0.69,Rest
204975,REST,363,100324,-110.04,62,41.3,61.7,657.2,22.2,10.0,5,0,1,-0.52,1.85,6,0.66,Rest
205978,REST,362,100553,44.11,62,40.6,61.9,657.2,22.2,10.0,5,0,1,-0.53,1.85,6,0.66,Rest
206978,REST,363,100633,55.82,62,40.8,60.7,657.2,22.2,10.0,5,0,1,-0.52,1.85,6,0.66,Rest
207980,REST,356,100218,-384.48,62,40.0,61.3,657.2,22.2,10.0,5,0,1,-0.53,1.85,6,0.66,Rest
209019,REST,359,100025,-563.61,62,39.6,59.8,657.2,22.2,10.0,5,0,1,-0.54,1.85,6,0.66,Rest
210021,REST,360,99914,-619.06,62,39.6,57.7,657.2,22.2,10.0,5,0,1,-0.52,1.85,6,0.66,Rest
211021,REST,354,99580,-842.23,62,41.8,61.4,657.2,22.2,10.0,5,0,1,-0.55,1.85,6,0.65,Rest
212022,REST,353,99965,-374.70,62,42.6,61.9,657.2,22.2,10.0,5,0,1,-0.55,1.85,6,0.65,Rest
213022,REST,350,99922,-405.98,62,42.6,62.3,657.2,22.2,10.0,5,0,1,-0.55,1.85,6,0.65,Rest
214023,REST,355,100403,84.71,62,43.3,62.7,657.2,22.2,10.0,5,0,1,-0.55,1.85,6,0.65,Rest
215023,REST,356,99995,-281.14,62,44.0,62.3,657.2,22.2,10.0,5,0,1,-0.54,1.85,6,0.65,Rest
216024,REST,358,99788,-387.27,62,43.4,62.2,657.2,22.2,10.0,5,0,1,-0.53,1.85,6,0.66,Rest
217027,REST,358,100158,48.18,62,43.4,62.2,657.2,22.2,10.0,5,0,1,-0.53,1.85,6,0.66,Rest
218066,REST,357,100461,375.18,62,43.4,62.2,657.2,22.2,10.0,5,0,1,-0.53,1.85,6,0.66,Rest
219067,REST,354,100452,358.61,63,48.7,63.3,657.2,22.2,10.0,5,0,1,-0.54,1.85,6,0.66,Rest
220069,REST,350,99858,-293.21,63,49.1,63.3,658.3,0.0,0.0,0,0,0,-0.53,1.49,4,-0.03,Rest
221108,REST,352,99994,-152.02,63,53.0,65.0,658.3,0.0,0.0,0,0,0,-0.55,1.49,4,-0.04,Rest
222111,REST,355,99694,-448.62,63,54.3,65.0,658.3,0.0,0.0,0,0,0,-0.55,1.49,4,-0.04,Rest
223150,REST,354,100102,-17.41,63,54.6,65.4,658.3,0.0,0.0,0,0,0,-0.54,1.49,4,-0.03,Rest
224150,REST,356,100440,325.49,63,56.0,65.8,658.3,0.0,0.0,0,0,0,-0.53,1.49,4,-0.03,Rest
225153,REST,355,100340,269.25,64,57.2,64.1,658.3,0.0,0.0,0,0,0,-0.51,1.49,4,-0.01,Rest
226192,REST,357,100464,432.19,64,54.4,58.7,658.3,0.0,0.0,0,0,0,-0.44,1.49,4,0.04,Rest
227194,REST,356,100138,122.98,64,52.4,54.1,658.3,0.0,0.0,0,0,0,-0.39,1.49,4,0.08,Rest
228194,REST,349,100351,338.45,64,53.4,56.7,658.3,0.0,0.0,0,0,0,-0.42,1.49,4,0.05,Rest
229195,REST,352,99630,-411.97,64,54.3,59.0,658.3,0.0,0.0,0,0,0,-0.42,1.49,4,0.05,Rest
230195,REST,343,99522,-488.43,64,54.0,57.8,658.3,0.0,0.0,0,0,0,-0.36,1.49,4,0.10,Rest
231197,REST,340,99903,-72.47,65,58.9,57.7,658.3,0.0,0.0,0,0,0,-0.35,1.49,4,0.11,Rest
232197,REST,337,99781,-152.30,65,57.7,59.2,658.3,0.0,0.0,0,0,0,-0.33,1.49,4,0.13,Rest
233197,REST,341,100429,564.78,65,57.7,59.2,658.3,0.0,0.0,0,0,0,-0.33,1.49,4,0.13,Rest
234198,REST,345,101039,1023.68,65,57.7,59.2,658.3,0.0,0.0,0,0,0,-0.33,1.49,4,0.13,Rest
235199,REST,347,101446,1230.40,65,53.4,57.8,658.3,0.0,0.0,0,0,0,-0.26,1.49,4,0.18,Rest
236201,REST,351,101197,764.50,68,132.2,128.7,658.3,0.0,0.0,0,0,0,-0.88,1.49,4,-0.29,Rest
237240,REST,352,100801,190.27,68,130.3,145.0,658.3,0.0,0.0,0,0,0,-0.93,1.49,4,-0.33,Rest
238241,REST,349,100701,8.73,69,128.3,143.2,658.3,0.0,0.0,0,0,0,-0.88,1.49,4,-0.28,Rest
239242,REST,350,100518,-185.88,69,128.3,143.0,658.3,0.0,0.0,0,0,0,-0.87,1.49,4,-0.28,Rest
240243,REST,350,100617,-46.75,69,128.1,143.0,658.3,0.0,0.0,0,0,0,-0.85,1.49,4,-0.27,Rest
241244,REST,352,100870,247.04,69,127.1,143.0,658.3,0.0,0.0,0,0,0,-0.82,1.49,4,-0.25,Rest
242244,REST,355,100951,354.71,69,126.4,143.3,658.3,0.0,0.0,0,0,0,-0.79,1.49,4,-0.22,Rest
243245,REST,355,99457,-1023.73,69,126.4,143.3,658.3,0.0,0.0,0,0,0,-0.79,1.49,4,-0.22,Rest
244246,REST,354,98866,-1382.32,69,126.4,143.3,658.3,0.0,0.0,0,0,0,-0.79,1.49,4,-0.22,Rest
245247,REST,354,98849,-1154.73,69,126.4,143.3,658.3,0.0,0.0,0,0,0,-0.79,1.49,4,-0.22,Rest
246247,REST,355,100078,219.71,69,126.4,143.3,658.3,0.0,0.0,0,0,0,-0.79,1.49,4,-0.22,Rest
247248,REST,356,100163,219.46,69,126.4,143.3,658.3,0.0,0.0,0,0,0,-0.79,1.49,4,-0.22,Rest
248249,REST,353,100270,335.32,69,126.4,144.0,658.3,0.0,0.0,0,0,0,-0.79,1.49,4,-0.22,Rest
249250,REST,355,100499,504.10,69,125.6,144.2,658.3,0.0,0.0,0,0,0,-0.78,1.49,4,-0.21,Rest
250251,REST,355,100733,695.93,70,124.3,142.7,658.3,0.0,0.0,0,0,0,-0.74,1.49,4,-0.18,Rest
251251,REST,350,100274,264.38,69,125.1,142.4,658.3,0.0,0.0,0,0,0,-0.77,1.49,4,-0.21,Rest
252252,REST,352,99423,-536.31,70,124.7,142.4,658.3,0.0,0.0,0,0,0,-0.75,1.49,4,-0.19,Rest
253254,REST,354,99974,-103.89,69,124.7,142.4,658.3,0.0,0.0,0,0,0,-0.76,1.49,4,-0.20,Rest
254256,REST,352,100337,184.52,69,125.1,142.4,658.3,0.0,0.0,0,0,0,-0.77,1.49,4,-0.21,Rest
255257,REST,349,100671,387.73,69,124.7,142.4,658.3,0.0,0.0,0,0,0,-0.76,1.49,4,-0.20,Rest
256296,REST,343,101089,646.09,71,159.4,175.9,670.7,16.6,2.0,1,1,0,-1.01,2.07,4,-0.24,Rest
257297,REST,346,100841,349.34,72,166.1,181.4,670.7,16.6,2.0,1,1,0,-0.96,2.07,4,-0.20,Rest
258297,REST,348,100946,442.35,72,165.9,193.4,670.7,16.6,2.0,1,1,0,-1.03,2.07,4,-0.25,Rest
259300,REST,347,100426,-54.43,72,163.2,191.5,670.7,16.6,2.0,1,1,0,-0.97,2.07,4,-0.21,Rest
260339,REST,346,99641,-752.88,73,162.9,191.7,670.7,16.6,2.0,1,1,0,-0.95,2.07,4,-0.20,Rest
261342,REST,345,99646,-675.30,73,162.9,191.7,670.7,16.6,2.0,1,1,0,-0.95,2.07,1,,
262380,REST,348,100291,-9.48,73,162.9,191.7,670.7,16.6,2.0,1,1,0,-0.95,2.07,1,,
263381,REST,345,100497,177.21,73,162.9,191.7,670.7,16.6,2.0,1,1,0,-0.95,2.07,1,,
264382,REST,338,100302,8.05,72,163.8,192.2,670.7,16.6,2.0,1,1,0,-0.99,2.07,4,-0.22,Rest
265383,REST,337,100678,371.89,72,164.5,191.6,670.7,16.6,2.0,1,1,0,-1.02,2.07,4,-0.25,Rest
266383,REST,334,101377,968.64,72,164.5,191.6,670.7,16.6,2.0,1,1,0,-1.02,2.07,4,-0.25,Rest
267385,REST,337,100495,34.40,72,163.1,155.9,670.7,16.6,2.0,1,1,0,-0.77,2.07,4,-0.06,Rest
268386,REST,339,100157,-290.29,71,136.8,153.0,670.7,16.6,2.0,1,1,0,-0.76,2.07,4,-0.05,Rest
269386,REST,339,99620,-775.34,70,122.4,137.8,670.7,16.6,2.0,1,1,0,-0.70,2.07,4,-0.00,Rest
270388,REST,341,99816,-497.02,69,122.9,137.8,670.7,16.6,2.0,1,1,0,-0.71,2.07,4,-0.01,Rest
271388,REST,339,99551,-661.38,69,122.9,138.0,670.7,16.6,2.0,1,1,0,-0.71,2.07,4,-0.02,Rest
272389,REST,337,100552,335.51,69,123.3,138.1,670.7,16.6,2.0,1,1,0,-0.73,2.07,4,-0.03,Rest
273389,REST,342,100114,-101.35,69,123.3,138.1,670.7,16.6,2.0,1,1,0,-0.74,2.07,4,-0.03,Rest
274390,REST,343,100161,8.77,69,123.6,138.1,670.7,16.6,2.0,1,1,0,-0.75,2.07,4,-0.04,Rest
275391,REST,342,99857,-191.55,69,123.9,137.9,670.7,16.6,2.0,1,1,0,-0.77,2.07,4,-0.06,Rest
276391,REST,327,100349,379.27,69,123.9,137.9,670.7,16.6,2.0,1,1,0,-0.77,2.07,4,-0.06,Rest
277393,REST,336,101460,1338.11,69,124.2,137.1,670.7,16.6,2.0,1,1,0,-0.78,2.07,4,-0.07,Rest
278393,REST,333,100943,499.39,69,124.2,137.1,670.7,16.6,2.0,1,1,0,-0.78,2.07,1,,
279394,REST,340,100168,-323.55,69,124.2,137.1,670.7,16.6,2.0,1,1,0,-0.78,2.07,1,,
280394,REST,338,99875,-607.98,69,124.2,137.1,670.7,16.6,2.0,1,1,0,-0.78,2.07,1,,
281395,REST,337,100155,-185.88,69,124.2,137.1,670.7,16.6,2.0,1,1,0,-0.78,2.07,1,,
282396,REST,335,100440,176.51,69,124.2,137.1,670.7,16.6,2.0,1,1,0,-0.78,2.07,1,,
283397,REST,330,99961,-240.06,69,124.2,137.1,670.7,16.6,2.0,1,1,0,-0.78,2.07,1,,
284397,REST,327,99390,-722.91,69,124.2,137.1,670.7,16.6,2.0,1,1,0,-0.78,2.07,1,,
285398,REST,328,99463,-573.63,69,124.2,137.1,670.7,16.6,2.0,1,1,0,-0.78,2.07,1,,
286399,REST,331,99596,-380.26,69,124.2,137.1,670.7,16.6,2.0,1,1,0,-0.78,2.07,1,,
287400,REST,332,99539,-367.48,69,124.2,137.1,670.7,16.6,2.0,1,1,0,-0.78,2.07,1,,
288401,REST,333,99528,-269.09,69,124.2,137.1,670.7,16.6,2.0,1,1,0,-0.78,2.07,1,,
289401,REST,332,99279,-455.87,69,124.2,137.1,670.7,16.6,2.0,1,1,0,-0.78,2.07,1,,
290402,REST,328,98817,-789.16,69,124.2,137.1,670.7,16.6,2.0,1,1,0,-0.78,2.07,1,,
291404,REST,332,99183,-365.48,69,124.2,137.1,670.7,16.6,2.0,1,1,0,-0.78,2.07,1,,
292404,REST,332,99495,-7.41,69,124.2,137.1,680.1,0.0,0.0,0,0,0,-0.78,2.51,1,,
293405,REST,330,99786,299.01,69,124.2,137.1,680.1,0.0,0.0,0,0,0,-0.78,2.51,1,,
294405,REST,331,101452,1685.80,69,124.2,137.1,680.1,0.0,0.0,0,0,0,-0.78,2.51,1,,
295407,REST,331,101831,1754.24,69,123.1,137.6,680.1,0.0,0.0,0,0,0,-0.74,2.51,1,,
296407,REST,320,101395,1011.76,69,123.1,137.6,680.1,0.0,0.0,0,0,0,-0.74,2.51,1,,
297408,REST,315,100000,-469.32,69,123.1,137.6,680.1,0.0,0.0,0,0,0,-0.74,2.51,1,,
298408,REST,319,99997,-377.52,69,123.1,137.6,680.1,0.0,0.0,0,0,0,-0.74,2.51,1,,
299409,REST,323,100031,-257.94,69,123.1,137.6,680.1,0.0,0.0,0,0,0,-0.74,2.51,1,,
300411,REST,323,100454,215.90,69,123.1,137.6,680.1,0.0,0.0,0,0,0,-0.74,2.51,1,,
301411,REST,320,100036,-179.20,69,123.1,137.6,680.1,0.0,0.0,0,0,0,-0.74,2.51,1,,
302412,REST,321,100111,-103.31,69,123.1,137.6,680.1,0.0,0.0,0,0,0,-0.74,2.51,1,,
303413,REST,319,100316,88.13,69,123.1,137.6,680.1,0.0,0.0,0,0,0,-0.74,2.51,1,,
304414,REST,317,100404,146.86,69,123.1,137.6,680.1,0.0,0.0,0,0,0,-0.74,2.51,1,,
305414,REST,318,99341,-861.08,69,123.1,137.6,680.1,0.0,0.0,0,0,0,-0.74,2.51,1,,
306416,REST,331,99630,-424.93,69,123.1,137.6,680.1,0.0,0.0,0,0,0,-0.74,2.51,1,,
307455,REST,331,100855,738.05,69,123.1,137.6,680.1,0.0,0.0,0,0,0,-0.74,2.51,1,,
308456,REST,325,101444,1038.32,69,123.1,137.6,680.1,0.0,0.0,0,0,0,-0.74,2.51,1,,
309458,REST,321,101722,1043.75,69,123.1,137.6,680.1,0.0,0.0,0,0,0,-0.74,2.51,1,,
310458,REST,320,101811,886.55,69,122.7,137.6,680.1,0.0,0.0,0,0,0,-0.73,2.51,4,0.08,Rest
311458,REST,322,101750,679.40,69,122.7,137.4,680.1,0.0,0.0,0,0,0,-0.73,2.51,1,,
312460,REST,323,101770,596.26,69,122.7,137.4,680.1,0.0,0.0,0,0,0,-0.73,2.51,1,,
313461,REST,326,100888,-291.77,69,122.7,137.4,680.1,0.0,0.0,0,0,0,-0.73,2.51,1,,
314461,REST,326,100393,-708.45,69,122.7,137.4,680.1,0.0,0.0,0,0,0,-0.73,2.51,1,,
315462,REST,324,99931,-1020.48,69,122.7,137.4,680.1,0.0,0.0,0,0,0,-0.73,2.51,1,,
316463,REST,328,99570,-1132.83,69,122.7,137.4,680.1,0.0,0.0,0,0,0,-0.73,2.51,1,,
317464,REST,330,97993,-2302.45,69,122.7,137.4,680.1,0.0,0.0,0,0,0,-0.73,2.51,1,,
318464,REST,322,98373,-1525.02,69,122.7,137.4,680.1,0.0,0.0,0,0,0,-0.73,2.51,1,,
319465,REST,321,98171,-1483.90,69,122.7,137.4,680.1,0.0,0.0,0,0,0,-0.73,2.51,1,,
320466,REST,326,98599,-770.91,69,122.7,137.4,680.1,0.0,0.0,0,0,0,-0.73,2.51,1,,
321467,REST,325,98747,-400.29,69,122.7,137.4,680.1,0.0,0.0,0,0,0,-0.73,2.51,1,,
322467,REST,321,99714,571.41,69,122.7,137.4,680.1,0.0,0.0,0,0,0,-0.73,2.51,1,,
323468,REST,320,99758,430.45,69,122.7,137.4,680.1,0.0,0.0,0,0,0,-0.73,2.51,1,,
324472,REST,311,100009,528.48,69,122.7,137.4,680.1,0.0,0.0,0,0,0,-0.73,2.51,1,,
325509,REST,324,98826,-646.62,69,122.7,137.4,680.1,0.0,0.0,0,0,0,-0.73,2.51,1,,
326510,REST,335,97092,-1939.56,69,122.7,137.4,680.1,0.0,0.0,0,0,0,-0.73,2.51,1,,
327511,REST,333,98732,-65.50,69,122.7,137.4,680.1,0.0,0.0,0,0,0,-0.73,2.51,1,,
328513,REST,335,97943,-732.52,69,122.7,137.4,697.2,16.1,2.0,1,1,0,-0.73,3.32,1,,
329513,REST,334,97232,-1187.27,69,122.7,137.4,697.2,16.1,2.0,1,1,0,-0.73,3.32,1,,
330513,REST,334,96557,-1612.75,69,122.7,137.4,697.2,16.1,2.0,1,1,0,-0.73,3.32,1,,
331514,REST,339,97019,-924.36,69,122.7,137.4,697.2,16.1,2.0,1,1,0,-0.73,3.32,1,,
332515,REST,339,99165,1022.10,69,122.7,137.4,697.2,16.1,2.0,1,1,0,-0.73,3.32,1,,
333516,REST,333,99057,714.41,69,122.7,137.4,697.2,16.1,2.0,1,1,0,-0.73,3.32,1,,
334517,REST,333,99256,820.64,69,122.7,137.4,697.2,16.1,2.0,1,1,0,-0.73,3.32,1,,
335517,REST,331,99266,742.83,69,122.7,137.4,697.2,16.1,2.0,1,1,0,-0.73,3.32,1,,
336518,REST,331,97698,-794.38,70,122.6,137.3,697.2,16.1,2.0,1,1,0,-0.67,3.32,4,0.33,Rest
337519,REST,330,97768,-605.77,70,122.6,137.5,697.2,16.1,2.0,1,1,0,-0.67,3.32,4,0.33,Rest
338520,REST,333,97765,-479.59,70,122.6,137.5,697.2,16.1,2.0,1,1,0,-0.67,3.32,4,0.33,Rest
339521,REST,327,98302,213.23,70,122.6,137.5,697.2,16.1,2.0,1,1,0,-0.67,3.32,4,0.33,Rest
340521,REST,326,97042,-1022.41,70,122.6,137.5,697.2,16.1,2.0,1,1,0,-0.67,3.32,4,0.33,Rest
341522,REST,323,97328,-551.05,70,122.6,137.5,697.2,16.1,2.0,1,1,0,-0.67,3.32,4,0.33,Rest
342523,REST,321,99276,1193.29,70,122.6,137.5,697.2,16.1,2.0,1,1,0,-0.67,3.32,4,0.33,Rest
343524,REST,328,99123,886.82,70,123.9,138.1,697.2,16.1,2.0,1,1,0,-0.65,3.32,4,0.35,Rest
344525,REST,330,97806,-455.92,71,123.4,138.3,697.2,16.1,2.0,1,1,0,-0.60,3.32,4,0.38,Rest
345525,REST,332,99375,1112.64,71,123.6,90.9,697.2,16.1,2.0,1,1,0,-0.28,3.32,4,0.62,Rest
346527,REST,320,100146,1495.88,70,112.4,92.4,697.2,16.1,2.0,1,1,0,-0.29,3.32,4,0.62,Rest
347527,REST,317,100880,1922.19,70,112.4,92.4,697.2,16.1,2.0,1,1,0,-0.29,3.32,1,,
348529,REST,313,101025,1616.17,70,112.4,92.4,697.2,16.1,2.0,1,1,0,-0.29,3.32,1,,
349529,REST,313,100626,884.09,71,112.1,128.3,697.2,16.1,2.0,1,1,0,-0.47,3.32,4,0.48,Rest
350530,REST,316,100375,454.12,71,112.1,128.3,697.2,16.1,2.0,1,1,0,-0.47,3.32,1,,
351530,REST,316,100425,431.57,71,112.1,128.3,697.2,16.1,2.0,1,1,0,-0.47,3.32,1,,
352531,REST,316,100614,570.02,71,112.1,128.3,697.2,16.1,2.0,1,1,0,-0.47,3.32,1,,
353536,REST,315,100299,187.24,71,112.1,128.3,697.2,16.1,2.0,1,1,0,-0.47,3.32,1,,
354574,REST,316,99750,-378.97,71,112.1,128.3,697.2,16.1,2.0,1,1,0,-0.47,3.32,1,,
355615,REST,316,100036,-79.34,71,112.1,128.3,697.2,16.1,2.0,1,1,0,-0.47,3.32,1,,
356615,REST,317,100065,-51.81,71,111.8,128.5,697.2,16.1,2.0,1,1,0,-0.45,3.32,4,0.49,Rest
357616,REST,313,100411,308.56,71,111.4,128.0,697.2,16.1,2.0,1,1,0,-0.44,3.32,4,0.50,Rest
358617,REST,314,99810,-289.29,71,111.7,128.1,697.2,16.1,2.0,1,1,0,-0.38,3.32,4,0.54,Rest
359617,REST,307,99446,-597.15,72,110.9,128.0,697.2,16.1,2.0,1,1,0,-0.34,3.32,4,0.57,Rest
360617,REST,310,99761,-190.73,72,110.9,128.0,697.2,16.1,2.0,1,1,0,-0.34,3.32,4,0.57,Rest
361618,REST,311,99397,-475.83,72,110.9,128.0,697.2,16.1,2.0,1,1,0,-0.34,3.32,4,0.57,Rest
362622,REST,302,99717,-129.63,72,110.9,128.0,697.2,16.1,2.0,1,1,0,-0.34,3.32,4,0.57,Rest
363622,REST,301,98743,-975.34,72,110.9,128.0,697.2,16.1,2.0,1,1,0,-0.34,3.32,4,0.57,Rest
364661,REST,304,99426,-211.30,72,110.9,128.0,697.5,0.0,0.0,0,0,0,-0.34,3.34,4,0.58,Rest
365662,REST,305,99907,209.84,72,110.9,128.8,697.5,0.0,0.0,0,0,0,-0.35,3.34,4,0.58,Rest
366662,REST,309,100563,727.12,72,109.8,128.8,697.5,0.0,0.0,0,0,0,-0.31,3.34,4,0.60,Rest
367664,REST,308,101205,1145.22,73,109.9,129.0,697.5,0.0,0.0,0,0,0,-0.25,3.34,4,0.64,Rest
368664,REST,311,100989,707.82,76,152.4,155.5,697.5,0.0,0.0,0,0,0,-0.33,3.34,4,0.59,Rest
369667,REST,310,101008,541.59,76,152.4,155.5,697.5,0.0,0.0,0,0,0,-0.33,3.34,1,,
370669,REST,305,101021,442.94,76,152.4,155.5,697.5,0.0,0.0,0,0,0,-0.33,3.34,1,,
371706,REST,303,100587,-42.33,76,152.4,155.5,697.5,0.0,0.0,0,0,0,-0.33,3.34,1,,
372707,REST,304,100250,-392.27,76,152.4,155.5,697.5,0.0,0.0,0,0,0,-0.33,3.34,1,,
373707,REST,307,100136,-472.48,76,152.4,155.5,697.5,0.0,0.0,0,0,0,-0.33,3.34,1,,
374708,REST,308,100212,-325.23,76,152.4,155.5,697.5,0.0,0.0,0,0,0,-0.33,3.34,1,,
375710,TRANSITION,298,100540,96.76,76,152.4,155.5,697.5,0.0,0.0,0,0,0,-0.33,,0,,
376710,TRANSITION,296,99465,-854.97,76,152.4,155.5,697.5,0.0,0.0,0,0,0,-0.33,,0,,
377711,TRANSITION,292,99786,-340.03,76,152.4,155.5,697.5,0.0,0.0,0,0,0,-0.33,,0,,
378711,TRANSITION,298,99901,-177.35,76,152.4,155.5,697.5,0.0,0.0,0,0,0,-0.33,,0,,
379712,TRANSITION,300,99823,-188.31,76,152.4,155.5,697.5,0.0,0.0,0,0,0,-0.33,,0,,
380713,TRANSITION,306,99339,-577.02,76,152.4,155.5,697.5,0.0,0.0,0,0,0,-0.33,,0,,
381714,TRANSITION,307,99576,-262.12,76,152.4,155.5,697.5,0.0,0.0,0,0,0,-0.33,,0,,
382716,TRANSITION,314,100033,208.67,76,151.5,166.2,697.5,0.0,0.0,0,0,0,-0.36,,0,,
383716,TRANSITION,320,99359,-437.62,77,148.4,166.1,697.5,0.0,0.0,0,0,0,-0.26,,0,,
384716,TRANSITION,315,99028,-653.62,77,148.4,166.1,697.5,0.0,0.0,0,0,0,-0.26,,0,,
385717,TRANSITION,317,99066,-436.40,77,148.4,166.1,697.5,0.0,0.0,0,0,0,-0.26,,0,,
386718,TRANSITION,316,98149,-1145.63,77,148.4,166.1,697.5,0.0,0.0,0,0,0,-0.26,,0,,
387719,TRANSITION,317,98238,-854.76,77,148.4,166.1,697.5,0.0,0.0,0,0,0,-0.26,,0,,
388719,TRANSITION,319,98209,-679.36,77,148.4,166.1,697.5,0.0,0.0,0,0,0,-0.26,,0,,
389720,TRANSITION,338,97295,-1299.44,77,148.4,166.1,697.5,0.0,0.0,0,0,0,-0.26,,0,,
390721,TRANSITION,336,97289,-1006.18,77,148.4,166.1,697.5,0.0,0.0,0,0,0,-0.26,,0,,
391723,TRANSITION,330,96480,-1523.23,77,148.4,166.1,697.5,0.0,0.0,0,0,0,-0.26,,0,,
392723,TRANSITION,333,96227,-1476.14,77,148.4,166.1,697.5,0.0,0.0,0,0,0,-0.26,,0,,
393725,TRANSITION,331,96531,-921.39,77,148.4,166.1,697.5,0.0,0.0,0,0,0,-0.26,,0,,
394725,TRANSITION,316,99894,2345.59,77,148.4,166.1,697.5,0.0,0.0,0,0,0,-0.26,,0,,
395726,TRANSITION,312,99759,1679.16,77,148.4,166.1,697.5,0.0,0.0,0,0,0,-0.26,,0,,
396727,TRANSITION,313,98435,160.87,77,148.4,166.1,697.5,0.0,0.0,0,0,0,-0.26,,0,,
397728,TRANSITION,321,97919,-375.72,77,148.4,166.1,697.5,0.0,0.0,0,0,0,-0.26,,0,,
398729,TRANSITION,323,97715,-528.66,77,148.4,166.1,697.5,0.0,0.0,0,0,0,-0.26,,0,,
399729,TRANSITION,322,97858,-260.52,77,148.4,166.1,697.5,0.0,0.0,0,0,0,-0.26,,0,,
400729,TRANSITION,323,98466,414.87,77,148.4,166.1,697.5,0.0,0.0,0,0,0,-0.26,,0,,
401733,TRANSITION,319,97286,-709.68,77,148.4,166.1,697.5,0.0,0.0,0,0,0,-0.26,,0,,
402772,TRANSITION,325,97409,-467.59,77,148.4,166.1,697.5,0.0,0.0,0,0,0,-0.26,,0,,
403772,TRANSITION,325,97823,35.42,77,148.4,166.1,697.5,0.0,0.0,0,0,0,-0.26,,0,,
404773,TRANSITION,326,97694,-31.12,77,148.4,166.1,697.5,0.0,0.0,0,0,0,-0.26,,0,,
405776,STRESS,327,96967,-678.96,77,148.4,166.1,697.5,0.0,0.0,0,0,0,-0.26,,0,,
406814,STRESS,327,97227,-356.82,77,148.4,166.1,697.5,0.0,0.0,0,0,0,-0.26,,0,,
407814,STRESS,327,97785,205.07,77,148.4,166.1,697.5,0.0,0.0,0,0,0,-0.26,,0,,
408816,STRESS,327,97965,352.30,77,148.4,166.1,697.5,0.0,0.0,0,0,0,-0.26,,0,,
409816,STRESS,324,98107,499.59,77,148.4,166.1,697.5,0.0,0.0,0,0,0,-0.26,,0,,
410818,STRESS,324,97556,-27.48,77,145.0,168.4,697.5,0.0,0.0,0,0,0,-0.18,,3,-0.18,Rest
411818,STRESS,325,96704,-801.71,77,148.6,173.7,697.5,0.0,0.0,0,0,0,-0.27,,3,-0.27,Rest
412820,STRESS,325,96591,-806.39,77,149.4,175.0,697.5,0.0,0.0,0,0,0,-0.30,,3,-0.30,Rest
413820,STRESS,324,96736,-601.58,77,150.5,175.2,697.5,0.0,0.0,0,0,0,-0.32,,3,-0.32,Rest
414821,STRESS,324,97073,-180.72,77,149.7,175.7,697.5,0.0,0.0,0,0,0,-0.30,,3,-0.30,Rest
415822,STRESS,323,97236,47.24,77,149.6,175.3,697.5,0.0,0.0,0,0,0,-0.29,,3,-0.29,Rest
416824,STRESS,331,99549,2057.72,78,154.9,182.2,697.5,0.0,0.0,0,0,0,-0.29,,3,-0.29,Rest
417826,STRESS,329,97684,-92.28,78,155.2,184.4,697.5,0.0,0.0,0,0,0,-0.29,,0,,
418863,STRESS,325,97227,-465.29,78,155.2,184.4,697.5,0.0,0.0,0,0,0,-0.29,,0,,
419864,STRESS,324,97572,22.70,78,155.2,184.4,697.5,0.0,0.0,0,0,0,-0.29,,0,,
420865,STRESS,324,96713,-727.03,78,155.2,184.4,697.5,0.0,0.0,0,0,0,-0.29,,0,,
421866,STRESS,319,96955,-425.04,78,155.2,184.4,697.5,0.0,0.0,0,0,0,-0.29,,0,,
422867,STRESS,323,97211,-128.21,78,155.2,184.4,697.5,0.0,0.0,0,0,0,-0.29,,0,,
423867,STRESS,324,97308,78.06,78,155.2,184.4,697.5,0.0,0.0,0,0,0,-0.29,,0,,
424868,STRESS,322,96705,-483.15,78,155.2,184.4,697.5,0.0,0.0,0,0,0,-0.29,,0,,
425869,STRESS,321,96569,-529.89,78,155.2,184.4,697.5,0.0,0.0,0,0,0,-0.29,,0,,
426870,STRESS,320,97192,83.41,78,155.2,184.4,697.5,0.0,0.0,0,0,0,-0.29,,0,,
427870,STRESS,322,97661,535.95,78,155.2,184.4,697.5,0.0,0.0,0,0,0,-0.29,,0,,
428871,STRESS,324,96581,-542.66,78,155.0,185.0,697.5,0.0,0.0,0,0,0,-0.29,,3,-0.29,Rest
429872,STRESS,323,96535,-533.95,78,156.0,185.5,697.5,0.0,0.0,0,0,0,-0.31,,3,-0.31,Rest
430873,STRESS,323,96422,-555.03,78,156.5,185.5,697.5,0.0,0.0,0,0,0,-0.33,,3,-0.33,Rest
431874,STRESS,323,96886,-43.71,77,157.7,166.6,697.5,0.0,0.0,0,0,0,-0.26,,3,-0.26,Rest
432874,STRESS,324,97167,242.95,76,132.3,140.9,697.5,0.0,0.0,0,0,0,-0.14,,3,-0.14,Rest
433875,STRESS,321,96372,-492.95,76,132.0,140.8,697.5,0.0,0.0,0,0,0,-0.12,,3,-0.12,Rest
434876,STRESS,322,96308,-482.32,76,132.1,140.9,697.5,0.0,0.0,0,0,0,-0.12,,3,-0.12,Rest
435877,STRESS,323,96320,-473.87,76,132.3,140.9,697.5,0.0,0.0,0,0,0,-0.14,,3,-0.14,Rest
436877,STRESS,318,96535,-214.68,75,132.5,140.8,697.5,0.0,0.0,0,0,0,-0.16,,3,-0.16,Rest
437878,STRESS,318,97323,583.69,75,132.7,139.9,697.5,0.0,0.0,0,0,0,-0.17,,3,-0.17,Rest
438880,STRESS,320,97084,295.83,75,131.8,139.7,697.5,0.0,0.0,0,0,0,-0.14,,3,-0.14,Rest
439883,STRESS,320,96182,-558.29,76,131.9,139.7,697.5,0.0,0.0,0,0,0,-0.13,,3,-0.13,Rest
440920,STRESS,319,97080,352.39,76,132.0,113.2,697.5,0.0,0.0,0,0,0,0.03,,3,0.03,Rest
441922,STRESS,320,97496,719.87,74,97.0,109.5,699.1,0.0,0.0,0,0,0,0.10,3.41,4,0.93,Rest
442923,STRESS,320,96820,-10.57,73,74.6,92.0,699.1,0.0,0.0,0,0,0,0.24,3.41,4,1.03,Stress
443924,STRESS,321,96718,-153.83,75,130.4,115.5,699.1,0.0,0.0,0,0,0,0.02,3.41,4,0.87,Rest
444925,STRESS,318,97075,154.17,76,129.6,139.7,699.1,0.0,0.0,0,0,0,-0.11,3.41,4,0.77,Rest
445964,STRESS,316,97776,797.01,75,129.5,132.6,699.1,0.0,0.0,0,0,0,-0.08,3.41,4,0.79,Rest
446967,STRESS,317,96802,-223.73,76,122.5,130.6,699.1,0.0,0.0,0,0,0,0.07,3.41,4,0.90,Rest
447967,STRESS,317,96943,-131.94,77,120.2,130.1,699.1,0.0,0.0,0,0,0,0.11,3.41,4,0.94,Rest
448967,STRESS,316,97289,160.41,76,121.1,130.3,699.1,0.0,0.0,0,0,0,0.09,3.41,4,0.92,Rest
449969,STRESS,319,97427,230.87,76,121.1,130.5,699.1,0.0,0.0,0,0,0,0.09,3.41,4,0.92,Rest
450970,STRESS,317,97666,400.64,76,117.1,124.3,699.1,0.0,0.0,0,0,0,0.08,3.41,4,0.91,Rest
451970,STRESS,319,97771,495.62,76,117.1,124.3,699.1,0.0,0.0,0,0,0,0.08,3.41,4,0.91,Rest
452972,STRESS,313,96223,-974.16,75,126.1,142.0,699.1,0.0,0.0,0,0,0,-0.19,3.41,4,0.71,Rest
454010,STRESS,312,95503,-1371.61,75,126.1,142.0,699.1,0.0,0.0,0,0,0,-0.19,3.41,4,0.71,Rest
455012,STRESS,312,95734,-865.37,75,126.1,142.0,699.1,0.0,0.0,0,0,0,-0.19,3.41,4,0.71,Rest
456015,STRESS,314,96261,-182.26,75,126.1,142.0,699.1,0.0,0.0,0,0,0,-0.19,3.41,4,0.71,Rest
457054,STRESS,314,95478,-823.08,75,126.1,142.0,699.1,0.0,0.0,0,0,0,-0.19,3.41,4,0.71,Rest
458054,STRESS,314,95531,-647.38,75,126.1,142.0,699.1,0.0,0.0,0,0,0,-0.19,3.41,4,0.71,Rest
459055,STRESS,316,96001,-16.41,75,126.1,142.0,699.1,0.0,0.0,0,0,0,-0.19,3.41,4,0.71,Rest
460059,STRESS,316,96250,255.70,75,126.1,148.9,699.1,0.0,0.0,0,0,0,-0.24,3.41,4,0.67,Rest
461096,STRESS,317,95591,-380.52,76,128.8,152.0,699.1,0.0,0.0,0,0,0,-0.19,3.41,4,0.71,Rest
462097,STRESS,317,98154,2098.56,75,132.1,163.3,699.1,0.0,0.0,0,0,0,-0.32,3.41,4,0.61,Rest
463098,STRESS,316,98870,1988.04,75,132.1,163.3,699.1,0.0,0.0,0,0,0,-0.32,3.41,1,,
464099,STRESS,314,97744,708.14,75,132.1,163.3,699.1,0.0,0.0,0,0,0,-0.32,3.41,1,,
465099,STRESS,317,97122,48.33,75,132.1,163.3,699.1,0.0,0.0,0,0,0,-0.32,3.41,1,,
466099,STRESS,316,98116,887.27,75,132.1,163.3,699.1,0.0,0.0,0,0,0,-0.32,3.41,1,,
467100,STRESS,312,98459,976.76,75,132.1,163.3,699.1,0.0,0.0,0,0,0,-0.32,3.41,1,,
468102,STRESS,313,98810,1089.61,75,132.1,163.3,699.1,0.0,0.0,0,0,0,-0.32,3.41,1,,
469103,STRESS,314,98576,688.45,75,132.1,163.3,699.1,0.0,0.0,0,0,0,-0.32,3.41,1,,
470103,STRESS,313,98197,204.37,75,132.1,163.3,699.1,0.0,0.0,0,0,0,-0.32,3.41,1,,
471103,STRESS,315,98036,-22.76,75,132.1,163.3,699.1,0.0,0.0,0,0,0,-0.32,3.41,1,,
472104,STRESS,315,97939,-125.88,75,132.1,163.3,699.1,0.0,0.0,0,0,0,-0.32,3.41,1,,
473105,STRESS,314,98128,72.94,75,132.1,163.3,699.1,0.0,0.0,0,0,0,-0.32,3.41,1,,
474107,STRESS,314,97944,-103.32,75,132.1,163.3,699.1,0.0,0.0,0,0,0,-0.32,3.41,1,,
475107,STRESS,314,97798,-204.83,75,132.1,163.3,699.1,0.0,0.0,0,0,0,-0.32,3.41,1,,
476107,STRESS,313,97865,-107.95,75,132.1,163.3,699.1,0.0,0.0,0,0,0,-0.32,3.41,1,,
477108,STRESS,313,98172,171.55,75,132.1,163.3,705.7,0.0,0.0,0,0,0,-0.32,3.72,1,,
478109,STRESS,311,98505,472.74,75,131.4,164.7,705.7,0.0,0.0,0,0,0,-0.31,3.72,4,0.70,Rest
479110,STRESS,312,98411,343.85,76,133.8,168.8,705.7,0.0,0.0,0,0,0,-0.32,3.72,4,0.69,Rest
480110,STRESS,313,98060,-47.28,75,143.6,183.8,705.7,0.0,0.0,0,0,0,-0.57,3.72,4,0.51,Rest
481111,STRESS,312,98024,-114.23,77,170.6,237.2,705.7,0.0,0.0,0,0,0,-0.78,3.72,4,0.35,Rest
482112,STRESS,310,98010,-162.06,77,170.6,237.2,705.7,0.0,0.0,0,0,0,-0.78,3.72,1,,
483113,STRESS,309,98121,-104.73,77,170.6,237.2,705.7,0.0,0.0,0,0,0,-0.78,3.72,1,,
484116,STRESS,312,98592,301.76,77,170.6,237.2,705.7,0.0,0.0,0,0,0,-0.78,3.72,1,,
485154,STRESS,312,98691,360.23,77,170.6,237.2,705.7,0.0,0.0,0,0,0,-0.78,3.72,1,,
486159,STRESS,310,98907,525.79,77,170.6,237.2,705.7,0.0,0.0,0,0,0,-0.78,3.72,1,,
487197,STRESS,311,98356,-41.55,77,170.6,237.2,705.7,0.0,0.0,0,0,0,-0.78,3.72,1,,
488198,STRESS,313,98080,-301.23,77,170.6,237.2,705.7,0.0,0.0,0,0,0,-0.78,3.72,1,,
489198,STRESS,311,97939,-433.01,77,170.6,237.2,705.7,0.0,0.0,0,0,0,-0.78,3.72,1,,
490199,STRESS,308,98273,-50.61,77,170.6,237.2,705.7,0.0,0.0,0,0,0,-0.78,3.72,1,,
491200,STRESS,312,98586,256.14,77,171.3,242.8,705.7,0.0,0.0,0,0,0,-0.83,3.72,4,0.31,Rest
492240,STRESS,311,98692,342.30,77,171.2,242.8,705.7,0.0,0.0,0,0,0,-0.83,3.72,4,0.31,Rest
493242,STRESS,312,98051,-285.50,77,171.2,242.8,705.7,0.0,0.0,0,0,0,-0.83,3.72,4,0.31,Rest
494283,STRESS,313,97939,-373.48,76,174.4,244.6,705.7,0.0,0.0,0,0,0,-0.93,3.72,4,0.23,Rest
495285,STRESS,312,98165,-108.32,76,174.6,245.5,705.7,0.0,0.0,0,0,0,-0.97,3.72,4,0.21,Rest
496323,STRESS,310,98422,144.19,76,175.5,245.6,705.7,0.0,0.0,0,0,0,-1.00,3.72,4,0.18,Rest
497324,STRESS,309,98544,266.21,76,176.2,245.6,705.7,0.0,0.0,0,0,0,-1.02,3.72,4,0.16,Rest
498325,STRESS,310,98537,266.25,74,160.3,234.9,705.7,0.0,0.0,0,0,0,-1.04,3.72,4,0.15,Rest
499326,STRESS,311,97981,-285.42,73,140.7,220.3,705.7,0.0,0.0,0,0,0,-0.99,3.72,4,0.19,Rest
500327,STRESS,311,97992,-246.62,73,140.7,220.3,705.7,0.0,0.0,0,0,0,-0.99,3.72,4,0.19,Rest
501367,STRESS,310,97853,-306.62,73,140.7,220.4,705.7,0.0,0.0,0,0,0,-0.99,3.72,4,0.19,Rest
502367,STRESS,307,98075,-5.75,73,140.7,220.4,705.7,0.0,0.0,0,0,0,-0.99,3.72,4,0.19,Rest
503368,STRESS,308,97564,-456.57,73,140.7,220.3,705.7,0.0,0.0,0,0,0,-0.99,3.72,4,0.19,Rest
504370,STRESS,306,97463,-484.55,73,140.6,220.1,705.7,0.0,0.0,0,0,0,-0.99,3.72,4,0.19,Rest
505372,STRESS,307,97613,-247.27,73,140.6,220.1,705.7,0.0,0.0,0,0,0,-0.99,3.72,4,0.19,Rest
506410,STRESS,306,97829,56.05,73,140.2,220.0,705.7,0.0,0.0,0,0,0,-0.97,3.72,4,0.20,Rest
507411,STRESS,302,96942,-702.37,73,140.2,220.0,705.7,0.0,0.0,0,0,0,-0.97,3.72,4,0.20,Rest
508412,STRESS,297,97252,-307.82,73,140.2,220.0,705.7,0.0,0.0,0,0,0,-0.97,3.72,4,0.20,Rest
509412,STRESS,294,98066,436.78,73,140.7,220.0,705.7,0.0,0.0,0,0,0,-0.95,3.72,4,0.22,Rest
510413,STRESS,295,98221,501.41,73,139.6,216.1,705.7,0.0,0.0,0,0,0,-0.90,3.72,4,0.26,Rest
511414,STRESS,298,97571,-195.45,74,130.1,199.5,705.7,0.0,0.0,0,0,0,-0.68,3.72,4,0.42,Rest
512414,STRESS,300,97211,-496.97,74,130.2,197.1,705.7,0.0,0.0,0,0,0,-0.66,3.72,4,0.43,Rest
513415,STRESS,304,97451,-205.79,73,125.9,187.7,711.8,0.0,0.0,0,0,0,-0.63,4.01,4,0.53,Rest
514417,STRESS,305,97659,65.36,74,123.1,186.4,711.8,0.0,0.0,0,0,0,-0.57,4.01,4,0.57,Rest
515417,STRESS,306,97635,116.51,74,122.6,182.5,711.8,0.0,0.0,0,0,0,-0.53,4.01,4,0.60,Rest
516417,STRESS,307,96743,-660.04,74,122.6,182.5,711.8,0.0,0.0,0,0,0,-0.53,4.01,4,0.60,Rest
517418,STRESS,307,96797,-543.17,74,122.6,182.5,711.8,0.0,0.0,0,0,0,-0.53,4.01,4,0.60,Rest
518419,STRESS,308,97234,-112.48,73,120.5,167.0,711.8,0.0,0.0,0,0,0,-0.49,4.01,4,0.64,Rest
519420,STRESS,309,97480,130.37,74,110.2,89.9,711.8,0.0,0.0,0,0,0,0.12,4.01,4,1.09,Stress
520420,STRESS,307,97518,176.61,72,61.7,74.9,711.8,0.0,0.0,0,0,0,0.31,4.01,4,1.24,Stress
521421,STRESS,309,97972,614.32,71,43.9,54.5,711.8,0.0,0.0,0,0,0,0.45,4.01,4,1.34,Stress
522423,STRESS,305,97797,393.74,71,44.5,54.0,711.8,0.0,0.0,0,0,0,0.44,4.01,4,1.33,Stress
523423,STRESS,307,97012,-397.65,71,44.5,54.0,711.8,0.0,0.0,0,0,0,0.44,4.01,4,1.33,Stress
524423,STRESS,307,96998,-422.36,71,44.3,45.7,711.8,0.0,0.0,0,0,0,0.47,4.01,4,1.36,Stress
525424,STRESS,311,99532,2040.23,71,39.2,39.8,711.8,0.0,0.0,0,0,0,0.56,4.01,4,1.42,Stress
526425,STRESS,312,98787,885.23,71,45.2,49.2,711.8,0.0,0.0,0,0,0,0.50,4.01,4,1.38,Stress
527426,STRESS,311,98528,513.99,71,53.5,71.7,711.8,0.0,0.0,0,0,0,0.28,4.01,4,1.21,Stress
528427,STRESS,313,97728,-263.81,71,53.1,80.7,711.8,0.0,0.0,0,0,0,0.26,4.01,4,1.20,Stress
529427,STRESS,313,97589,-329.76,71,53.0,80.4,711.8,0.0,0.0,0,0,0,0.27,4.01,4,1.20,Stress
530432,STRESS,315,97497,-398.63,72,52.5,80.1,711.8,0.0,0.0,0,0,0,0.28,4.01,4,1.21,Stress
531471,STRESS,311,97939,57.14,71,53.1,80.1,711.8,0.0,0.0,0,0,0,0.27,4.01,4,1.20,Stress
532471,STRESS,310,98300,402.77,71,53.1,81.4,711.8,0.0,0.0,0,0,0,0.26,4.01,4,1.20,Stress
533474,STRESS,311,98098,182.66,71,52.6,82.8,711.8,0.0,0.0,0,0,0,0.22,4.01,4,1.17,Stress
534512,STRESS,304,97687,-231.37,72,84.5,106.2,711.8,0.0,0.0,0,0,0,-0.01,4.01,4,1.00,Rest
535513,STRESS,310,96338,-1454.79,72,84.5,106.2,711.8,0.0,0.0,0,0,0,-0.01,4.01,4,1.00,Rest
536514,STRESS,304,97971,195.85,72,84.5,106.2,711.8,0.0,0.0,0,0,0,-0.01,4.01,4,1.00,Rest
537515,STRESS,297,99856,1847.49,73,120.2,152.6,711.8,0.0,0.0,0,0,0,-0.37,4.01,4,0.72,Rest
538515,STRESS,299,99492,1154.20,73,120.2,152.6,711.8,0.0,0.0,0,0,0,-0.37,4.01,1,,
539516,STRESS,303,98438,-55.23,73,120.2,152.6,711.8,0.0,0.0,0,0,0,-0.37,4.01,1,,
540516,STRESS,307,98385,-49.46,73,120.2,152.6,711.8,0.0,0.0,0,0,0,-0.37,4.01,1,,
541517,STRESS,302,97422,-875.28,73,120.2,152.6,711.8,0.0,0.0,0,0,0,-0.37,4.01,1,,
542518,STRESS,305,97353,-765.20,73,120.2,152.6,711.8,0.0,0.0,0,0,0,-0.37,4.01,1,,
543518,STRESS,301,98125,125.69,73,120.2,152.6,711.8,0.0,0.0,0,0,0,-0.37,4.01,1,,
544519,STRESS,293,97043,-852.07,73,120.2,152.6,711.8,0.0,0.0,0,0,0,-0.37,4.01,1,,
545520,STRESS,291,97102,-695.78,73,120.2,152.6,711.8,0.0,0.0,0,0,0,-0.37,4.01,1,,
546521,STRESS,297,97799,178.91,73,120.2,152.6,711.8,0.0,0.0,0,0,0,-0.37,4.01,1,,
547521,STRESS,307,96526,-853.04,73,120.2,152.6,711.8,0.0,0.0,0,0,0,-0.37,4.01,1,,
548522,STRESS,292,100264,2633.03,73,120.2,152.6,711.8,0.0,0.0,0,0,0,-0.37,4.01,1,,
549523,STRESS,284,99131,1106.48,73,120.2,152.6,716.7,15.8,2.0,1,1,0,-0.37,4.24,1,,
550527,STRESS,288,98619,365.21,73,120.2,152.6,716.7,15.8,2.0,1,1,0,-0.37,4.24,1,,
551564,STRESS,292,99072,732.61,73,120.2,152.6,716.7,15.8,2.0,1,1,0,-0.37,4.24,1,,
552565,STRESS,300,98571,140.81,73,120.2,152.6,716.7,15.8,2.0,1,1,0,-0.37,4.24,1,,
553567,STRESS,299,98667,160.23,73,120.2,152.6,716.7,15.8,2.0,1,1,0,-0.37,4.24,1,,
554567,STRESS,301,99051,456.55,73,120.2,152.6,716.7,15.8,2.0,1,1,0,-0.37,4.24,1,,
555570,STRESS,298,98497,-129.84,73,120.2,152.6,716.7,15.8,2.0,1,1,0,-0.37,4.24,1,,
556609,STRESS,301,98003,-561.98,74,120.6,169.1,716.7,15.8,2.0,1,1,0,-0.45,4.24,4,0.72,Rest
557610,STRESS,304,98052,-372.51,74,120.6,169.1,716.7,15.8,2.0,1,1,0,-0.45,4.24,4,0.72,Rest
558610,STRESS,299,96573,-1526.95,74,120.6,169.1,716.7,15.8,2.0,1,1,0,-0.45,4.24,4,0.72,Rest
559611,STRESS,302,96901,-849.67,74,120.6,169.1,716.7,15.8,2.0,1,1,0,-0.45,4.24,4,0.72,Rest
560616,STRESS,301,95988,-1431.79,74,120.6,169.1,716.7,15.8,2.0,1,1,0,-0.45,4.24,4,0.72,Rest
561654,STRESS,302,96244,-872.61,74,120.6,169.1,716.7,15.8,2.0,1,1,0,-0.45,4.24,4,0.72,Rest
562654,STRESS,303,94846,-1918.27,74,120.6,169.1,716.7,15.8,2.0,1,1,0,-0.45,4.24,4,0.72,Rest
563654,STRESS,304,94908,-1439.64,74,120.6,169.1,716.7,15.8,2.0,1,1,0,-0.45,4.24,4,0.72,Rest
564655,STRESS,306,95203,-809.94,74,120.6,169.1,716.7,15.8,2.0,1,1,0,-0.45,4.24,4,0.72,Rest
565656,STRESS,307,93996,-1692.38,74,120.6,169.1,716.7,15.8,2.0,1,1,0,-0.45,4.24,4,0.72,Rest
566656,STRESS,306,94032,-1355.80,74,120.6,169.1,716.7,15.8,2.0,1,1,0,-0.45,4.24,4,0.72,Rest
567657,STRESS,306,95145,-30.97,74,120.6,169.1,716.7,15.8,2.0,1,1,0,-0.45,4.24,4,0.72,Rest
568658,STRESS,305,94927,-145.13,74,120.6,169.1,716.7,15.8,2.0,1,1,0,-0.45,4.24,4,0.72,Rest
569659,STRESS,305,93806,-1089.67,74,120.6,169.1,716.7,15.8,2.0,1,1,0,-0.45,4.24,4,0.72,Rest
570660,STRESS,304,94165,-583.93,74,120.6,169.1,716.7,15.8,2.0,1,1,0,-0.45,4.24,4,0.72,Rest
571660,STRESS,305,94477,-109.84,74,120.6,169.1,716.7,15.8,2.0,1,1,0,-0.45,4.24,4,0.72,Rest
572661,STRESS,306,93365,-1051.29,74,120.6,169.1,716.7,15.8,2.0,1,1,0,-0.45,4.24,4,0.72,Rest
573662,STRESS,307,93105,-1042.21,74,120.6,169.1,716.7,15.8,2.0,1,1,0,-0.45,4.24,4,0.72,Rest
574663,STRESS,304,93501,-423.93,74,120.6,169.1,716.7,15.8,2.0,1,1,0,-0.45,4.24,4,0.72,Rest
575663,STRESS,306,91912,-1737.68,74,120.6,169.1,716.7,15.8,2.0,1,1,0,-0.45,4.24,4,0.72,Rest
576664,STRESS,308,92573,-806.37,74,120.6,169.1,716.7,15.8,2.0,1,1,0,-0.45,4.24,4,0.72,Rest
577665,STRESS,310,93024,-153.91,74,120.6,169.1,716.7,15.8,2.0,1,1,0,-0.45,4.24,4,0.72,Rest
578666,STRESS,303,91793,-1214.94,74,120.6,169.1,716.7,15.8,2.0,1,1,0,-0.45,4.24,4,0.72,Rest
579667,STRESS,301,92377,-505.98,74,120.6,169.1,716.7,15.8,2.0,1,1,0,-0.45,4.24,4,0.72,Rest
580668,STRESS,304,93214,347.67,73,120.2,169.1,716.7,15.8,2.0,1,1,0,-0.46,4.24,4,0.71,Rest
581669,STRESS,301,93545,659.77,73,120.2,169.3,716.7,15.8,2.0,1,1,0,-0.48,4.24,4,0.70,Rest
582670,STRESS,302,92502,-416.73,73,120.2,169.2,716.7,15.8,2.0,1,1,0,-0.49,4.24,4,0.69,Rest
583671,STRESS,304,92716,-205.15,73,120.2,169.4,716.7,15.8,2.0,1,1,0,-0.49,4.24,4,0.69,Rest
584672,STRESS,304,92681,-208.16,73,120.2,169.6,716.7,15.8,2.0,1,1,0,-0.48,4.24,4,0.70,Rest
585672,STRESS,302,93385,458.22,73,120.1,169.4,721.6,0.0,0.0,0,0,0,-0.46,4.48,4,0.77,Rest
586673,STRESS,301,92744,-230.77,74,125.6,172.5,721.6,0.0,0.0,0,0,0,-0.41,4.48,4,0.81,Rest
587674,STRESS,301,92941,-72.87,74,128.9,187.7,721.6,0.0,0.0,0,0,0,-0.55,4.48,4,0.71,Rest
588674,STRESS,303,93246,172.91,74,128.2,191.3,721.6,0.0,0.0,0,0,0,-0.54,4.48,4,0.71,Rest
589675,STRESS,303,93909,734.62,76,155.1,218.3,721.6,0.0,0.0,0,0,0,-0.68,4.48,4,0.61,Rest
590675,STRESS,305,94098,792.78,76,155.1,218.3,721.6,0.0,0.0,0,0,0,-0.68,4.48,1,,
591677,STRESS,301,94136,724.52,76,155.1,218.3,721.6,0.0,0.0,0,0,0,-0.68,4.48,1,,
592677,STRESS,301,93334,-151.96,76,155.1,218.3,721.6,0.0,0.0,0,0,0,-0.68,4.48,1,,
593678,STRESS,302,93264,-273.61,76,155.1,218.3,721.6,0.0,0.0,0,0,0,-0.68,4.48,1,,
594679,STRESS,301,93023,-494.52,76,155.1,218.3,721.6,0.0,0.0,0,0,0,-0.68,4.48,1,,
595679,STRESS,302,93348,-143.43,76,155.1,218.3,721.6,0.0,0.0,0,0,0,-0.68,4.48,1,,
596681,STRESS,300,93515,60.87,76,155.1,218.3,721.6,0.0,0.0,0,0,0,-0.68,4.48,1,,
597682,STRESS,300,93846,389.39,76,156.8,245.4,721.6,0.0,0.0,0,0,0,-0.88,4.48,4,0.46,Rest
598683,STRESS,298,94260,743.45,76,156.8,245.6,721.6,0.0,0.0,0,0,0,-0.88,4.48,4,0.46,Rest
599688,STRESS,299,93930,389.34,75,157.1,238.1,721.6,0.0,0.0,0,0,0,-0.89,4.48,4,0.45,Rest
600725,STRESS,299,93257,-271.59,76,155.4,235.7,721.6,0.0,0.0,0,0,0,-0.85,4.48,4,0.48,Rest
601767,STRESS,301,93318,-217.13,75,155.6,236.6,721.6,0.0,0.0,0,0,0,-0.87,4.48,4,0.46,Rest
602805,STRESS,304,93964,352.15,75,157.2,237.1,721.6,0.0,0.0,0,0,0,-0.91,4.48,4,0.43,Rest
603806,STRESS,303,94576,820.17,77,179.4,256.3,721.6,0.0,0.0,0,0,0,-0.98,4.48,4,0.38,Rest
604807,STRESS,304,94655,790.30,77,179.4,256.3,721.6,0.0,0.0,0,0,0,-0.98,4.48,1,,
605808,STRESS,304,94060,96.20,77,179.4,256.3,721.6,0.0,0.0,0,0,0,-0.98,4.48,1,,
606809,STRESS,299,93609,-356.77,77,179.4,256.3,721.6,0.0,0.0,0,0,0,-0.98,4.48,1,,
607809,STRESS,299,93757,-187.41,77,179.4,256.3,721.6,0.0,0.0,0,0,0,-0.98,4.48,1,,
608811,STRESS,298,94282,318.14,77,179.4,256.3,721.6,0.0,0.0,0,0,0,-0.98,4.48,1,,
609811,STRESS,294,94132,186.12,77,179.4,256.3,721.6,0.0,0.0,0,0,0,-0.98,4.48,1,,
610815,STRESS,295,94299,332.08,77,179.4,256.3,721.6,0.0,0.0,0,0,0,-0.98,4.48,1,,
611853,STRESS,297,93448,-519.56,77,179.4,256.3,721.6,0.0,0.0,0,0,0,-0.98,4.48,1,,
612854,STRESS,293,93679,-250.37,77,179.4,276.2,721.6,0.0,0.0,0,0,0,-1.11,4.48,4,0.29,Rest
613854,STRESS,294,93839,-77.52,77,179.8,275.8,721.6,0.0,0.0,0,0,0,-1.12,4.48,4,0.28,Rest
614855,STRESS,304,92588,-1197.65,77,179.7,275.8,721.6,0.0,0.0,0,0,0,-1.12,4.48,4,0.28,Rest
615856,STRESS,302,94308,795.40,77,179.7,275.8,721.6,0.0,0.0,0,0,0,-1.12,4.48,4,0.28,Rest
616857,STRESS,298,92187,-1159.94,77,179.7,275.8,721.6,0.0,0.0,0,0,0,-1.12,4.48,4,0.28,Rest
617858,STRESS,297,92685,-487.67,77,179.7,275.8,721.6,0.0,0.0,0,0,0,-1.12,4.48,4,0.28,Rest
618859,STRESS,286,100479,6334.80,77,179.7,275.8,721.6,0.0,0.0,0,0,0,-1.12,4.48,4,0.28,Rest
619859,STRESS,283,101186,5629.73,77,179.7,275.8,721.6,0.0,0.0,0,0,0,-1.12,4.48,1,,
620860,STRESS,294,100738,3963.92,77,179.7,275.8,721.6,0.0,0.0,0,0,0,-1.12,4.48,1,,
621861,STRESS,296,99769,2183.00,77,179.7,275.8,721.7,0.0,0.0,0,0,0,-1.12,4.48,1,,
622862,STRESS,296,100074,2044.71,77,179.7,275.8,721.7,0.0,0.0,0,0,0,-1.12,4.48,1,,
623863,STRESS,302,100071,1623.15,77,179.7,275.8,721.7,0.0,0.0,0,0,0,-1.12,4.48,1,,
624863,STRESS,305,99053,391.25,77,179.7,275.8,721.7,0.0,0.0,0,0,0,-1.12,4.48,1,,
625864,STRESS,307,100111,1208.73,77,179.7,275.8,721.7,0.0,0.0,0,0,0,-1.12,4.48,1,,
626865,STRESS,307,99630,473.44,77,179.7,275.8,721.7,0.0,0.0,0,0,0,-1.12,4.48,1,,
627868,STRESS,307,99798,549.77,77,179.7,275.8,721.7,0.0,0.0,0,0,0,-1.12,4.48,1,,
628868,STRESS,309,99291,-14.52,77,179.7,275.8,721.7,0.0,0.0,0,0,0,-1.12,4.48,1,,
629868,STRESS,308,99247,-70.40,77,179.7,275.8,721.7,0.0,0.0,0,0,0,-1.12,4.48,1,,
630869,STRESS,305,99753,367.61,77,179.7,275.8,721.7,0.0,0.0,0,0,0,-1.12,4.48,1,,
631871,STRESS,305,99750,337.58,77,179.4,268.6,721.7,0.0,0.0,0,0,0,-1.05,4.48,1,,
632912,STRESS,305,98838,-536.34,76,170.4,260.3,721.7,0.0,0.0,0,0,0,-1.05,4.48,4,0.33,Rest
633951,STRESS,305,98811,-483.17,76,170.4,244.6,721.7,0.0,0.0,0,0,0,-0.95,4.48,4,0.40,Rest
634953,STRESS,306,99422,173.68,74,149.9,233.0,721.7,0.0,0.0,0,0,0,-0.92,4.48,4,0.43,Rest
635954,STRESS,306,99699,392.05,74,150.3,233.0,721.7,0.0,0.0,0,0,0,-0.97,4.48,4,0.39,Rest
636954,STRESS,306,99352,119.46,74,150.8,233.2,721.7,0.0,0.0,0,0,0,-1.00,4.48,4,0.37,Rest
637954,STRESS,307,98642,-533.56,74,150.7,233.5,721.7,0.0,0.0,0,0,0,-0.99,4.48,4,0.38,Rest
638956,STRESS,299,98740,-439.86,74,150.7,233.4,721.7,0.0,0.0,0,0,0,-0.98,4.48,4,0.38,Rest
639956,STRESS,304,98859,47.56,74,150.7,233.4,721.7,0.0,0.0,0,0,0,-0.98,4.48,4,0.38,Rest
640958,STRESS,307,99952,1083.62,74,150.7,233.4,721.7,0.0,0.0,0,0,0,-0.98,4.48,4,0.38,Rest
641958,STRESS,301,99765,705.62,74,150.7,233.4,721.7,0.0,0.0,0,0,0,-0.98,4.48,4,0.38,Rest
642959,STRESS,302,99927,727.48,74,151.0,233.8,721.7,0.0,0.0,0,0,0,-0.98,4.48,4,0.39,Rest
643959,STRESS,305,99913,585.07,74,151.9,234.0,721.7,0.0,0.0,0,0,0,-0.95,4.48,4,0.40,Rest
644960,STRESS,306,98962,-386.16,74,147.2,219.5,721.7,0.0,0.0,0,0,0,-0.89,4.48,4,0.45,Rest
645961,STRESS,306,98828,-461.54,74,142.8,216.5,721.7,0.0,0.0,0,0,0,-0.78,4.48,4,0.53,Rest
646961,STRESS,304,98706,-500.22,75,143.7,216.5,721.7,0.0,0.0,0,0,0,-0.76,4.48,4,0.55,Rest
647963,STRESS,306,97993,-1025.70,75,143.7,216.5,721.7,0.0,0.0,0,0,0,-0.76,4.48,4,0.55,Rest
648966,STRESS,307,97722,-1081.71,75,143.7,216.5,721.7,0.0,0.0,0,0,0,-0.76,4.48,4,0.55,Rest
650004,STRESS,310,98078,-524.91,75,143.7,216.5,721.7,0.0,0.0,0,0,0,-0.76,4.48,4,0.55,Rest
651006,STRESS,302,98132,-298.11,75,143.7,216.5,721.7,0.0,0.0,0,0,0,-0.76,4.48,4,0.55,Rest
652046,STRESS,301,96570,-1594.91,75,143.7,216.5,721.7,0.0,0.0,0,0,0,-0.76,4.48,4,0.55,Rest
653046,STRESS,303,96241,-1617.22,75,143.7,216.5,721.7,0.0,0.0,0,0,0,-0.76,4.48,4,0.55,Rest
654047,STRESS,305,96570,-955.12,75,143.7,216.5,721.7,0.0,0.0,0,0,0,-0.76,4.48,4,0.55,Rest
655048,STRESS,307,96528,-746.69,75,143.7,216.5,721.7,0.0,0.0,0,0,0,-0.76,4.48,4,0.55,Rest
656049,STRESS,304,95703,-1298.48,75,143.7,216.5,721.7,0.0,0.0,0,0,0,-0.76,4.48,4,0.55,Rest
657050,STRESS,305,95595,-1160.90,75,143.7,216.5,721.7,0.0,0.0,0,0,0,-0.76,4.48,4,0.55,Rest
658050,STRESS,308,95870,-662.11,75,143.7,216.5,720.8,0.0,0.0,0,0,0,-0.76,4.44,4,0.54,Rest
659051,STRESS,309,96138,-240.75,75,143.7,216.5,720.8,0.0,0.0,0,0,0,-0.76,4.44,4,0.54,Rest
660052,STRESS,310,96405,139.92,75,143.7,216.5,720.8,0.0,0.0,0,0,0,-0.76,4.44,4,0.54,Rest
661054,STRESS,313,96912,708.62,75,144.6,193.4,720.8,0.0,0.0,0,0,0,-0.64,4.44,4,0.63,Rest
662054,STRESS,313,99550,2737.49,74,121.5,170.9,720.8,0.0,0.0,0,0,0,-0.44,4.44,4,0.78,Rest
663054,STRESS,314,97715,505.07,74,121.5,170.9,720.8,0.0,0.0,0,0,0,-0.44,4.44,1,,
664055,STRESS,313,97248,-129.71,74,121.5,170.9,720.8,0.0,0.0,0,0,0,-0.44,4.44,1,,
665056,STRESS,314,97189,-264.12,74,121.5,170.9,720.8,0.0,0.0,0,0,0,-0.44,4.44,1,,
666057,STRESS,313,97707,198.88,74,121.5,170.9,720.8,0.0,0.0,0,0,0,-0.44,4.44,1,,
667059,STRESS,313,97924,386.46,74,121.5,170.9,720.8,0.0,0.0,0,0,0,-0.44,4.44,1,,
668099,STRESS,315,98136,592.13,74,122.5,183.6,720.8,0.0,0.0,0,0,0,-0.54,4.44,4,0.71,Rest
669099,STRESS,314,98131,622.33,74,122.5,183.7,720.8,0.0,0.0,0,0,0,-0.54,4.44,4,0.70,Rest
670101,STRESS,315,97245,-204.30,74,122.2,182.1,720.8,0.0,0.0,0,0,0,-0.53,4.44,4,0.71,Rest
671101,STRESS,315,96395,-949.81,73,125.0,181.8,720.8,0.0,0.0,0,0,0,-0.58,4.44,4,0.67,Rest
672106,STRESS,315,96246,-992.77,73,124.9,181.2,720.8,0.0,0.0,0,0,0,-0.58,4.44,4,0.68,Rest
673143,STRESS,313,95972,-1172.95,73,127.6,153.8,720.8,0.0,0.0,0,0,0,-0.46,4.44,4,0.76,Rest
674144,STRESS,312,96165,-867.74,71,88.3,113.3,720.8,0.0,0.0,0,0,0,-0.18,4.44,4,0.97,Rest
675144,DONE,311,96737,-240.93,71,89.2,113.3,720.8,0.0,0.0,0,0,0,-0.18,,0,,
676146,DONE,309,96743,-266.76,71,89.2,114.1,720.8,0.0,0.0,0,0,0,-0.18,,0,,
677146,DONE,303,97335,340.86,71,90.1,112.8,720.8,0.0,0.0,0,0,0,-0.18,,0,,
678148,DONE,300,97506,535.77,71,88.6,113.6,720.8,0.0,0.0,0,0,0,-0.18,,0,,
679152,DONE,302,96899,-49.89,70,88.3,113.6,720.8,0.0,0.0,0,0,0,-0.18,,0,,
680189,DONE,297,96058,-790.29,71,88.8,114.4,720.8,0.0,0.0,0,0,0,-0.18,,0,,
681190,DONE,292,96735,-71.18,71,88.6,114.4,720.8,0.0,0.0,0,0,0,-0.18,,0,,
682191,DONE,292,97532,622.95,70,89.6,115.1,720.8,0.0,0.0,0,0,0,-0.18,,0,,
683194,DONE,294,97774,725.37,71,93.6,120.4,720.8,0.0,0.0,0,0,0,-0.18,,0,,
684232,DONE,291,98793,1597.34,71,93.6,120.4,720.8,0.0,0.0,0,0,0,-0.18,,0,,
685234,DONE,293,99860,2118.63,70,120.2,178.2,720.8,0.0,0.0,0,0,0,-0.18,,0,,
686234,DONE,289,97692,-268.00,70,126.0,195.9,720.8,0.0,0.0,0,0,0,-0.18,,0,,
687234,DONE,293,97332,-603.80,69,123.4,197.5,720.8,0.0,0.0,0,0,0,-0.18,,0,,
688236,DONE,295,97676,-244.23,69,122.9,197.9,720.8,0.0,0.0,0,0,0,-0.18,,0,,
689236,DONE,295,97697,-196.80,69,124.1,198.9,720.8,0.0,0.0,0,0,0,-0.18,,0,,
690237,DONE,294,98184,307.20,68,129.0,208.8,720.8,0.0,0.0,0,0,0,-0.18,,0,,
691240,DONE,295,98715,813.86,68,129.0,208.8,720.8,0.0,0.0,0,0,0,-0.18,,0,,
