pc_time_iso,elapsed_pc_s,mean_hr,final_ppg_stress_score,final_gsr_stress_score,integrated_stress_score,integrated_level_code,integrated_level,mode_code,mode,ppg_ready,gsr_ready,label_valid,measuring,raw_hex
2026-05-05T08:35:12.473,56.875,-1,-1,-1,-1,0,NONE,1,STABILIZING,0,0,0,1,00 00 80 bf 00 00 80 bf 00 00 80 bf 00 00 80 bf 00 01 08
2026-05-05T08:35:13.490,57.892,-1,-1,-1,-1,0,NONE,1,STABILIZING,0,0,0,1,00 00 80 bf 00 00 80 bf 00 00 80 bf 00 00 80 bf 00 01 08
2026-05-05T08:35:14.450,58.852,-1,-1,-1,-1,0,NONE,1,STABILIZING,0,0,0,1,00 00 80 bf 00 00 80 bf 00 00 80 bf 00 00 80 bf 00 01 08
2026-05-05T08:35:15.470,59.872,-1,-1,-1,-1,0,NONE,1,STABILIZING,0,0,0,1,00 00 80 bf 00 00 80 bf 00 00 80 bf 00 00 80 bf 00 01 08
2026-05-05T08:35:16.490,60.893,-1,-1,-1,-1,0,NONE,1,STABILIZING,0,0,0,1,00 00 80 bf 00 00 80 bf 00 00 80 bf 00 00 80 bf 00 01 08
2026-05-05T08:35:17.450,61.852,-1,-1,-1,-1,0,NONE,1,STABILIZING,0,0,0,1,00 00 80 bf 00 00 80 bf 00 00 80 bf 00 00 80 bf 00 01 08
2026-05-05T08:35:18.530,62.932,-1,-1,-1,-1,0,NONE,1,STABILIZING,0,0,0,1,00 00 80 bf 00 00 80 bf 00 00 80 bf 00 00 80 bf 00 01 08
2026-05-05T08:35:19.490,63.892,-1,-1,-1,-1,0,NONE,1,STABILIZING,0,0,0,1,00 00 80 bf 00 00 80 bf 00 00 80 bf 00 00 80 bf 00 01 08
2026-05-05T08:35:20.571,64.973,-1,-1,-1,-1,0,NONE,1,STABILIZING,0,0,0,1,00 00 80 bf 00 00 80 bf 00 00 80 bf 00 00 80 bf 00 01 08
2026-05-05T08:35:21.470,65.873,-1,-1,-1,-1,0,NONE,1,STABILIZING,0,0,0,1,00 00 80 bf 00 00 80 bf 00 00 80 bf 00 00 80 bf 00 01 08
2026-05-05T08:35:22.490,66.892,-1,-1,-1,-1,0,NONE,1,STABILIZING,0,0,0,1,00 00 80 bf 00 00 80 bf 00 00 80 bf 00 00 80 bf 00 01 08
2026-05-05T08:35:23.509,67.912,-1,-1,-1,-1,0,NONE,1,STABILIZING,0,0,0,1,00 00 80 bf 00 00 80 bf 00 00 80 bf 00 00 80 bf 00 01 08
2026-05-05T08:35:24.470,68.872,-1,-1,-1,-1,0,NONE,1,STABILIZING,0,0,0,1,00 00 80 bf 00 00 80 bf 00 00 80 bf 00 00 80 bf 00 01 08
2026-05-05T08:35:25.490,69.892,-1,-1,-1,-1,0,NONE,1,STABILIZING,0,0,0,1,00 00 80 bf 00 00 80 bf 00 00 80 bf 00 00 80 bf 00 01 08
2026-05-05T08:35:26.450,70.852,-1,-1,-1,-1,0,NONE,2,CALIBRATION,0,0,0,1,00 00 80 bf 00 00 80 bf 00 00 80 bf 00 00 80 bf 00 02 08
2026-05-05T08:35:27.533,71.935,-1,-1,-1,-1,0,NONE,2,CALIBRATION,0,0,0,1,00 00 80 bf 00 00 80 bf 00 00 80 bf 00 00 80 bf 00 02 08
2026-05-05T08:35:28.490,72.892,-1,-1,-1,-1,0,NONE,2,CALIBRATION,0,0,0,1,00 00 80 bf 00 00 80 bf 00 00 80 bf 00 00 80 bf 00 02 08
2026-05-05T08:35:29.571,73.973,-1,-1,-1,-1,0,NONE,2,CALIBRATION,0,0,0,1,00 00 80 bf 00 00 80 bf 00 00 80 bf 00 00 80 bf 00 02 08
2026-05-05T08:35:30.530,74.933,-1,-1,-1,-1,0,NONE,2,CALIBRATION,0,0,0,1,00 00 80 bf 00 00 80 bf 00 00 80 bf 00 00 80 bf 00 02 08
2026-05-05T08:35:31.550,75.953,-1,-1,-1,-1,0,NONE,2,CALIBRATION,0,0,0,1,00 00 80 bf 00 00 80 bf 00 00 80 bf 00 00 80 bf 00 02 08
2026-05-05T08:35:32.570,76.972,-1,-1,-1,-1,0,NONE,2,CALIBRATION,0,0,0,1,00 00 80 bf 00 00 80 bf 00 00 80 bf 00 00 80 bf 00 02 08
2026-05-05T08:35:33.651,78.053,89.888,-1,-1,-1,0,NONE,2,CALIBRATION,0,0,0,1,79 c6 b3 42 00 00 80 bf 00 00 80 bf 00 00 80 bf 00 02 08
2026-05-05T08:35:34.610,79.012,90.439,-1,-1,-1,0,NONE,2,CALIBRATION,0,0,0,1,e9 e0 b4 42 00 00 80 bf 00 00 80 bf 00 00 80 bf 00 02 08
2026-05-05T08:35:35.630,80.032,91.124,-1,-1,-1,0,NONE,2,CALIBRATION,0,0,0,1,6a 3f b6 42 00 00 80 bf 00 00 80 bf 00 00 80 bf 00 02 08
2026-05-05T08:35:36.651,81.053,91.085,-1,-1,-1,0,NONE,2,CALIBRATION,0,0,0,1,62 2b b6 42 00 00 80 bf 00 00 80 bf 00 00 80 bf 00 02 08
2026-05-05T08:35:37.610,82.012,90.829,-1,-1,-1,0,NONE,2,CALIBRATION,0,0,0,1,5b a8 b5 42 00 00 80 bf 00 00 80 bf 00 00 80 bf 00 02 08
2026-05-05T08:35:38.630,83.033,91.176,-1,-1,-1,0,NONE,2,CALIBRATION,0,0,0,1,dd 59 b6 42 00 00 80 bf 00 00 80 bf 00 00 80 bf 00 02 08
2026-05-05T08:35:39.650,84.053,91.371,-1,-1,-1,0,NONE,2,CALIBRATION,0,0,0,1,b9 bd b6 42 00 00 80 bf 00 00 80 bf 00 00 80 bf 00 02 08
2026-05-05T08:35:40.670,85.072,91.975,-1,-1,-1,0,NONE,2,CALIBRATION,0,0,0,1,12 f3 b7 42 00 00 80 bf 00 00 80 bf 00 00 80 bf 00 02 08
2026-05-05T08:35:41.690,86.092,92.45,-1,-1,-1,0,NONE,2,CALIBRATION,0,0,0,1,5c e6 b8 42 00 00 80 bf 00 00 80 bf 00 00 80 bf 00 02 08
2026-05-05T08:35:42.650,87.052,92.507,-1,-1,-1,0,NONE,2,CALIBRATION,0,0,0,1,8e 03 b9 42 00 00 80 bf 00 00 80 bf 00 00 80 bf 00 02 08
2026-05-05T08:35:43.670,88.072,92.612,-1,-1,-1,0,NONE,2,CALIBRATION,0,0,0,1,63 39 b9 42 00 00 80 bf 00 00 80 bf 00 00 80 bf 00 02 08
2026-05-05T08:35:44.690,89.092,92.661,-1,-1,-1,0,NONE,2,CALIBRATION,0,0,0,1,6c 52 b9 42 00 00 80 bf 00 00 80 bf 00 00 80 bf 00 02 08
2026-05-05T08:35:45.650,90.052,92.507,-1,-1,-1,0,NONE,2,CALIBRATION,0,0,0,1,8e 03 b9 42 00 00 80 bf 00 00 80 bf 00 00 80 bf 00 02 08
2026-05-05T08:35:46.670,91.072,92.554,-1,-1,-1,0,NONE,2,CALIBRATION,0,0,0,1,b8 1b b9 42 00 00 80 bf 00 00 80 bf 00 00 80 bf 00 02 08
2026-05-05T08:35:47.691,92.093,92.424,-1,-1,-1,0,NONE,2,CALIBRATION,0,0,0,1,57 d9 b8 42 00 00 80 bf 00 00 80 bf 00 00 80 bf 00 02 08
2026-05-05T08:35:48.711,93.113,92.47,-1,-1,-1,0,NONE,2,CALIBRATION,0,0,0,1,6c f0 b8 42 00 00 80 bf 00 00 80 bf 00 00 80 bf 00 02 08
2026-05-05T08:35:49.670,94.072,92.512,-1,-1,-1,0,NONE,2,CALIBRATION,0,0,0,1,fd 05 b9 42 00 00 80 bf 00 00 80 bf 00 00 80 bf 00 02 08
2026-05-05T08:35:50.750,95.152,92.507,-1,-1,-1,0,NONE,2,CALIBRATION,0,0,0,1,8e 03 b9 42 00 00 80 bf 00 00 80 bf 00 00 80 bf 00 02 08
2026-05-05T08:35:51.710,96.112,92.697,-1,-1,-1,0,NONE,2,CALIBRATION,0,0,0,1,1e 65 b9 42 00 00 80 bf 00 00 80 bf 00 00 80 bf 00 02 08
2026-05-05T08:35:52.671,97.073,92.831,-1,-1,-1,0,NONE,2,CALIBRATION,0,0,0,1,a8 a9 b9 42 00 00 80 bf 00 00 80 bf 00 00 80 bf 00 02 08
2026-05-05T08:35:53.690,98.092,92.507,-1,-1,-1,0,NONE,2,CALIBRATION,0,0,0,1,8e 03 b9 42 00 00 80 bf 00 00 80 bf 00 00 80 bf 00 02 08
2026-05-05T08:35:54.770,99.173,92.75,-1,-1,-1,0,NONE,2,CALIBRATION,0,0,0,1,05 80 b9 42 00 00 80 bf 00 00 80 bf 00 00 80 bf 00 02 08
2026-05-05T08:35:55.670,100.072,92.147,-1,-1,-1,0,NONE,2,CALIBRATION,0,0,0,1,46 4b b8 42 00 00 80 bf 00 00 80 bf 00 00 80 bf 00 02 08
2026-05-05T08:35:56.690,101.092,92.133,-1,-1,-1,0,NONE,2,CALIBRATION,0,0,0,1,08 44 b8 42 00 00 80 bf 00 00 80 bf 00 00 80 bf 00 02 08
2026-05-05T08:35:57.650,102.053,91.945,-1,-1,-1,0,NONE,2,CALIBRATION,0,0,0,1,a7 e3 b7 42 00 00 80 bf 00 00 80 bf 00 00 80 bf 00 02 08
2026-05-05T08:35:58.670,103.073,91.781,-1,-1,-1,0,NONE,2,CALIBRATION,0,0,0,1,a3 8f b7 42 00 00 80 bf 00 00 80 bf 00 00 80 bf 00 02 08
2026-05-05T08:35:59.690,104.092,91.384,-1,-1,-1,0,NONE,2,CALIBRATION,0,0,0,1,da c4 b6 42 00 00 80 bf 00 00 80 bf 00 00 80 bf 00 02 08
2026-05-05T08:36:00.711,105.113,91.015,-1,-1,-1,0,NONE,2,CALIBRATION,0,0,0,1,96 07 b6 42 00 00 80 bf 00 00 80 bf 00 00 80 bf 00 02 08
2026-05-05T08:36:01.671,106.073,90.28,-1,-1,-1,0,NONE,2,CALIBRATION,0,0,0,1,4b 8f b4 42 00 00 80 bf 00 00 80 bf 00 00 80 bf 00 02 08
2026-05-05T08:36:02.690,107.092,89.924,-1,-1,-1,0,NONE,2,CALIBRATION,0,0,0,1,dd d8 b3 42 00 00 80 bf 00 00 80 bf 00 00 80 bf 00 02 08
2026-05-05T08:36:03.710,108.112,89.561,-1,-1,-1,0,NONE,2,CALIBRATION,0,0,0,1,4f 1f b3 42 00 00 80 bf 00 00 80 bf 00 00 80 bf 00 02 08
2026-05-05T08:36:04.670,109.072,89.548,-1,-1,-1,0,NONE,2,CALIBRATION,0,0,0,1,77 18 b3 42 00 00 80 bf 00 00 80 bf 00 00 80 bf 00 02 08
2026-05-05T08:36:05.690,110.092,89.388,-1,-1,-1,0,NONE,2,CALIBRATION,0,0,0,1,80 c6 b2 42 00 00 80 bf 00 00 80 bf 00 00 80 bf 00 02 08
2026-05-05T08:36:06.771,111.173,89.206,-1,-1,-1,0,NONE,2,CALIBRATION,0,0,0,1,82 69 b2 42 00 00 80 bf 00 00 80 bf 00 00 80 bf 00 02 08
2026-05-05T08:36:07.670,112.072,89.206,-1,-1,-1,0,NONE,2,CALIBRATION,0,0,0,1,82 69 b2 42 00 00 80 bf 00 00 80 bf 00 00 80 bf 00 02 08
2026-05-05T08:36:08.690,113.092,89.206,-1,-1,-1,0,NONE,2,CALIBRATION,0,0,0,1,82 69 b2 42 00 00 80 bf 00 00 80 bf 00 00 80 bf 00 02 08
2026-05-05T08:36:09.710,114.112,89.03,-1,-1,-1,0,NONE,2,CALIBRATION,0,0,0,1,25 0f b2 42 00 00 80 bf 00 00 80 bf 00 00 80 bf 00 02 08
2026-05-05T08:36:10.730,115.132,89.008,-1,-1,-1,0,NONE,2,CALIBRATION,0,0,0,1,e0 03 b2 42 00 00 80 bf 00 00 80 bf 00 00 80 bf 00 02 08
2026-05-05T08:36:11.750,116.152,88.854,-1,-1,-1,0,NONE,2,CALIBRATION,0,0,0,1,24 b5 b1 42 00 00 80 bf 00 00 80 bf 00 00 80 bf 00 02 08
2026-05-05T08:36:12.775,117.177,88.849,-1,-1,-1,0,NONE,2,CALIBRATION,0,0,0,1,e5 b2 b1 42 00 00 80 bf 00 00 80 bf 00 00 80 bf 00 02 08
2026-05-05T08:36:13.794,118.196,88.674,-1,-1,-1,0,NONE,2,CALIBRATION,0,0,0,1,40 59 b1 42 00 00 80 bf 00 00 80 bf 00 00 80 bf 00 02 08
2026-05-05T08:36:14.816,119.218,89.012,-1,-1,-1,0,NONE,2,CALIBRATION,0,0,0,1,21 06 b2 42 00 00 80 bf 00 00 80 bf 00 00 80 bf 00 02 08
2026-05-05T08:36:15.770,120.172,89.03,-1,-1,-1,0,NONE,2,CALIBRATION,0,0,0,1,25 0f b2 42 00 00 80 bf 00 00 80 bf 00 00 80 bf 00 02 08
2026-05-05T08:36:16.791,121.193,89.277,-1,-1,-1,0,NONE,2,CALIBRATION,0,0,0,1,c1 8d b2 42 00 00 80 bf 00 00 80 bf 00 00 80 bf 00 02 08
2026-05-05T08:36:17.810,122.212,89.202,-1,-1,-1,0,NONE,2,CALIBRATION,0,0,0,1,3e 67 b2 42 00 00 80 bf 00 00 80 bf 00 00 80 bf 00 02 08
2026-05-05T08:36:18.831,123.233,89.374,-1,-1,-1,0,NONE,2,CALIBRATION,0,0,0,1,af bf b2 42 00 00 80 bf 00 00 80 bf 00 00 80 bf 00 02 08
2026-05-05T08:36:19.851,124.253,89.717,-1,-1,-1,0,NONE,2,CALIBRATION,0,0,0,1,4e 6f b3 42 00 00 80 bf 00 00 80 bf 00 00 80 bf 00 02 08
2026-05-05T08:36:20.811,125.213,89.717,-1,-1,-1,0,NONE,2,CALIBRATION,0,0,0,1,4e 6f b3 42 00 00 80 bf 00 00 80 bf 00 00 80 bf 00 02 08
2026-05-05T08:36:21.830,126.232,89.717,-1,-1,-1,0,NONE,2,CALIBRATION,0,0,0,1,4e 6f b3 42 00 00 80 bf 00 00 80 bf 00 00 80 bf 00 02 08
2026-05-05T08:36:22.790,127.192,89.717,-1,-1,-1,0,NONE,2,CALIBRATION,0,0,0,1,4e 6f b3 42 00 00 80 bf 00 00 80 bf 00 00 80 bf 00 02 08
2026-05-05T08:36:23.870,128.273,89.717,-1,-1,-1,0,NONE,2,CALIBRATION,0,0,0,1,4e 6f b3 42 00 00 80 bf 00 00 80 bf 00 00 80 bf 00 02 08
2026-05-05T08:36:24.830,129.232,89.717,-1,-1,-1,0,NONE,2,CALIBRATION,0,0,0,1,4e 6f b3 42 00 00 80 bf 00 00 80 bf 00 00 80 bf 00 02 08
2026-05-05T08:36:25.851,130.253,89.897,-1,-1,-1,0,NONE,2,CALIBRATION,0,0,0,1,11 cb b3 42 00 00 80 bf 00 00 80 bf 00 00 80 bf 00 02 08
2026-05-05T08:36:26.874,131.276,90.439,1.984,-1,1.984,1,Normal,3,REST,1,0,1,1,93 e0 b4 42 40 fc fd 3f 00 00 80 bf 40 fc fd 3f 01 03 0d
2026-05-05T08:36:27.892,132.294,90.607,2.381,-1,2.381,1,Normal,3,REST,1,0,1,1,d1 36 b5 42 7b 68 18 40 00 00 80 bf 7b 68 18 40 01 03 0d
2026-05-05T08:36:28.850,133.253,90.987,0.585,-1,0.585,1,Normal,3,REST,1,0,1,1,73 f9 b5 42 00 ce 15 3f 00 00 80 bf 00 ce 15 3f 01 03 0d
2026-05-05T08:36:29.871,134.273,90.992,0.602,-1,0.602,1,Normal,3,REST,1,0,1,1,ce fb b5 42 ab 2a 1a 3f 00 00 80 bf ab 2a 1a 3f 01 03 0d
2026-05-05T08:36:30.892,135.294,91.172,1.268,-1,1.268,1,Normal,3,REST,1,0,1,1,d6 57 b6 42 26 4c a2 3f 00 00 80 bf 26 4c a2 3f 01 03 0d
2026-05-05T08:36:31.911,136.313,91.167,1.251,-1,1.251,1,Normal,3,REST,1,0,1,1,78 55 b6 42 09 1b a0 3f 00 00 80 bf 09 1b a0 3f 01 03 0d
2026-05-05T08:36:32.870,137.273,91.361,1.971,-1,1.971,1,Normal,3,REST,1,0,1,1,fa b8 b6 42 13 3e fc 3f 00 00 80 bf 13 3e fc 3f 01 03 0d
2026-05-05T08:36:33.890,138.292,91.547,2.659,-1,2.659,1,Normal,3,REST,1,0,1,1,23 18 b7 42 47 2d 2a 40 00 00 80 bf 47 2d 2a 40 01 03 0d
2026-05-05T08:36:34.911,139.313,91.375,2.022,-1,2.022,1,Normal,3,REST,1,0,1,1,19 c0 b6 42 05 6b 01 40 00 00 80 bf 05 6b 01 40 01 03 0d
2026-05-05T08:36:35.871,140.273,91.357,1.953,-1,1.953,1,Normal,3,REST,1,0,1,1,9a b6 b6 42 1d 0b fa 3f 00 00 80 bf 1d 0b fa 3f 01 03 0d
2026-05-05T08:36:36.890,141.292,91.729,3.333,-1,3.333,1,Normal,3,REST,1,0,1,1,4c 75 b7 42 7c 4e 55 40 00 00 80 bf 7c 4e 55 40 01 03 0d
2026-05-05T08:36:37.911,142.313,91.729,3.333,-1,3.333,1,Normal,3,REST,1,0,1,1,4c 75 b7 42 7c 4e 55 40 00 00 80 bf 7c 4e 55 40 01 03 0d
2026-05-05T08:36:38.930,143.332,91.542,2.642,-1,2.642,1,Normal,3,REST,1,0,1,1,c1 15 b7 42 df 12 29 40 00 00 80 bf df 12 29 40 01 03 0d
2026-05-05T08:36:39.890,144.292,91.538,2.625,-1,2.625,1,Normal,3,REST,1,0,1,1,5f 13 b7 42 77 f8 27 40 00 00 80 bf 77 f8 27 40 01 03 0d
2026-05-05T08:36:40.910,145.312,91.921,4.044,-1,4.044,1,Normal,3,REST,1,0,1,1,a1 d7 b7 42 53 6a 81 40 00 00 80 bf 53 6a 81 40 01 03 0d
2026-05-05T08:36:41.870,146.273,92.105,4.724,-1,4.724,1,Normal,3,REST,1,0,1,1,8d 35 b8 42 11 28 97 40 00 00 80 bf 11 28 97 40 01 03 0d
2026-05-05T08:36:42.890,147.292,92.119,4.776,-1,4.776,1,Normal,3,REST,1,0,1,1,cb 3c b8 42 3b d5 98 40 00 00 80 bf 3b d5 98 40 01 03 0d
2026-05-05T08:36:43.910,148.312,92.317,5.511,-1,5.511,1,Normal,3,REST,1,0,1,1,63 a2 b8 42 99 59 b0 40 00 00 80 bf 99 59 b0 40 01 03 0d
2026-05-05T08:36:44.870,149.272,93.018,8.108,-1,8.108,1,Normal,3,REST,1,0,1,1,72 09 ba 42 93 bb 01 41 00 00 80 bf 93 bb 01 41 01 03 0d
2026-05-05T08:36:45.891,150.293,93.076,8.322,-1,8.322,1,Normal,3,REST,1,0,1,1,ff 26 ba 42 27 27 05 41 00 00 80 bf 27 27 05 41 01 03 0d
2026-05-05T08:36:46.910,151.312,93.288,9.108,-1,9.108,1,Normal,3,REST,1,0,1,1,ab 93 ba 42 0f bb 11 41 00 00 80 bf 0f bb 11 41 01 03 0d
2026-05-05T08:36:47.990,152.392,93.687,10.583,-1,10.583,1,Normal,3,REST,1,0,1,1,85 5f bb 42 1b 53 29 41 00 00 80 bf 1b 53 29 41 01 03 0d
2026-05-05T08:36:48.890,153.292,93.628,10.366,-1,10.366,1,Normal,3,REST,1,0,1,1,95 41 bb 42 12 dc 25 41 00 00 80 bf 12 dc 25 41 01 03 0d
2026-05-05T08:36:49.910,154.312,93.628,10.366,-1,10.366,1,Normal,3,REST,1,0,1,1,95 41 bb 42 12 dc 25 41 00 00 80 bf 12 dc 25 41 01 03 0d
2026-05-05T08:36:50.930,155.332,93.823,11.089,-1,11.089,1,Normal,3,REST,1,0,1,1,88 a5 bb 42 88 6d 31 41 00 00 80 bf 88 6d 31 41 01 03 0d
2026-05-05T08:36:51.890,156.292,94.014,11.797,-1,11.797,1,Normal,3,REST,1,0,1,1,61 07 bc 42 b8 c0 3c 41 00 00 80 bf b8 c0 3c 41 01 03 0d
2026-05-05T08:36:52.910,157.313,94.216,12.544,-1,12.544,1,Normal,3,REST,1,0,1,1,af 6e bc 42 98 b5 48 41 00 00 80 bf 98 b5 48 41 01 03 0d
2026-05-05T08:36:53.931,158.333,94.014,11.797,-1,11.797,1,Normal,3,REST,1,0,1,1,61 07 bc 42 b8 c0 3c 41 00 00 80 bf b8 c0 3c 41 01 03 0d
2026-05-05T08:36:54.950,159.352,94.216,12.544,-1,12.544,1,Normal,3,REST,1,0,1,1,af 6e bc 42 98 b5 48 41 00 00 80 bf 98 b5 48 41 01 03 0d
2026-05-05T08:36:55.910,160.312,94.211,12.526,-1,12.526,1,Normal,3,REST,1,0,1,1,29 6c bc 42 d5 6a 48 41 00 00 80 bf d5 6a 48 41 01 03 0d
2026-05-05T08:36:56.870,161.272,94.01,11.779,-1,11.779,1,Normal,3,REST,1,0,1,1,de 04 bc 42 4b 76 3c 41 00 00 80 bf 4b 76 3c 41 01 03 0d
2026-05-05T08:36:57.890,162.292,94.014,11.797,-1,11.797,1,Normal,3,REST,1,0,1,1,61 07 bc 42 b8 c0 3c 41 00 00 80 bf b8 c0 3c 41 01 03 0d
2026-05-05T08:36:58.910,163.312,94.211,12.526,-1,12.526,1,Normal,3,REST,1,0,1,1,29 6c bc 42 d5 6a 48 41 00 00 80 bf d5 6a 48 41 01 03 0d
2026-05-05T08:36:59.930,164.333,94.216,12.544,-1,12.544,1,Normal,3,REST,1,0,1,1,af 6e bc 42 98 b5 48 41 00 00 80 bf 98 b5 48 41 01 03 0d
2026-05-05T08:37:00.950,165.352,94.429,13.331,-1,13.331,1,Normal,3,REST,1,0,1,1,7f db bc 42 ab 4d 55 41 00 00 80 bf ab 4d 55 41 01 03 0d
2026-05-05T08:37:01.910,166.312,93.995,11.724,-1,11.724,1,Normal,3,REST,1,0,1,1,54 fd bb 42 eb 96 3b 41 00 00 80 bf eb 96 3b 41 01 03 0d
2026-05-05T08:37:02.931,167.333,94,11.743,-1,11.743,1,Normal,3,REST,1,0,1,1,d7 ff bb 42 55 e1 3b 41 00 00 80 bf 55 e1 3b 41 01 03 0d
2026-05-05T08:37:03.890,168.292,94.005,11.761,-1,11.761,1,Normal,3,REST,1,0,1,1,5a 02 bc 42 c3 2b 3c 41 00 00 80 bf c3 2b 3c 41 01 03 0d
2026-05-05T08:37:04.910,169.312,93.804,11.017,-1,11.017,1,Normal,3,REST,1,0,1,1,83 9b bb 42 a8 44 30 41 00 00 80 bf a8 44 30 41 01 03 0d
2026-05-05T08:37:05.930,170.333,93.804,11.017,-1,11.017,1,Normal,3,REST,1,0,1,1,83 9b bb 42 a8 44 30 41 00 00 80 bf a8 44 30 41 01 03 0d
2026-05-05T08:37:06.950,171.352,93.794,10.981,-1,10.981,1,Normal,3,REST,1,0,1,1,82 96 bb 42 63 b0 2f 41 00 00 80 bf 63 b0 2f 41 01 03 0d
2026-05-05T08:37:07.911,172.313,93.405,13.639,-1,13.639,1,Normal,3,REST,1,0,1,1,28 cf ba 42 01 3a 5a 41 00 00 80 bf 01 3a 5a 41 01 03 0d
2026-05-05T08:37:08.930,173.333,93.221,34.199,-1,34.199,2,Mild,3,REST,1,0,1,1,09 71 ba 42 d8 cb 08 42 00 00 80 bf d8 cb 08 42 02 03 0d
2026-05-05T08:37:09.952,174.354,93.216,38.974,-1,38.974,2,Mild,3,REST,1,0,1,1,91 6e ba 42 fe e4 1b 42 00 00 80 bf fe e4 1b 42 02 03 0d
2026-05-05T08:37:10.910,175.312,92.827,27.814,-1,27.814,1,Normal,3,REST,1,0,1,1,35 a7 b9 42 f1 82 de 41 00 00 80 bf f1 82 de 41 01 03 0d
2026-05-05T08:37:11.931,176.333,92.483,27.614,-1,27.614,1,Normal,3,REST,1,0,1,1,63 f7 b8 42 0c e9 dc 41 00 00 80 bf 0c e9 dc 41 01 03 0d
2026-05-05T08:37:12.952,177.354,92.478,18.164,-1,18.164,1,Normal,3,REST,1,0,1,1,f4 f4 b8 42 0f 4f 91 41 00 00 80 bf 0f 4f 91 41 01 03 0d
2026-05-05T08:37:13.910,178.312,92.303,13.094,-1,13.094,1,Normal,3,REST,1,0,1,1,1e 9b b8 42 24 7f 51 41 00 00 80 bf 24 7f 51 41 01 03 0d
2026-05-05T08:37:14.930,179.332,92.303,13.094,-1,13.094,1,Normal,3,REST,1,0,1,1,1e 9b b8 42 24 7f 51 41 00 00 80 bf 24 7f 51 41 01 03 0d
2026-05-05T08:37:15.950,180.352,92.293,13.612,-1,13.612,1,Normal,3,REST,1,0,1,1,45 96 b8 42 69 ca 59 41 00 00 80 bf 69 ca 59 41 01 03 0d
2026-05-05T08:37:16.910,181.312,92.293,13.612,-1,13.612,1,Normal,3,REST,1,0,1,1,45 96 b8 42 65 ca 59 41 00 00 80 bf 65 ca 59 41 01 03 0d
2026-05-05T08:37:17.931,182.333,92.109,12.148,-1,12.148,1,Normal,3,REST,1,0,1,1,f6 37 b8 42 a3 5d 42 41 00 00 80 bf a3 5d 42 41 01 03 0d
2026-05-05T08:37:18.958,183.361,91.921,4.044,-1,4.044,1,Normal,3,REST,1,0,1,1,a1 d7 b7 42 53 6a 81 40 00 00 80 bf 53 6a 81 40 01 03 0d
2026-05-05T08:37:19.911,184.313,92.109,4.741,-1,4.741,1,Normal,3,REST,1,0,1,1,f6 37 b8 42 e3 b6 97 40 00 00 80 bf e3 b6 97 40 01 03 0d
2026-05-05T08:37:20.930,185.332,92.109,4.741,-1,4.741,1,Normal,3,REST,1,0,1,1,f6 37 b8 42 e3 b6 97 40 00 00 80 bf e3 b6 97 40 01 03 0d
2026-05-05T08:37:21.951,186.353,92.109,4.741,-1,4.741,1,Normal,3,REST,1,0,1,1,f6 37 b8 42 e3 b6 97 40 00 00 80 bf e3 b6 97 40 01 03 0d
2026-05-05T08:37:22.970,187.372,92.109,4.741,16.588,10.664,1,Normal,3,REST,1,1,1,1,f6 37 b8 42 e3 b6 97 40 a2 b3 84 41 5b a1 2a 41 01 03 0f
2026-05-05T08:37:23.931,188.333,91.734,3.35,16.588,9.969,1,Normal,3,REST,1,1,1,1,b1 77 b7 42 48 6a 56 40 a2 b3 84 41 eb 80 1f 41 01 03 0f
2026-05-05T08:37:24.950,189.352,91.547,2.659,16.588,9.623,1,Normal,3,REST,1,1,1,1,23 18 b7 42 47 2d 2a 40 a2 b3 84 41 4b f9 19 41 01 03 0f
2026-05-05T08:37:25.970,190.373,91.542,2.642,16.588,9.615,1,Normal,3,REST,1,1,1,1,c1 15 b7 42 df 12 29 40 a2 b3 84 41 fe d5 19 41 01 03 0f
2026-05-05T08:37:26.930,191.333,91.352,1.936,16.588,9.262,1,Normal,3,REST,1,1,1,1,3b b4 b6 42 13 d9 f7 3f a2 b3 84 41 33 31 14 41 01 03 0f
2026-05-05T08:37:27.950,192.352,91.185,1.319,16.588,8.953,1,Normal,3,REST,1,1,1,1,ee 5e b6 42 a1 dd a8 3f a2 b3 84 41 7c 41 0f 41 01 03 0f
2026-05-05T08:37:28.971,193.374,91.185,1.319,16.588,8.953,1,Normal,3,REST,1,1,1,1,ee 5e b6 42 a1 dd a8 3f a2 b3 84 41 7c 41 0f 41 01 03 0f
2026-05-05T08:37:29.930,194.333,91.185,1.319,16.588,8.953,1,Normal,3,REST,1,1,1,1,ee 5e b6 42 a1 dd a8 3f a2 b3 84 41 7c 41 0f 41 01 03 0f
2026-05-05T08:37:30.953,195.355,91.371,2.005,16.588,9.296,1,Normal,3,REST,1,1,1,1,b9 bd b6 42 89 51 00 40 a2 b3 84 41 d3 bd 14 41 01 03 0f
2026-05-05T08:37:31.970,196.372,91.38,2.039,16.588,9.314,1,Normal,3,REST,1,1,1,1,7a c2 b6 42 f7 84 02 40 a2 b3 84 41 41 04 15 41 01 03 0f
2026-05-05T08:37:32.991,197.393,91.757,3.437,16.588,10.012,1,Normal,3,REST,1,1,1,1,a9 83 b7 42 cb f4 5b 40 a2 b3 84 41 3b 32 20 41 01 03 0f
2026-05-05T08:37:33.950,198.352,91.389,2.074,16.588,9.331,1,Normal,3,REST,1,1,1,1,3a c7 b6 42 ed b7 04 40 a2 b3 84 41 a0 4a 15 41 01 03 0f
2026-05-05T08:37:34.971,199.373,91.561,2.711,16.588,9.649,1,Normal,3,REST,1,1,1,1,4b 1f b7 42 6c 7d 2d 40 a2 b3 84 41 50 63 1a 41 01 03 0f
2026-05-05T08:37:35.930,200.333,91.561,2.711,16.588,9.649,1,Normal,3,REST,1,1,1,1,4b 1f b7 42 6c 7d 2d 40 a2 b3 84 41 50 63 1a 41 01 03 0f
2026-05-05T08:37:36.950,201.353,91.561,2.711,16.588,9.649,1,Normal,3,REST,1,1,1,1,4b 1f b7 42 6c 7d 2d 40 a2 b3 84 41 50 63 1a 41 01 03 0f
2026-05-05T08:37:37.970,202.373,92.034,4.462,16.588,10.525,1,Normal,3,REST,1,1,1,1,62 11 b8 42 c7 c8 8e 40 a2 b3 84 41 d4 65 28 41 01 03 0f
2026-05-05T08:37:38.990,203.393,92.128,4.811,16.588,10.699,1,Normal,3,REST,1,1,1,1,9e 41 b8 42 1d f3 99 40 a2 b3 84 41 69 30 2b 41 01 03 0f
2026-05-05T08:37:39.950,204.352,92.621,6.637,16.588,11.612,1,Normal,3,REST,1,1,1,1,0b 3e b9 42 ad 61 d4 40 a2 b3 84 41 0d cc 39 41 01 03 0f
2026-05-05T08:37:40.971,205.373,92.512,6.231,16.588,11.41,1,Normal,3,REST,1,1,1,1,fd 05 b9 42 eb 67 c7 40 a2 b3 84 41 9d 8d 36 41 01 03 0f
2026-05-05T08:37:41.932,206.334,92.317,5.511,16.588,11.049,1,Normal,3,REST,1,1,1,1,63 a2 b8 42 99 59 b0 40 a2 b3 84 41 08 ca 30 41 01 03 0f
2026-05-05T08:37:42.950,207.353,92.128,4.811,16.588,10.699,1,Normal,3,REST,1,1,1,1,9e 41 b8 42 1d f3 99 40 a2 b3 84 41 69 30 2b 41 01 03 0f
2026-05-05T08:37:43.971,208.373,92.123,4.793,16.588,10.691,1,Normal,3,REST,1,1,1,1,34 3f b8 42 0e 64 99 40 a2 b3 84 41 a6 0c 2b 41 01 03 0f
2026-05-05T08:37:44.991,209.393,92.464,6.055,16.588,11.322,1,Normal,3,REST,1,1,1,1,a7 ed b8 42 cb c5 c1 40 a2 b3 84 41 15 25 35 41 01 03 0f
2026-05-05T08:37:45.951,210.353,91.94,4.114,16.588,10.351,1,Normal,3,REST,1,1,1,1,3f e1 b7 42 3b a4 83 40 a2 b3 84 41 b1 9c 25 41 01 03 0f
2026-05-05T08:37:46.970,211.372,91.94,4.114,16.588,10.351,1,Normal,3,REST,1,1,1,1,3f e1 b7 42 3b a4 83 40 a2 b3 84 41 b1 9c 25 41 01 03 0f
2026-05-05T08:37:47.990,212.393,92.133,4.828,16.588,10.708,1,Normal,3,REST,1,1,1,1,08 44 b8 42 2b 82 9a 40 a2 b3 84 41 2d 54 2b 41 01 03 0f
2026-05-05T08:37:49.010,213.412,92.133,4.828,16.588,10.708,1,Normal,3,REST,1,1,1,1,08 44 b8 42 2b 82 9a 40 a2 b3 84 41 2d 54 2b 41 01 03 0f
2026-05-05T08:37:50.030,214.432,92.308,5.476,16.588,11.032,1,Normal,3,REST,1,1,1,1,8a 9d b8 42 55 3a af 40 a2 b3 84 41 37 82 30 41 01 03 0f
2026-05-05T08:37:50.990,215.392,92.119,4.776,16.588,10.682,1,Normal,3,REST,1,1,1,1,cb 3c b8 42 3b d5 98 40 a2 b3 84 41 f1 e8 2a 41 01 03 0f
2026-05-05T08:37:52.011,216.413,92.322,5.528,16.588,11.058,1,Normal,3,REST,1,1,1,1,cf a4 b8 42 1f e9 b0 40 a2 b3 84 41 ea ed 30 41 01 03 0f
2026-05-05T08:37:53.030,217.433,92.322,5.528,16.588,11.058,1,Normal,3,REST,1,1,1,1,cf a4 b8 42 1f e9 b0 40 a2 b3 84 41 ea ed 30 41 01 03 0f
2026-05-05T08:37:53.998,218.4,92.322,5.528,16.588,11.058,1,Normal,3,REST,1,1,1,1,cf a4 b8 42 1f e9 b0 40 a2 b3 84 41 ea ed 30 41 01 03 0f
2026-05-05T08:37:55.070,219.472,92.516,6.249,16.588,11.418,1,Normal,3,REST,1,1,1,1,6c 08 b9 42 20 f8 c7 40 a2 b3 84 41 aa b1 36 41 01 03 0f
2026-05-05T08:37:56.090,220.492,92.138,4.846,16.588,10.717,1,Normal,3,REST,1,1,1,1,72 46 b8 42 39 11 9b 40 a2 b3 84 41 f0 77 2b 41 01 03 0f
2026-05-05T08:37:57.050,221.453,92.697,6.92,16.588,11.754,1,Normal,3,REST,1,1,1,1,1e 65 b9 42 2f 6d dd 40 a2 b3 84 41 ee 0e 3c 41 01 03 0f
2026-05-05T08:37:58.131,222.533,92.331,5.564,16.588,11.076,1,Normal,3,REST,1,1,1,1,a9 a9 b8 42 a0 08 b2 40 a2 b3 84 41 ca 35 31 41 01 03 0f
2026-05-05T08:37:59.090,223.493,92.521,6.267,16.588,11.427,1,Normal,3,REST,1,1,1,1,db 0a b9 42 58 88 c8 40 a2 b3 84 41 b8 d5 36 41 01 03 0f
2026-05-05T08:38:00.111,224.513,92.336,5.581,6.142,5.861,1,Normal,3,REST,1,1,1,1,16 ac b8 42 60 98 b2 40 88 89 c4 40 f4 90 bb 40 01 03 0f
2026-05-05T08:38:01.131,225.533,92.133,4.828,6.142,5.485,1,Normal,3,REST,1,1,1,1,08 44 b8 42 2b 82 9a 40 88 89 c4 40 da 85 af 40 01 03 0f
2026-05-05T08:38:02.091,226.494,92.327,5.546,6.142,5.844,1,Normal,3,REST,1,1,1,1,3d a7 b8 42 19 79 b1 40 88 89 c4 40 50 01 bb 40 01 03 0f
2026-05-05T08:38:03.185,227.587,93.1,8.411,6.142,7.276,1,Normal,3,REST,1,1,1,1,52 33 ba 42 51 94 06 41 88 89 c4 40 15 d9 e8 40 01 03 0f
2026-05-05T08:38:04.130,228.532,93.091,8.376,6.142,7.259,1,Normal,3,REST,1,1,1,1,64 2e ba 42 40 02 06 41 88 89 c4 40 04 47 e8 40 01 03 0f
2026-05-05T08:38:05.151,229.553,93.477,9.808,6.142,7.975,1,Normal,3,REST,1,1,1,1,69 f4 ba 42 7f ed 1c 41 88 89 c4 40 43 32 ff 40 01 03 0f
2026-05-05T08:38:06.174,230.576,93.477,9.808,6.142,7.975,1,Normal,3,REST,1,1,1,1,69 f4 ba 42 7f ed 1c 41 88 89 c4 40 43 32 ff 40 01 03 0f
2026-05-05T08:38:07.190,231.593,93.477,9.808,6.142,7.975,1,Normal,3,REST,1,1,1,1,69 f4 ba 42 7f ed 1c 41 88 89 c4 40 43 32 ff 40 01 03 0f
2026-05-05T08:38:08.150,232.553,94.483,13.533,6.142,9.838,1,Normal,3,REST,1,1,1,1,6a f7 bc 42 e0 88 58 41 88 89 c4 40 d2 66 1d 41 01 03 0f
2026-05-05T08:38:09.170,233.572,95.476,17.209,6.142,11.675,1,Normal,3,REST,1,1,1,1,77 f3 be 42 1d ab 89 41 88 89 c4 40 7f cd 3a 41 01 03 0f
2026-05-05T08:38:10.311,234.713,95.684,17.979,6.142,12.061,1,Normal,3,REST,1,1,1,1,02 5e bf 42 87 d5 8f 41 88 89 c4 40 e9 f7 40 41 01 03 0f
2026-05-05T08:38:11.212,235.614,96.082,19.455,6.142,12.798,1,Normal,3,REST,1,1,1,1,fa 29 c0 42 49 a3 9b 41 88 89 c4 40 ab c5 4c 41 01 03 0f
2026-05-05T08:38:12.230,236.633,96.313,20.312,6.142,13.227,1,Normal,3,REST,1,1,1,1,6e a0 c0 42 26 7e a2 41 88 89 c4 40 88 a0 53 41 01 03 0f
2026-05-05T08:38:13.250,237.653,96.727,21.845,6.142,13.993,1,Normal,3,REST,1,1,1,1,6d 74 c1 42 d4 c2 ae 41 88 89 c4 40 36 e5 5f 41 01 03 0f
2026-05-05T08:38:14.331,238.733,97.339,24.112,6.142,15.127,1,Normal,3,REST,1,1,1,1,c4 ad c2 42 e8 e4 c0 41 88 89 c4 40 4a 07 72 41 01 03 0f
2026-05-05T08:38:15.291,239.693,97.545,24.874,6.142,15.508,1,Normal,3,REST,1,1,1,1,1a 17 c3 42 6f fd c6 41 88 89 c4 40 d1 1f 78 41 01 03 0f
2026-05-05T08:38:16.311,240.713,97.752,25.639,6.142,15.89,1,Normal,3,REST,1,1,1,1,e0 80 c3 42 73 1c cd 41 88 89 c4 40 d5 3e 7e 41 01 03 0f
2026-05-05T08:38:17.330,241.732,97.535,24.835,6.142,15.488,1,Normal,3,REST,1,1,1,1,af 11 c3 42 2c ad c6 41 88 89 c4 40 8e cf 77 41 01 03 0f
2026-05-05T08:38:18.290,242.692,97.135,23.353,6.142,14.747,1,Normal,3,REST,1,1,1,1,e1 44 c2 42 05 d3 ba 41 88 89 c4 40 67 f5 6b 41 01 03 0f
2026-05-05T08:38:19.310,243.713,97.524,29.306,6.142,17.724,1,Normal,3,REST,1,1,1,1,46 0c c3 42 54 72 ea 41 88 89 c4 40 5b ca 8d 41 01 03 0f
2026-05-05T08:38:20.330,244.733,97.329,30.519,6.142,18.33,1,Normal,3,REST,1,1,1,1,61 a8 c2 42 ff 25 f4 41 88 89 c4 40 30 a4 92 41 01 03 0f
2026-05-05T08:38:21.351,245.754,97.124,23.314,6.142,14.728,1,Normal,3,REST,1,1,1,1,83 3f c2 42 83 83 ba 41 88 89 c4 40 e5 a5 6b 41 01 03 0f
2026-05-05T08:38:22.371,246.773,96.92,22.559,6.142,14.35,1,Normal,3,REST,1,1,1,1,17 d7 c1 42 85 78 b4 41 88 89 c4 40 e7 9a 65 41 01 03 0f
2026-05-05T08:38:23.391,247.794,96.92,22.559,6.142,14.35,1,Normal,3,REST,1,1,1,1,17 d7 c1 42 85 78 b4 41 88 89 c4 40 e7 9a 65 41 01 03 0f
2026-05-05T08:38:24.410,248.813,96.701,21.749,6.142,13.945,1,Normal,3,REST,1,1,1,1,1f 67 c1 42 b9 fd ad 41 88 89 c4 40 1b 20 5f 41 01 03 0f
2026-05-05T08:38:25.431,249.833,96.51,21.038,6.142,13.59,1,Normal,3,REST,1,1,1,1,e6 04 c1 42 93 4e a8 41 88 89 c4 40 f5 70 59 41 01 03 0f
2026-05-05T08:38:26.392,250.794,96.077,19.436,6.142,12.789,1,Normal,3,REST,1,1,1,1,5a 27 c0 42 66 7c 9b 41 88 89 c4 40 c8 9e 4c 41 01 03 0f
2026-05-05T08:38:27.410,251.812,95.679,17.96,6.142,12.051,1,Normal,3,REST,1,1,1,1,67 5b bf 42 ee ae 8f 41 88 89 c4 40 50 d1 40 41 01 03 0f
2026-05-05T08:38:28.491,252.894,94.822,14.787,6.142,10.464,1,Normal,3,REST,1,1,1,1,b4 a4 bd 42 5d 97 6c 41 88 89 c4 40 10 6e 27 41 01 03 0f
2026-05-05T08:38:29.392,253.794,94.642,14.122,6.142,10.132,1,Normal,3,REST,1,1,1,1,ce 48 bd 42 73 f4 61 41 88 89 c4 40 9c 1c 22 41 01 03 0f
2026-05-05T08:38:30.410,254.813,94.642,14.122,6.142,10.132,1,Normal,3,REST,1,1,1,1,ce 48 bd 42 73 f4 61 41 88 89 c4 40 9c 1c 22 41 01 03 0f
2026-05-05T08:38:31.431,255.833,94.642,14.122,6.142,10.132,1,Normal,3,REST,1,1,1,1,ce 48 bd 42 73 f4 61 41 88 89 c4 40 9c 1c 22 41 01 03 0f
2026-05-05T08:38:32.451,256.853,94.231,12.599,6.142,9.37,1,Normal,3,REST,1,1,1,1,42 76 bc 42 04 96 49 41 88 89 c4 40 64 ed 15 41 01 03 0f
2026-05-05T08:38:33.471,257.873,93.828,11.107,6.142,8.625,1,Normal,3,REST,1,1,1,1,08 a8 bb 42 99 b7 31 41 88 89 c4 40 2e fe 09 41 01 03 0f
2026-05-05T08:38:34.431,258.833,93.259,9.001,6.142,7.571,1,Normal,3,REST,1,1,1,1,d3 84 ba 42 3f 03 10 41 88 89 c4 40 03 48 f2 40 01 03 0f
2026-05-05T08:38:35.511,259.914,92.855,7.504,6.142,6.823,1,Normal,3,REST,1,1,1,1,ea b5 b9 42 27 21 f0 40 88 89 c4 40 58 55 da 40 01 03 0f
2026-05-05T08:38:36.470,260.873,92.474,6.091,6.142,6.116,1,Normal,3,REST,1,1,1,1,85 f2 b8 42 35 e6 c2 40 88 89 c4 40 de b7 c3 40 01 03 0f
2026-05-05T08:38:37.491,261.893,91.72,3.298,6.142,4.72,1,Normal,3,REST,1,1,1,1,82 70 b7 42 e3 16 53 40 88 89 c4 40 7d 0a 97 40 01 03 0f
2026-05-05T08:38:38.511,262.913,91.533,2.607,5,3.804,1,Normal,3,REST,1,1,1,1,fd 10 b7 42 0e de 26 40 00 00 a0 40 07 6f 73 40 01 03 0f
2026-05-05T08:38:39.590,263.993,91.167,1.251,5,3.125,1,Normal,3,REST,1,1,1,1,78 55 b6 42 09 1b a0 3f 00 00 a0 40 c2 06 48 40 01 03 0f
2026-05-05T08:38:40.610,265.013,91.167,1.251,5,3.125,1,Normal,3,REST,1,1,1,1,78 55 b6 42 09 1b a0 3f 00 00 a0 40 c2 06 48 40 01 03 0f
2026-05-05T08:38:41.511,265.913,90.987,0.585,5,2.793,1,Normal,3,REST,1,1,1,1,73 f9 b5 42 00 ce 15 3f 00 00 a0 40 c0 b9 32 40 01 03 0f
2026-05-05T08:38:42.471,266.873,90.983,0.568,5,2.784,1,Normal,3,REST,1,1,1,1,19 f7 b5 42 2f 73 11 3f 00 00 a0 40 66 2e 32 40 01 03 0f
2026-05-05T08:38:43.490,267.892,90.799,0,5,2.5,1,Normal,3,REST,1,1,1,1,1b 99 b5 42 00 00 00 00 00 00 a0 40 00 00 20 40 01 03 0f
2026-05-05T08:38:44.511,268.913,90.689,0,5,2.5,1,Normal,3,REST,1,1,1,1,e4 60 b5 42 00 00 00 00 00 00 a0 40 00 00 20 40 01 03 0f
2026-05-05T08:38:45.470,269.873,90.439,0,5,2.5,1,Normal,3,REST,1,1,1,1,93 e0 b4 42 00 00 00 00 00 00 a0 40 00 00 20 40 01 03 0f
2026-05-05T08:38:46.550,270.953,90.361,0,5,2.5,1,Normal,3,REST,1,1,1,1,0f b9 b4 42 00 00 00 00 00 00 a0 40 00 00 20 40 01 03 0f
2026-05-05T08:38:47.570,271.972,89.861,0,5,2.5,1,Normal,3,REST,1,1,1,1,b0 b8 b3 42 00 00 00 00 00 00 a0 40 00 00 20 40 01 03 0f
2026-05-05T08:38:48.591,272.993,90.149,0,5,2.5,1,Normal,3,REST,1,1,1,1,29 4c b4 42 00 00 00 00 00 00 a0 40 00 00 20 40 01 03 0f
2026-05-05T08:38:49.551,273.953,89.978,0,5,2.5,1,Normal,3,REST,1,1,1,1,7c f4 b3 42 00 00 00 00 00 00 a0 40 00 00 20 40 01 03 0f
2026-05-05T08:38:50.571,274.973,89.632,0,5,2.5,1,Normal,3,REST,1,1,1,1,d7 43 b3 42 00 00 00 00 00 00 a0 40 00 00 20 40 01 03 0f
2026-05-05T08:38:51.591,275.993,89.632,0,5,2.5,1,Normal,3,REST,1,1,1,1,d7 43 b3 42 00 00 00 00 00 00 a0 40 00 00 20 40 01 03 0f
2026-05-05T08:38:52.611,277.013,89.632,0,5,2.5,1,Normal,3,REST,1,1,1,1,d7 43 b3 42 00 00 00 00 00 00 a0 40 00 00 20 40 01 03 0f
2026-05-05T08:38:53.631,278.033,89.632,0,5,2.5,1,Normal,3,REST,1,1,1,1,d7 43 b3 42 00 00 00 00 00 00 a0 40 00 00 20 40 01 03 0f
2026-05-05T08:38:54.651,279.053,89.811,0,5,2.5,1,Normal,3,REST,1,1,1,1,70 9f b3 42 00 00 00 00 00 00 a0 40 00 00 20 40 01 03 0f
2026-05-05T08:38:55.611,280.013,89.104,0,5,2.5,1,Normal,3,REST,1,1,1,1,81 35 b2 42 00 00 00 00 00 00 a0 40 00 00 20 40 01 03 0f
2026-05-05T08:38:56.631,281.033,88.924,0,5,2.5,1,Normal,3,REST,1,1,1,1,19 d9 b1 42 00 00 00 00 00 00 a0 40 00 00 20 40 01 03 0f
2026-05-05T08:38:57.591,281.993,89.597,0,5,2.5,1,Normal,3,REST,1,1,1,1,91 31 b3 42 00 00 00 00 00 00 a0 40 00 00 20 40 01 03 0f
2026-05-05T08:38:58.611,283.014,89.321,0,5,2.5,1,Normal,3,REST,1,1,1,1,6f a4 b2 42 00 00 00 00 00 00 a0 40 00 00 20 40 01 03 0f
2026-05-05T08:38:59.631,284.033,88.955,0,5,2.5,1,Normal,3,REST,1,1,1,1,d9 e8 b1 42 00 00 00 00 00 00 a0 40 00 00 20 40 01 03 0f
2026-05-05T08:39:00.651,285.053,88.968,0,5,2.5,1,Normal,3,REST,1,1,1,1,9a ef b1 42 00 00 00 00 00 00 a0 40 00 00 20 40 01 03 0f
2026-05-05T08:39:01.672,286.074,89.131,0,5,2.5,1,Normal,3,REST,1,1,1,1,0f 43 b2 42 00 00 00 00 00 00 a0 40 00 00 20 40 01 03 0f
2026-05-05T08:39:02.692,287.094,88.792,0,5,2.5,1,Normal,3,REST,1,1,1,1,b8 95 b1 42 00 00 00 00 00 00 a0 40 00 00 20 40 01 03 0f
2026-05-05T08:39:03.711,288.113,88.613,0,5,2.5,1,Normal,3,REST,1,1,1,1,f6 39 b1 42 00 00 00 00 00 00 a0 40 00 00 20 40 01 03 0f
2026-05-05T08:39:04.671,289.073,88.618,0,5,2.5,1,Normal,3,REST,1,1,1,1,32 3c b1 42 00 00 00 00 00 00 a0 40 00 00 20 40 01 03 0f
2026-05-05T08:39:05.691,290.093,88.443,0,5,2.5,1,Normal,3,REST,1,1,1,1,04 e3 b0 42 00 00 00 00 00 00 a0 40 00 00 20 40 01 03 0f
2026-05-05T08:39:06.730,291.133,88.43,0,5,2.5,1,Normal,3,REST,1,1,1,1,58 dc b0 42 00 00 00 00 00 00 a0 40 00 00 20 40 01 03 0f
2026-05-05T08:39:07.730,292.133,87.925,0,5,2.5,1,Normal,3,REST,1,1,1,1,95 d9 af 42 00 00 00 00 00 00 a0 40 00 00 20 40 01 03 0f
2026-05-05T08:39:08.691,293.093,87.929,0,5,2.5,1,Normal,3,REST,1,1,1,1,c9 db af 42 00 00 00 00 00 00 a0 40 00 00 20 40 01 03 0f
2026-05-05T08:39:09.711,294.113,87.942,0,5,2.5,1,Normal,3,REST,1,1,1,1,62 e2 af 42 00 00 00 00 00 00 a0 40 00 00 20 40 01 03 0f
2026-05-05T08:39:10.731,295.133,87.745,0,5,2.5,1,Normal,3,REST,1,1,1,1,6b 7d af 42 00 00 00 00 00 00 a0 40 00 00 20 40 01 03 0f
2026-05-05T08:39:11.751,296.153,87.835,0,5,2.5,1,Normal,3,REST,1,1,1,1,75 ab af 42 00 00 00 00 00 00 a0 40 00 00 20 40 01 03 0f
2026-05-05T08:39:12.711,297.113,87.421,0,5,2.5,1,Normal,3,REST,1,1,1,1,98 d7 ae 42 00 00 00 00 00 00 a0 40 00 00 20 40 01 03 0f
2026-05-05T08:39:13.730,298.133,87.171,0,5,2.5,1,Normal,3,REST,1,1,1,1,b4 57 ae 42 00 00 00 00 00 00 a0 40 00 00 20 40 01 03 0f
2026-05-05T08:39:14.691,299.093,87.138,0,5,2.5,1,Normal,3,REST,1,1,1,1,6b 46 ae 42 00 00 00 00 00 00 a0 40 00 00 20 40 01 03 0f
2026-05-05T08:39:15.710,300.112,86.969,0,5,2.5,1,Normal,3,REST,1,1,1,1,31 f0 ad 42 00 00 00 00 00 00 a0 40 00 00 20 40 01 03 0f
2026-05-05T08:39:16.731,301.133,87.15,0,5,2.5,1,Normal,3,REST,1,1,1,1,e5 4c ae 42 00 00 00 00 00 00 a0 40 00 00 20 40 01 03 0f
2026-05-05T08:39:17.751,302.154,87.489,0,5,2.5,1,Normal,3,REST,1,1,1,1,67 fa ae 42 00 00 00 00 00 00 a0 40 00 00 20 40 01 03 0f
2026-05-05T08:39:18.832,303.234,87.129,0,5,2.5,1,Normal,3,REST,1,1,1,1,18 42 ae 42 00 00 00 00 00 00 a0 40 00 00 20 40 01 03 0f
2026-05-05T08:39:19.791,304.193,87.578,0,5,2.5,1,Normal,3,REST,1,1,1,1,2c 28 af 42 00 00 00 00 00 00 a0 40 00 00 20 40 01 03 0f
2026-05-05T08:39:20.811,305.214,87.129,0,5,2.5,1,Normal,3,REST,1,1,1,1,18 42 ae 42 00 00 00 00 00 00 a0 40 00 00 20 40 01 03 0f
2026-05-05T08:39:21.831,306.233,87.129,0,5,2.5,1,Normal,3,REST,1,1,1,1,18 42 ae 42 00 00 00 00 00 00 a0 40 00 00 20 40 01 03 0f
2026-05-05T08:39:22.791,307.193,87.129,0,5,2.5,1,Normal,3,REST,1,1,1,1,18 42 ae 42 00 00 00 00 00 00 a0 40 00 00 20 40 01 03 0f
2026-05-05T08:39:23.811,308.213,87.489,2.793,5,3.896,1,Normal,3,REST,1,1,1,1,67 fa ae 42 44 bf 32 40 00 00 a0 40 a2 5f 79 40 01 03 0f
2026-05-05T08:39:24.831,309.234,87.489,2.793,5,3.896,1,Normal,3,REST,1,1,1,1,67 fa ae 42 44 bf 32 40 00 00 a0 40 a2 5f 79 40 01 03 0f
2026-05-05T08:39:25.791,310.193,87.489,2.793,5,3.896,1,Normal,3,REST,1,1,1,1,67 fa ae 42 44 bf 32 40 00 00 a0 40 a2 5f 79 40 01 03 0f
2026-05-05T08:39:26.871,311.274,87.396,7.792,5,6.396,1,Normal,3,REST,1,1,1,1,8e ca ae 42 31 56 f9 40 00 00 a0 40 18 ab cc 40 01 03 0f
2026-05-05T08:39:27.831,312.233,88.287,7.115,5,6.057,1,Normal,3,REST,1,1,1,1,10 93 b0 42 7d aa e3 40 00 00 a0 40 3e d5 c1 40 01 03 0f
2026-05-05T08:39:28.851,313.253,88.792,6.261,5,5.63,1,Normal,3,REST,1,1,1,1,b8 95 b1 42 cc 59 c8 40 00 00 a0 40 e6 2c b4 40 01 03 0f
2026-05-05T08:39:29.872,314.274,89.312,6.021,5,5.511,1,Normal,3,REST,1,1,1,1,e5 9f b2 42 49 ac c0 40 00 00 a0 40 24 56 b0 40 01 03 0f
2026-05-05T08:39:30.891,315.294,90.041,5.92,5,5.46,1,Normal,3,REST,1,1,1,1,bf 14 b4 42 c0 71 bd 40 00 00 a0 40 e0 b8 ae 40 01 03 0f
2026-05-05T08:39:31.852,316.254,90.393,5.893,5,5.447,1,Normal,3,REST,1,1,1,1,53 c9 b4 42 e3 93 bc 40 00 00 a0 40 f2 49 ae 40 01 03 0f
2026-05-05T08:39:32.871,317.273,90.932,5.779,5,5.389,1,Normal,3,REST,1,1,1,1,36 dd b5 42 ed eb b8 40 00 00 a0 40 f6 75 ac 40 01 03 0f
2026-05-05T08:39:33.831,318.233,90.932,5.779,5,5.389,1,Normal,3,REST,1,1,1,1,36 dd b5 42 ed eb b8 40 00 00 a0 40 f6 75 ac 40 01 03 0f
2026-05-05T08:39:34.851,319.253,91.32,7.241,5,6.12,1,Normal,3,REST,1,1,1,1,9f a3 b6 42 39 b3 e7 40 00 00 a0 40 9c d9 c3 40 01 03 0f
2026-05-05T08:39:35.871,320.273,91.487,8.15,5,6.575,1,Normal,3,REST,1,1,1,1,2c f9 b6 42 ff 65 02 41 00 00 a0 40 ff 65 d2 40 01 03 0f
2026-05-05T08:39:36.890,321.293,91.86,3.818,5,4.409,1,Normal,3,REST,1,1,1,1,68 b8 b7 42 2f 60 74 40 00 00 a0 40 0c 18 8d 40 01 03 0f
2026-05-05T08:39:37.911,322.313,92.053,4.532,5,4.766,1,Normal,3,REST,1,1,1,1,06 1b b8 42 13 04 91 40 00 00 a0 40 0a 82 98 40 01 03 0f
2026-05-05T08:39:38.932,323.334,91.841,3.749,5,4.374,1,Normal,3,REST,1,1,1,1,cf ae b7 42 af ee 6f 40 00 00 a0 40 ac fb 8b 40 01 03 0f
2026-05-05T08:39:39.951,324.353,91.837,3.732,5,4.366,1,Normal,3,REST,1,1,1,1,69 ac b7 42 6d d2 6e 40 00 00 a0 40 9b b4 8b 40 01 03 0f
2026-05-05T08:39:40.971,325.373,92.256,5.283,5,5.142,1,Normal,3,REST,1,1,1,1,e5 82 b8 42 66 0f a9 40 00 00 a0 40 b3 87 a4 40 01 03 0f
2026-05-05T08:39:41.931,326.333,92.237,5.213,5,5.107,1,Normal,3,REST,1,1,1,1,36 79 b8 42 8e d1 a6 40 00 00 a0 40 c7 68 a3 40 01 03 0f
2026-05-05T08:39:43.011,327.413,92.237,5.213,5,5.107,1,Normal,3,REST,1,1,1,1,36 79 b8 42 8e d1 a6 40 00 00 a0 40 c7 68 a3 40 01 03 0f
2026-05-05T08:39:44.033,328.435,92.237,5.213,5,5.107,1,Normal,3,REST,1,1,1,1,36 79 b8 42 8e d1 a6 40 00 00 a0 40 c7 68 a3 40 01 03 0f
2026-05-05T08:39:45.001,329.404,92.237,5.213,5,5.107,1,Normal,3,REST,1,1,1,1,36 79 b8 42 8e d1 a6 40 00 00 a0 40 c7 68 a3 40 01 03 0f
2026-05-05T08:39:46.011,330.413,92.223,5.161,5,5.08,1,Normal,3,REST,1,1,1,1,f4 71 b8 42 77 23 a5 40 00 00 a0 40 bc 91 a2 40 01 03 0f
2026-05-05T08:39:47.031,331.433,92.232,5.196,5,5.098,1,Normal,3,REST,1,1,1,1,cb 76 b8 42 45 42 a6 40 00 00 a0 40 22 21 a3 40 01 03 0f
2026-05-05T08:39:48.052,332.454,92.784,7.238,5,6.119,1,Normal,3,REST,1,1,1,1,27 91 b9 42 ad 9e e7 40 00 00 a0 40 56 cf c3 40 01 03 0f
2026-05-05T08:39:49.071,333.473,92.769,7.185,5,6.092,1,Normal,3,REST,1,1,1,1,cf 89 b9 42 7d eb e5 40 00 00 a0 40 be f5 c2 40 01 03 0f
2026-05-05T08:39:50.091,334.493,91.935,4.096,5,4.548,1,Normal,3,REST,1,1,1,1,d7 de b7 42 a4 15 83 40 00 00 a0 40 d2 8a 91 40 01 03 0f
2026-05-05T08:39:51.051,335.453,91.945,4.131,5,4.566,1,Normal,3,REST,1,1,1,1,a7 e3 b7 42 d3 32 84 40 00 00 a0 40 6a 19 92 40 01 03 0f
2026-05-05T08:39:52.071,336.473,91.748,3.402,5,4.201,1,Normal,3,REST,1,1,1,1,df 7e b7 42 35 bd 59 40 00 00 a0 40 4d 6f 86 40 01 03 0f
2026-05-05T08:39:53.091,337.493,91.561,2.711,5,3.855,1,Normal,3,REST,1,1,1,1,4b 1f b7 42 6c 7d 2d 40 00 00 a0 40 b6 be 76 40 01 03 0f
2026-05-05T08:39:54.111,338.513,91.195,1.353,60,30.677,1,Normal,3,REST,1,1,1,1,a9 63 b6 42 ec 3e ad 3f 00 00 70 42 f7 69 f5 41 01 03 0f
2026-05-05T08:39:55.071,339.473,91.195,1.353,60,30.677,1,Normal,3,REST,1,1,1,1,a9 63 b6 42 ec 3e ad 3f 00 00 70 42 f7 69 f5 41 01 03 0f
2026-05-05T08:39:56.091,340.493,91.01,0.67,60,30.335,1,Normal,3,REST,1,1,1,1,3b 05 b6 42 2f 9f 2b 3f 00 00 70 42 7d ae f2 41 01 03 0f
2026-05-05T08:39:57.232,341.634,90.827,0,60,30,1,Normal,3,REST,1,1,1,1,2e a7 b5 42 00 00 00 00 00 00 70 42 00 00 f0 41 01 03 0f
2026-05-05T08:39:58.071,342.473,91.176,1.285,60,30.643,1,Normal,3,REST,1,1,1,1,34 5a b6 42 42 7d a4 3f 00 00 70 42 ea 23 f5 41 01 03 0f
2026-05-05T08:39:59.092,343.494,91.195,1.353,60,30.677,1,Normal,3,REST,1,1,1,1,a9 63 b6 42 ec 3e ad 3f 00 00 70 42 f7 69 f5 41 01 03 0f
2026-05-05T08:40:00.110,344.513,91.566,2.728,60,31.364,1,Normal,3,REST,1,1,1,1,ad 21 b7 42 d5 97 2e 40 00 00 70 42 7d e9 fa 41 01 03 0f
2026-05-05T08:40:01.131,345.533,91.566,2.728,60,31.364,1,Normal,3,REST,1,1,1,1,ad 21 b7 42 d5 97 2e 40 00 00 70 42 7d e9 fa 41 01 03 0f
2026-05-05T08:40:02.091,346.493,91.771,3.489,60,31.744,1,Normal,3,REST,1,1,1,1,d9 8a b7 42 a7 48 5f 40 00 00 70 42 8a f4 fd 41 01 03 0f
2026-05-05T08:40:03.111,347.513,92.213,5.126,60,32.563,1,Normal,3,REST,1,1,1,1,1d 6d b8 42 a9 04 a4 40 00 00 70 42 4b 40 02 42 01 03 0f
2026-05-05T08:40:04.131,348.533,92.317,5.511,60,32.755,1,Normal,3,REST,1,1,1,1,63 a2 b8 42 99 59 b0 40 00 00 70 42 9a 05 03 42 01 03 0f
2026-05-05T08:40:05.091,349.493,92.678,6.849,60,33.424,2,Mild,3,REST,1,1,1,1,58 5b b9 42 04 2a db 40 00 00 70 42 a0 b2 05 42 02 03 0f
2026-05-05T08:40:06.111,350.514,92.483,6.126,60,33.063,1,Normal,3,REST,1,1,1,1,63 f7 b8 42 a3 06 c4 40 00 00 70 42 6a 40 04 42 01 03 0f
2026-05-05T08:40:07.131,351.533,92.502,6.196,60,33.098,1,Normal,3,REST,1,1,1,1,1e 01 b9 42 43 47 c6 40 00 00 70 42 74 64 04 42 01 03 0f
2026-05-05T08:40:08.151,352.553,92.531,6.302,60,33.151,1,Normal,3,REST,1,1,1,1,ba 0f b9 42 00 a9 c9 40 00 00 70 42 90 9a 04 42 01 03 0f
2026-05-05T08:40:09.171,353.573,92.531,6.302,60,33.151,1,Normal,3,REST,1,1,1,1,ba 0f b9 42 00 a9 c9 40 00 00 70 42 90 9a 04 42 01 03 0f
2026-05-05T08:40:10.132,354.534,92.531,6.302,60,33.151,1,Normal,3,REST,1,1,1,1,ba 0f b9 42 00 a9 c9 40 00 00 70 42 90 9a 04 42 01 03 0f
2026-05-05T08:40:11.151,355.553,92.531,6.302,60,33.151,1,Normal,3,REST,1,1,1,1,ba 0f b9 42 00 a9 c9 40 00 00 70 42 90 9a 04 42 01 03 0f
2026-05-05T08:40:12.172,356.574,92.531,6.302,60,33.151,1,Normal,3,REST,1,1,1,1,ba 0f b9 42 00 a9 c9 40 00 00 70 42 90 9a 04 42 01 03 0f
2026-05-05T08:40:13.132,357.534,92.531,6.302,60,33.151,1,Normal,3,REST,1,1,1,1,ba 0f b9 42 00 a9 c9 40 00 00 70 42 90 9a 04 42 01 03 0f
2026-05-05T08:40:14.151,358.554,92.726,7.026,60,33.513,2,Mild,3,REST,1,1,1,1,ca 73 b9 42 a0 d2 e0 40 00 00 70 42 2a 0d 06 42 02 03 0f
2026-05-05T08:40:15.171,359.573,92.531,6.302,60,33.151,1,Normal,3,REST,1,1,1,1,ba 0f b9 42 00 a9 c9 40 00 00 70 42 90 9a 04 42 01 03 0f
2026-05-05T08:40:16.191,360.593,93.091,8.376,60,34.188,2,Mild,3,REST,1,1,1,1,64 2e ba 42 40 02 06 41 00 00 70 42 48 c0 08 42 02 03 0f
2026-05-05T08:40:17.151,361.553,93.057,8.251,60,34.125,2,Mild,3,REST,1,1,1,1,25 1d ba 42 41 03 04 41 00 00 70 42 68 80 08 42 02 03 0f
2026-05-05T08:40:18.112,362.514,92.932,7.788,60,33.894,2,Mild,3,REST,1,1,1,1,2f dd b9 42 3c 38 f9 40 00 00 70 42 84 93 07 42 02 03 0f
2026-05-05T08:40:19.191,363.593,92.932,7.788,60,33.894,2,Mild,3,REST,1,1,1,1,2f dd b9 42 3c 38 f9 40 00 00 70 42 84 93 07 42 02 03 0f
2026-05-05T08:40:20.211,364.613,92.932,7.788,60,33.894,2,Mild,3,REST,1,1,1,1,2f dd b9 42 3c 38 f9 40 00 00 70 42 84 93 07 42 02 03 0f
2026-05-05T08:40:21.171,365.573,92.932,7.788,60,33.894,2,Mild,3,REST,1,1,1,1,2f dd b9 42 3c 38 f9 40 00 00 70 42 84 93 07 42 02 03 0f
2026-05-05T08:40:22.190,366.593,93.081,8.34,60,34.17,2,Mild,3,REST,1,1,1,1,77 29 ba 42 4d 70 05 41 00 00 70 42 0a ae 08 42 02 03 0f
2026-05-05T08:40:23.211,367.613,92.99,8.002,60,34.001,2,Mild,3,REST,1,1,1,1,af fa b9 42 30 06 00 41 00 00 70 42 c6 00 08 42 02 03 0f
2026-05-05T08:40:24.172,368.575,92.99,8.002,60,34.001,2,Mild,3,REST,1,1,1,1,af fa b9 42 30 06 00 41 00 00 70 42 c6 00 08 42 02 03 0f
2026-05-05T08:40:25.252,369.654,93.57,10.15,60,35.075,2,Mild,3,REST,1,1,1,1,ad 23 bb 42 f5 65 22 41 00 00 70 42 bf 4c 0c 42 02 03 0f
2026-05-05T08:40:26.211,370.614,93.177,8.697,60,34.348,2,Mild,3,REST,1,1,1,1,cd 5a ba 42 1b 26 0b 41 00 00 70 42 c3 64 09 42 02 03 0f
2026-05-05T08:40:27.231,371.633,93.177,8.697,60,34.348,2,Mild,3,REST,1,1,1,1,cd 5a ba 42 1b 26 0b 41 00 00 70 42 c3 64 09 42 02 03 0f
2026-05-05T08:40:28.191,372.593,93.144,8.572,60,34.286,2,Mild,3,REST,1,1,1,1,85 49 ba 42 12 26 09 41 00 00 70 42 c2 24 09 42 02 03 0f
2026-05-05T08:40:29.210,373.613,93.153,8.608,60,34.304,2,Mild,3,REST,1,1,1,1,76 4e ba 42 7b b8 09 41 00 00 70 42 0f 37 09 42 02 03 0f
2026-05-05T08:40:30.352,374.754,93.153,8.608,60,34.304,2,Mild,3,REST,1,1,1,1,76 4e ba 42 7b b8 09 41 00 00 70 42 0f 37 09 42 02 03 0f
2026-05-05T08:40:31.251,375.653,93.148,8.59,60,34.295,2,Mild,3,REST,1,1,1,1,fd 4b ba 42 37 6f 09 41 00 00 70 42 e7 2d 09 42 02 03 0f
2026-05-05T08:40:32.271,376.673,93.351,9.341,60,34.671,2,Mild,3,REST,1,1,1,1,df b3 ba 42 3a 75 15 41 00 00 70 42 a7 ae 0a 42 02 03 0f
2026-05-05T08:40:33.291,377.693,93.342,9.305,60,34.653,2,Mild,3,REST,1,1,1,1,ea ae ba 42 5a e2 14 41 00 00 70 42 4b 9c 0a 42 02 03 0f
2026-05-05T08:40:34.311,378.714,93.327,9.251,60,34.626,2,Mild,3,REST,1,1,1,1,7b a7 ba 42 19 06 14 41 00 00 70 42 c3 80 0a 42 02 03 0f
2026-05-05T08:40:35.272,379.674,93.73,10.745,60,35.373,2,Mild,3,REST,1,1,1,1,00 76 bb 42 33 ed 2b 41 00 00 70 42 a6 7d 0d 42 02 03 0f
2026-05-05T08:40:36.292,380.694,93.545,10.06,60,35.03,2,Mild,3,REST,1,1,1,1,3a 17 bb 42 17 f5 20 41 00 00 70 42 a3 1e 0c 42 02 03 0f
2026-05-05T08:40:37.311,381.713,93.545,10.06,60,35.03,2,Mild,3,REST,1,1,1,1,3a 17 bb 42 17 f5 20 41 00 00 70 42 a3 1e 0c 42 02 03 0f
2026-05-05T08:40:38.331,382.733,93.545,10.06,60,35.03,2,Mild,3,REST,1,1,1,1,3a 17 bb 42 17 f5 20 41 00 00 70 42 a3 1e 0c 42 02 03 0f
2026-05-05T08:40:39.351,383.753,93.721,10.709,60,35.355,2,Mild,3,REST,1,1,1,1,01 71 bb 42 29 59 2b 41 00 00 70 42 25 6b 0d 42 02 03 0f
2026-05-05T08:40:40.371,384.773,93.721,10.709,60,35.355,2,Mild,3,REST,1,1,1,1,01 71 bb 42 29 59 2b 41 00 00 70 42 25 6b 0d 42 02 03 0f
2026-05-05T08:40:41.331,385.733,93.726,10.727,60,35.364,2,Mild,3,REST,1,1,1,1,80 73 bb 42 1f a3 2b 41 00 00 70 42 64 74 0d 42 02 03 0f
2026-05-05T08:40:42.381,386.783,93.502,9.898,60,34.949,2,Mild,3,REST,1,1,1,1,d6 00 bb 42 ab 5d 1e 41 00 00 70 42 b5 cb 0b 42 02 03 0f
2026-05-05T08:40:43.371,387.773,93.721,10.709,60,35.355,2,Mild,3,REST,1,1,1,1,01 71 bb 42 29 59 2b 41 00 00 70 42 25 6b 0d 42 02 03 0f
2026-05-05T08:40:44.451,388.853,93.526,9.988,60,34.994,2,Mild,3,REST,1,1,1,1,47 0d bb 42 4d ce 1f 41 00 00 70 42 ca f9 0b 42 02 03 0f
2026-05-05T08:40:45.411,389.813,93.545,10.06,60,35.03,2,Mild,3,REST,1,1,1,1,3a 17 bb 42 17 f5 20 41 00 00 70 42 a3 1e 0c 42 02 03 0f
2026-05-05T08:40:46.371,390.773,93.57,10.15,60,35.075,2,Mild,3,REST,1,1,1,1,ad 23 bb 42 f5 65 22 41 00 00 70 42 bf 4c 0c 42 02 03 0f
2026-05-05T08:40:47.391,391.793,93.308,9.18,60,34.59,2,Mild,3,REST,1,1,1,1,93 9d ba 42 94 e0 12 41 00 00 70 42 12 5c 0a 42 02 03 0f
2026-05-05T08:40:48.351,392.753,93.599,10.258,60,35.129,2,Mild,3,REST,1,1,1,1,a0 32 bb 42 e6 20 24 41 00 00 70 42 1d 84 0c 42 02 03 0f
2026-05-05T08:40:49.431,393.834,93.477,9.808,60,34.904,2,Mild,3,REST,1,1,1,1,69 f4 ba 42 7f ed 1c 41 00 00 70 42 b0 9d 0b 42 02 03 0f
2026-05-05T08:40:50.451,394.853,93.042,8.197,60,34.099,2,Mild,3,REST,1,1,1,1,c2 15 ba 42 64 28 03 41 00 00 70 42 0c 65 08 42 02 03 0f
2026-05-05T08:40:51.471,395.873,92.851,7.486,60,33.743,2,Mild,3,REST,1,1,1,1,76 b3 b9 42 c8 8f ef 40 00 00 70 42 fc f8 06 42 02 03 0f
2026-05-05T08:40:52.551,396.953,92.855,7.504,60,33.752,2,Mild,3,REST,1,1,1,1,ea b5 b9 42 27 21 f0 40 00 00 70 42 12 02 07 42 02 03 0f
2026-05-05T08:40:53.511,397.913,92.488,6.143,60,33.072,1,Normal,3,REST,1,1,1,1,d1 f9 b8 42 a0 96 c4 40 00 00 70 42 6a 49 04 42 01 03 0f
2026-05-05T08:40:54.532,398.934,92.289,5.406,60,32.703,1,Normal,3,REST,1,1,1,1,d8 93 b8 42 cc fb ac 40 00 00 70 42 bd cf 02 42 01 03 0f
2026-05-05T08:40:55.551,399.953,92.322,5.528,60,32.764,1,Normal,3,REST,1,1,1,1,cf a4 b8 42 1f e9 b0 40 00 00 70 42 92 0e 03 42 01 03 0f
2026-05-05T08:40:56.571,400.973,92.308,5.476,60,32.738,1,Normal,3,REST,1,1,1,1,8a 9d b8 42 55 3a af 40 00 00 70 42 a5 f3 02 42 01 03 0f
2026-05-05T08:40:57.534,401.936,92.119,4.776,60,32.388,1,Normal,3,REST,1,1,1,1,cb 3c b8 42 3b d5 98 40 00 00 70 42 54 8d 01 42 01 03 0f
2026-05-05T08:40:58.551,402.953,92.119,4.776,60,32.388,1,Normal,3,REST,1,1,1,1,cb 3c b8 42 3b d5 98 40 00 00 70 42 54 8d 01 42 01 03 0f
2026-05-05T08:40:59.692,404.094,91.781,3.523,60,31.762,1,Normal,3,REST,1,1,1,1,a3 8f b7 42 3d 80 61 40 00 00 70 42 04 18 fe 41 01 03 0f
2026-05-05T08:41:00.591,404.993,91.748,3.402,60,31.701,1,Normal,3,REST,1,1,1,1,df 7e b7 42 35 bd 59 40 00 00 70 42 d3 9b fd 41 01 03 0f
2026-05-05T08:41:01.672,406.074,91.029,0.739,60,30.369,1,Normal,3,REST,1,1,1,1,a7 0e b6 42 d9 11 3d 3f 00 00 70 42 47 f4 f2 41 01 03 0f
2026-05-05T08:41:02.632,407.034,91.236,1.508,60,30.754,1,Normal,3,REST,1,1,1,1,f5 78 b6 42 13 f7 c0 3f 00 00 70 42 b9 07 f6 41 01 03 0f
2026-05-05T08:41:03.651,408.053,90.868,0.143,60,30.071,1,Normal,3,REST,1,1,1,1,4f bc b5 42 42 53 12 3e 00 00 70 42 53 92 f0 41 01 03 0f
2026-05-05T08:41:04.612,409.014,90.466,0,60,30,1,Normal,3,REST,1,1,1,1,8a ee b4 42 00 00 00 00 00 00 70 42 00 00 f0 41 01 03 0f
2026-05-05T08:41:05.631,410.033,90.639,0,60,30,1,Normal,3,REST,1,1,1,1,2c 47 b5 42 00 00 00 00 00 00 70 42 00 00 f0 41 01 03 0f
2026-05-05T08:41:06.711,411.113,90.662,0,60,30,1,Normal,3,REST,1,1,1,1,dc 52 b5 42 00 00 00 00 00 00 70 42 00 00 f0 41 01 03 0f
2026-05-05T08:41:07.731,412.133,90.644,0,60,30,1,Normal,3,REST,1,1,1,1,82 49 b5 42 00 00 00 00 00 00 70 42 00 00 f0 41 01 03 0f
2026-05-05T08:41:08.631,413.033,90.425,0,60,30,1,Normal,3,REST,1,1,1,1,99 d9 b4 42 00 00 00 00 00 00 70 42 00 00 f0 41 01 03 0f
2026-05-05T08:41:09.651,414.053,90.621,0,20.191,10.096,1,Normal,3,REST,1,1,1,1,d4 3d b5 42 00 00 00 00 82 87 a1 41 82 87 21 41 01 03 0f
2026-05-05T08:41:10.672,415.074,90.607,0,20.191,10.096,1,Normal,3,REST,1,1,1,1,d1 36 b5 42 00 00 00 00 82 87 a1 41 82 87 21 41 01 03 0f
2026-05-05T08:41:11.691,416.093,90.817,0,20.191,10.096,1,Normal,3,REST,1,1,1,1,7c a2 b5 42 00 00 00 00 82 87 a1 41 82 87 21 41 01 03 0f
2026-05-05T08:41:12.711,417.113,90.79,0,20.191,10.096,1,Normal,3,REST,1,1,1,1,6b 94 b5 42 00 00 00 00 82 87 a1 41 82 87 21 41 01 03 0f
2026-05-05T08:41:13.673,418.075,91.158,1.217,20.191,10.704,1,Normal,3,REST,1,1,1,1,be 50 b6 42 ab ba 9b 3f 82 87 a1 41 2d 43 2b 41 01 03 0f
2026-05-05T08:41:14.873,419.275,91.176,1.285,20.191,10.738,1,Normal,3,REST,1,1,1,1,34 5a b6 42 42 7d a4 3f 82 87 a1 41 56 cf 2b 41 01 03 0f
2026-05-05T08:41:15.711,420.113,91.491,2.452,20.191,11.322,1,Normal,3,REST,1,1,1,1,8d fb b6 42 51 f1 1c 40 82 87 a1 41 ac 25 35 41 01 03 0f
2026-05-05T08:41:16.671,421.073,91.491,2.452,20.191,11.322,1,Normal,3,REST,1,1,1,1,8d fb b6 42 51 f1 1c 40 82 87 a1 41 ac 25 35 41 01 03 0f
2026-05-05T08:41:17.692,422.095,91.491,2.452,20.191,11.322,1,Normal,3,REST,1,1,1,1,8d fb b6 42 51 f1 1c 40 82 87 a1 41 ac 25 35 41 01 03 0f
2026-05-05T08:41:18.772,423.174,91.491,2.452,20.191,11.322,1,Normal,3,REST,1,1,1,1,8d fb b6 42 51 f1 1c 40 82 87 a1 41 ac 25 35 41 01 03 0f
2026-05-05T08:41:19.731,424.133,91.491,2.452,20.191,11.322,1,Normal,3,REST,1,1,1,1,8d fb b6 42 51 f1 1c 40 82 87 a1 41 ac 25 35 41 01 03 0f
2026-05-05T08:41:20.691,425.093,91.491,2.452,20.191,11.322,1,Normal,3,REST,1,1,1,1,8d fb b6 42 51 f1 1c 40 82 87 a1 41 ac 25 35 41 01 03 0f
2026-05-05T08:41:21.771,426.174,91.301,1.748,20.191,10.969,1,Normal,3,REST,1,1,1,1,22 9a b6 42 f5 ae df 3f 82 87 a1 41 71 82 2f 41 01 03 0f
2026-05-05T08:41:22.731,427.133,91.673,3.125,20.191,11.658,1,Normal,3,REST,1,1,1,1,98 58 b7 42 a0 04 48 40 82 87 a1 41 16 88 3a 41 01 03 0f
2026-05-05T08:41:23.692,428.094,91.292,1.713,20.191,10.952,1,Normal,3,REST,1,1,1,1,64 95 b6 42 e3 4a db 3f 82 87 a1 41 30 3c 2f 41 01 03 0f
2026-05-05T08:41:24.711,429.114,90.914,0.313,20.191,10.252,1,Normal,3,REST,1,1,1,1,ce d3 b5 42 69 2f a0 3e 82 87 a1 41 40 08 24 41 01 03 0f
2026-05-05T08:41:25.851,430.254,90.914,0.313,20.191,10.252,1,Normal,3,REST,1,1,1,1,ce d3 b5 42 69 2f a0 3e 82 87 a1 41 40 08 24 41 01 03 0f
2026-05-05T08:41:26.751,431.153,90.895,-1,20.191,20.191,1,Normal,4,TRANSITION,0,1,0,1,68 ca b5 42 00 00 80 bf 82 87 a1 41 82 87 a1 41 01 04 0a
2026-05-05T08:41:27.771,432.173,90.895,-1,20.191,20.191,1,Normal,4,TRANSITION,0,1,0,1,68 ca b5 42 00 00 80 bf 82 87 a1 41 82 87 a1 41 01 04 0a
2026-05-05T08:41:28.851,433.254,90.895,-1,20.191,20.191,1,Normal,4,TRANSITION,0,1,0,1,68 ca b5 42 00 00 80 bf 82 87 a1 41 82 87 a1 41 01 04 0a
2026-05-05T08:41:29.871,434.273,90.895,-1,20.191,20.191,1,Normal,4,TRANSITION,0,1,0,1,68 ca b5 42 00 00 80 bf 82 87 a1 41 82 87 a1 41 01 04 0a
2026-05-05T08:41:30.891,435.293,90.895,-1,20.191,20.191,1,Normal,4,TRANSITION,0,1,0,1,68 ca b5 42 00 00 80 bf 82 87 a1 41 82 87 a1 41 01 04 0a
2026-05-05T08:41:31.852,436.254,91.417,-1,20.191,20.191,1,Normal,4,TRANSITION,0,1,0,1,7d d5 b6 42 00 00 80 bf 82 87 a1 41 82 87 a1 41 01 04 0a
2026-05-05T08:41:32.931,437.334,91.954,-1,20.191,20.191,1,Normal,4,TRANSITION,0,1,0,1,76 e8 b7 42 00 00 80 bf 82 87 a1 41 82 87 a1 41 01 04 0a
2026-05-05T08:41:33.951,438.353,92.918,-1,20.191,20.191,1,Normal,4,TRANSITION,0,1,0,1,d1 d5 b9 42 00 00 80 bf 82 87 a1 41 82 87 a1 41 01 04 0a
2026-05-05T08:41:34.911,439.313,93.284,-1,20.191,20.191,1,Normal,4,TRANSITION,0,1,0,1,31 91 ba 42 00 00 80 bf 82 87 a1 41 82 87 a1 41 01 04 0a
2026-05-05T08:41:35.991,440.393,94.266,-1,20.191,20.191,1,Normal,4,TRANSITION,0,1,0,1,f2 87 bc 42 00 00 80 bf 82 87 a1 41 82 87 a1 41 01 04 0a
2026-05-05T08:41:36.951,441.353,94.266,-1,20.191,20.191,1,Normal,4,TRANSITION,0,1,0,1,f2 87 bc 42 00 00 80 bf 82 87 a1 41 82 87 a1 41 01 04 0a
2026-05-05T08:41:37.972,442.374,94.877,-1,20.191,20.191,1,Normal,4,TRANSITION,0,1,0,1,d9 c0 bd 42 00 00 80 bf 82 87 a1 41 82 87 a1 41 01 04 0a
2026-05-05T08:41:38.931,443.333,94.687,-1,20.191,20.191,1,Normal,4,TRANSITION,0,1,0,1,bf 5f bd 42 00 00 80 bf 82 87 a1 41 82 87 a1 41 01 04 0a
2026-05-05T08:41:39.951,444.354,94.877,-1,20.191,20.191,1,Normal,4,TRANSITION,0,1,0,1,d9 c0 bd 42 00 00 80 bf 82 87 a1 41 82 87 a1 41 01 04 0a
2026-05-05T08:41:41.032,445.434,94.877,-1,20.191,20.191,1,Normal,4,TRANSITION,0,1,0,1,d9 c0 bd 42 00 00 80 bf 82 87 a1 41 82 87 a1 41 01 04 0a
2026-05-05T08:41:41.991,446.393,94.877,-1,20.191,20.191,1,Normal,4,TRANSITION,0,1,0,1,d9 c0 bd 42 00 00 80 bf 82 87 a1 41 82 87 a1 41 01 04 0a
2026-05-05T08:41:43.011,447.413,94.647,-1,20.191,20.191,1,Normal,4,TRANSITION,0,1,0,1,5a 4b bd 42 00 00 80 bf 82 87 a1 41 82 87 a1 41 01 04 0a
2026-05-05T08:41:44.032,448.434,94.647,-1,20.191,20.191,1,Normal,4,TRANSITION,0,1,0,1,5a 4b bd 42 00 00 80 bf 82 87 a1 41 82 87 a1 41 01 04 0a
2026-05-05T08:41:45.171,449.573,94.647,-1,20.191,20.191,1,Normal,4,TRANSITION,0,1,0,1,5a 4b bd 42 00 00 80 bf 82 87 a1 41 82 87 a1 41 01 04 0a
2026-05-05T08:41:46.132,450.534,94.647,-1,20.191,20.191,1,Normal,4,TRANSITION,0,1,0,1,5a 4b bd 42 00 00 80 bf 82 87 a1 41 82 87 a1 41 01 04 0a
2026-05-05T08:41:47.153,451.555,94.647,-1,72.583,72.583,3,Stress,4,TRANSITION,0,1,0,1,5a 4b bd 42 00 00 80 bf 4f 2a 91 42 4f 2a 91 42 03 04 0a
2026-05-05T08:41:48.172,452.574,94.647,-1,72.583,72.583,3,Stress,4,TRANSITION,0,1,0,1,5a 4b bd 42 00 00 80 bf 4f 2a 91 42 4f 2a 91 42 03 04 0a
2026-05-05T08:41:49.132,453.534,94.647,-1,72.583,72.583,3,Stress,4,TRANSITION,0,1,0,1,5a 4b bd 42 00 00 80 bf 4f 2a 91 42 4f 2a 91 42 03 04 0a
2026-05-05T08:41:50.212,454.614,94.922,-1,72.583,72.583,3,Stress,4,TRANSITION,0,1,0,1,e8 d7 bd 42 00 00 80 bf 4f 2a 91 42 4f 2a 91 42 03 04 0a
2026-05-05T08:41:51.171,455.573,94.922,-1,72.583,72.583,3,Stress,4,TRANSITION,0,1,0,1,e8 d7 bd 42 00 00 80 bf 4f 2a 91 42 4f 2a 91 42 03 04 0a
2026-05-05T08:41:52.131,456.533,94.922,-1,72.583,72.583,3,Stress,4,TRANSITION,0,1,0,1,e8 d7 bd 42 00 00 80 bf 4f 2a 91 42 4f 2a 91 42 03 04 0a
2026-05-05T08:41:53.151,457.553,94.922,-1,72.583,72.583,3,Stress,4,TRANSITION,0,1,0,1,e8 d7 bd 42 00 00 80 bf 4f 2a 91 42 4f 2a 91 42 03 04 0a
2026-05-05T08:41:54.171,458.573,94.922,-1,72.583,72.583,3,Stress,4,TRANSITION,0,1,0,1,e8 d7 bd 42 00 00 80 bf 4f 2a 91 42 4f 2a 91 42 03 04 0a
2026-05-05T08:41:55.131,459.533,94.922,-1,72.583,72.583,3,Stress,4,TRANSITION,0,1,0,1,e8 d7 bd 42 00 00 80 bf 4f 2a 91 42 4f 2a 91 42 03 04 0a
2026-05-05T08:41:56.152,460.554,95.577,-1,72.583,72.583,3,Stress,4,TRANSITION,0,1,0,1,61 27 bf 42 00 00 80 bf 4f 2a 91 42 4f 2a 91 42 03 04 0a
2026-05-05T08:41:57.171,461.573,95.592,17.64,72.583,45.112,2,Mild,5,STRESS,1,1,1,1,2d 2f bf 42 b9 1f 8d 41 4f 2a 91 42 3d 72 34 42 02 05 0f
2026-05-05T08:41:58.192,462.594,95.801,18.413,72.583,45.498,2,Mild,5,STRESS,1,1,1,1,fa 99 bf 42 f4 4d 93 41 4f 2a 91 42 cc fd 35 42 02 05 0f
2026-05-05T08:41:59.212,463.614,95.78,18.338,72.583,45.46,2,Mild,5,STRESS,1,1,1,1,89 8f bf 42 44 b3 92 41 4f 2a 91 42 20 d7 35 42 02 05 0f
2026-05-05T08:42:00.231,464.633,96.603,21.384,72.583,46.983,2,Mild,5,STRESS,1,1,1,1,a3 34 c1 42 cf 11 ab 41 4f 2a 91 42 c3 ee 3b 42 02 05 0f
2026-05-05T08:42:01.251,465.653,96.603,21.384,72.583,46.983,2,Mild,5,STRESS,1,1,1,1,a3 34 c1 42 cf 11 ab 41 4f 2a 91 42 c3 ee 3b 42 02 05 0f
2026-05-05T08:42:02.151,466.553,96.603,21.384,72.583,46.983,2,Mild,5,STRESS,1,1,1,1,a3 34 c1 42 cf 11 ab 41 4f 2a 91 42 c3 ee 3b 42 02 05 0f
2026-05-05T08:42:03.232,467.634,96.36,20.483,72.583,46.533,2,Mild,5,STRESS,1,1,1,1,30 b8 c0 42 1e de a3 41 4f 2a 91 42 d6 21 3a 42 02 05 0f
2026-05-05T08:42:04.192,468.594,96.375,20.541,72.583,46.562,2,Mild,5,STRESS,1,1,1,1,1d c0 c0 42 89 53 a4 41 4f 2a 91 42 31 3f 3a 42 02 05 0f
2026-05-05T08:42:05.211,469.613,96.649,21.557,72.583,47.07,2,Mild,5,STRESS,1,1,1,1,89 4c c1 42 dc 73 ac 41 4f 2a 91 42 46 47 3c 42 02 05 0f
2026-05-05T08:42:06.231,470.633,96.624,21.46,72.583,47.022,2,Mild,5,STRESS,1,1,1,1,41 3f c1 42 19 af ab 41 4f 2a 91 42 15 16 3c 42 02 05 0f
2026-05-05T08:42:07.191,471.593,96.852,22.308,72.583,47.445,2,Mild,5,STRESS,1,1,1,1,61 b4 c1 42 48 76 b2 41 4f 2a 91 42 e1 c7 3d 42 02 05 0f
2026-05-05T08:42:08.212,472.614,97.693,25.423,72.583,49.003,2,Mild,5,STRESS,1,1,1,1,ff 62 c3 42 cd 61 cb 41 4f 2a 91 42 c2 02 44 42 02 05 0f
2026-05-05T08:42:09.232,473.634,97.693,25.423,72.583,49.003,2,Mild,5,STRESS,1,1,1,1,ff 62 c3 42 cd 61 cb 41 4f 2a 91 42 c2 02 44 42 02 05 0f
2026-05-05T08:42:10.253,474.655,97.513,24.756,72.583,48.669,2,Mild,5,STRESS,1,1,1,1,de 06 c3 42 ed 0c c6 41 4f 2a 91 42 8a ad 42 42 02 05 0f
2026-05-05T08:42:11.272,475.675,97.55,24.893,72.583,48.738,2,Mild,5,STRESS,1,1,1,1,cf 19 c3 42 89 25 c7 41 4f 2a 91 42 b1 f3 42 42 02 05 0f
2026-05-05T08:42:12.293,476.695,97.292,23.936,72.583,48.26,2,Mild,5,STRESS,1,1,1,1,86 95 c2 42 c3 7d bf 41 4f 2a 91 42 c0 09 41 42 02 05 0f
2026-05-05T08:42:13.371,477.773,97.093,23.198,72.583,47.89,2,Mild,5,STRESS,1,1,1,1,6b 2f c2 42 17 95 b9 41 4f 2a 91 42 95 8f 3f 42 02 05 0f
2026-05-05T08:42:14.331,478.733,96.686,21.691,72.583,47.137,2,Mild,5,STRESS,1,1,1,1,25 5f c1 42 8f 87 ad 41 4f 2a 91 42 33 8c 3c 42 02 05 0f
2026-05-05T08:42:15.292,479.694,97.103,23.237,72.583,47.91,2,Mild,5,STRESS,1,1,1,1,c8 34 c2 42 8b e4 b9 41 4f 2a 91 42 72 a3 3f 42 02 05 0f
2026-05-05T08:42:16.493,480.895,97.376,24.248,72.583,48.415,2,Mild,5,STRESS,1,1,1,1,a4 c0 c2 42 88 fc c1 41 4f 2a 91 42 71 a9 41 42 02 05 0f
2026-05-05T08:42:17.333,481.736,97.445,27.751,72.583,50.167,2,Mild,5,STRESS,1,1,1,1,ba e3 c2 42 6d 02 de 41 4f 2a 91 42 ea aa 48 42 02 05 0f
2026-05-05T08:42:18.352,482.755,97.266,30.254,72.583,51.418,2,Mild,5,STRESS,1,1,1,1,11 88 c2 42 cd 07 f2 41 4f 2a 91 42 42 ac 4d 42 02 05 0f
2026-05-05T08:42:19.311,483.713,97.282,30.256,72.583,51.419,2,Mild,5,STRESS,1,1,1,1,24 90 c2 42 d7 0b f2 41 4f 2a 91 42 45 ad 4d 42 02 05 0f
2026-05-05T08:42:20.332,484.734,97.461,31.321,72.583,51.952,2,Mild,5,STRESS,1,1,1,1,d4 eb c2 42 30 91 fa 41 4f 2a 91 42 9b ce 4f 42 02 05 0f
2026-05-05T08:42:21.352,485.754,97.461,31.321,72.583,51.952,2,Mild,5,STRESS,1,1,1,1,d4 eb c2 42 30 91 fa 41 4f 2a 91 42 9b ce 4f 42 02 05 0f
2026-05-05T08:42:22.373,486.776,97.461,31.321,72.583,51.952,2,Mild,5,STRESS,1,1,1,1,d4 eb c2 42 30 91 fa 41 4f 2a 91 42 9b ce 4f 42 02 05 0f
2026-05-05T08:42:23.331,487.733,97.487,31.368,72.583,51.975,2,Mild,5,STRESS,1,1,1,1,58 f9 c2 42 e7 f1 fa 41 4f 2a 91 42 c9 e6 4f 42 02 05 0f
2026-05-05T08:42:24.352,488.754,97.056,30.506,60,45.253,2,Mild,5,STRESS,1,1,1,1,a8 1c c2 42 77 0b f4 41 00 00 70 42 de 02 35 42 02 05 0f
2026-05-05T08:42:25.371,489.773,97.282,30.506,60,45.253,2,Mild,5,STRESS,1,1,1,1,24 90 c2 42 3d 0d f4 41 00 00 70 42 4f 03 35 42 02 05 0f
2026-05-05T08:42:26.391,490.794,97.276,30.998,60,45.499,2,Mild,5,STRESS,1,1,1,1,73 8d c2 42 d9 fb f7 41 00 00 70 42 f6 fe 35 42 02 05 0f
2026-05-05T08:42:27.359,491.761,97.287,32.333,60,46.166,2,Mild,5,STRESS,1,1,1,1,d5 92 c2 42 af 54 01 42 00 00 70 42 58 aa 38 42 02 05 0f
2026-05-05T08:42:28.371,492.773,97.72,40.348,60,50.174,2,Mild,5,STRESS,1,1,1,1,93 70 c3 42 14 64 21 42 00 00 70 42 0a b2 48 42 02 05 0f
2026-05-05T08:42:29.391,493.794,97.292,31.231,60,45.616,2,Mild,5,STRESS,1,1,1,1,86 95 c2 42 7b d9 f9 41 00 00 70 42 5f 76 36 42 02 05 0f
2026-05-05T08:42:30.352,494.754,97.292,31.231,60,45.616,2,Mild,5,STRESS,1,1,1,1,86 95 c2 42 7b d9 f9 41 00 00 70 42 5f 76 36 42 02 05 0f
2026-05-05T08:42:31.432,495.835,97.911,26.23,60,43.115,2,Mild,5,STRESS,1,1,1,1,8d d2 c3 42 77 d6 d1 41 00 00 70 42 9e 75 2c 42 02 05 0f
2026-05-05T08:42:32.335,496.737,97.906,26.21,60,43.105,2,Mild,5,STRESS,1,1,1,1,d3 cf c3 42 10 ae d1 41 00 00 70 42 84 6b 2c 42 02 05 0f
2026-05-05T08:42:33.351,497.753,97.906,26.21,60,43.105,2,Mild,5,STRESS,1,1,1,1,d3 cf c3 42 10 ae d1 41 00 00 70 42 84 6b 2c 42 02 05 0f
2026-05-05T08:42:34.372,498.775,97.906,26.21,60,43.105,2,Mild,5,STRESS,1,1,1,1,d3 cf c3 42 10 ae d1 41 00 00 70 42 84 6b 2c 42 02 05 0f
2026-05-05T08:42:35.451,499.853,97.906,26.21,60,43.105,2,Mild,5,STRESS,1,1,1,1,d3 cf c3 42 10 ae d1 41 00 00 70 42 84 6b 2c 42 02 05 0f
2026-05-05T08:42:36.351,500.753,97.917,29.017,60,44.508,2,Mild,5,STRESS,1,1,1,1,47 d5 c3 42 e4 21 e8 41 00 00 70 42 79 08 32 42 02 05 0f
2026-05-05T08:42:37.371,501.774,97.906,29.015,60,44.508,2,Mild,5,STRESS,1,1,1,1,d3 cf c3 42 33 1f e8 41 00 00 70 42 cd 07 32 42 02 05 0f
2026-05-05T08:42:38.391,502.794,97.424,24.424,60,42.212,2,Mild,5,STRESS,1,1,1,1,ee d8 c2 42 60 64 c3 41 00 00 70 42 18 d9 28 42 02 05 0f
2026-05-05T08:42:39.472,503.875,97.619,25.148,60,42.574,2,Mild,5,STRESS,1,1,1,1,04 3d c3 42 20 2f c9 41 00 00 70 42 c8 4b 2a 42 02 05 0f
2026-05-05T08:42:40.371,504.774,97.831,25.934,60,42.967,2,Mild,5,STRESS,1,1,1,1,ae a9 c3 42 f5 78 cf 41 00 00 70 42 3d de 2b 42 02 05 0f
2026-05-05T08:42:41.452,505.854,97.624,25.168,60,42.584,2,Mild,5,STRESS,1,1,1,1,bb 3f c3 42 58 57 c9 41 00 00 70 42 d6 55 2a 42 02 05 0f
2026-05-05T08:42:42.472,506.874,97.853,26.013,60,43.006,2,Mild,5,STRESS,1,1,1,1,92 b4 c3 42 4d 1a d0 41 00 00 70 42 93 06 2c 42 02 05 0f
2026-05-05T08:42:43.431,507.833,97.826,25.914,60,42.957,2,Mild,5,STRESS,1,1,1,1,f5 a6 c3 42 a1 50 cf 41 00 00 70 42 28 d4 2b 42 02 05 0f
2026-05-05T08:42:44.452,508.854,97.826,25.914,60,42.957,2,Mild,5,STRESS,1,1,1,1,f5 a6 c3 42 a1 50 cf 41 00 00 70 42 28 d4 2b 42 02 05 0f
2026-05-05T08:42:45.471,509.873,98.259,27.516,60,43.758,2,Mild,5,STRESS,1,1,1,1,6c 84 c4 42 95 21 dc 41 00 00 70 42 65 08 2f 42 02 05 0f
2026-05-05T08:42:46.433,510.835,98.259,27.516,60,43.758,2,Mild,5,STRESS,1,1,1,1,6c 84 c4 42 95 21 dc 41 00 00 70 42 65 08 2f 42 02 05 0f
2026-05-05T08:42:47.453,511.855,98.285,27.616,60,43.808,2,Mild,5,STRESS,1,1,1,1,28 92 c4 42 0f ed dc 41 00 00 70 42 44 3b 2f 42 02 05 0f
2026-05-05T08:42:48.471,512.873,98.307,27.695,60,43.848,2,Mild,5,STRESS,1,1,1,1,27 9d c4 42 f8 8f dd 41 00 00 70 42 fe 63 2f 42 02 05 0f
2026-05-05T08:42:49.491,513.893,98.706,29.173,60,44.586,2,Mild,5,STRESS,1,1,1,1,67 69 c5 42 e5 61 e9 41 00 00 70 42 79 58 32 42 02 05 0f
2026-05-05T08:42:50.512,514.914,98.162,27.159,60,43.58,2,Mild,5,STRESS,1,1,1,1,0a 53 c4 42 fd 45 d9 41 00 00 70 42 7f 51 2e 42 02 05 0f
2026-05-05T08:42:51.471,515.873,98.162,27.159,60,43.58,2,Mild,5,STRESS,1,1,1,1,0a 53 c4 42 fd 45 d9 41 00 00 70 42 7f 51 2e 42 02 05 0f
2026-05-05T08:42:52.431,516.833,98.151,27.12,60,43.56,2,Mild,5,STRESS,1,1,1,1,8f 4d c4 42 cd f4 d8 41 00 00 70 42 33 3d 2e 42 02 05 0f
2026-05-05T08:42:53.451,517.853,97.725,25.541,60,42.77,2,Mild,5,STRESS,1,1,1,1,4a 73 c3 42 2d 53 cc 41 00 00 70 42 cb 14 2b 42 02 05 0f
2026-05-05T08:42:54.471,518.873,97.922,26.269,60,43.135,2,Mild,5,STRESS,1,1,1,1,01 d8 c3 42 3f 27 d2 41 00 00 70 42 d0 89 2c 42 02 05 0f
2026-05-05T08:42:55.553,519.955,97.922,26.269,60,43.135,2,Mild,5,STRESS,1,1,1,1,01 d8 c3 42 3f 27 d2 41 00 00 70 42 d0 89 2c 42 02 05 0f
2026-05-05T08:42:56.511,520.914,97.922,26.269,60,43.135,2,Mild,5,STRESS,1,1,1,1,01 d8 c3 42 3f 27 d2 41 00 00 70 42 d0 89 2c 42 02 05 0f
2026-05-05T08:42:57.532,521.934,97.922,26.269,60,43.135,2,Mild,5,STRESS,1,1,1,1,01 d8 c3 42 3f 27 d2 41 00 00 70 42 d0 89 2c 42 02 05 0f
2026-05-05T08:42:58.552,522.954,98.592,28.752,60,44.376,2,Mild,5,STRESS,1,1,1,1,45 2f c5 42 a9 04 e6 41 00 00 70 42 2a 81 31 42 02 05 0f
2026-05-05T08:42:59.511,523.913,98.377,27.954,60,43.977,2,Mild,5,STRESS,1,1,1,1,e9 c0 c4 42 b7 a1 df 41 00 00 70 42 6e e8 2f 42 02 05 0f
2026-05-05T08:43:00.532,524.934,98.361,27.894,60,43.947,2,Mild,5,STRESS,1,1,1,1,a8 b8 c4 42 6d 27 df 41 00 00 70 42 db c9 2f 42 02 05 0f
2026-05-05T08:43:01.552,525.954,98.146,27.1,60,43.55,2,Mild,5,STRESS,1,1,1,1,d2 4a c4 42 3c cc d8 41 00 00 70 42 0f 33 2e 42 02 05 0f
2026-05-05T08:43:02.751,527.154,98.168,27.179,73.048,27.179,1,Normal,5,STRESS,1,0,1,1,c7 55 c4 42 90 6e d9 41 b9 18 92 42 90 6e d9 41 01 05 0d
2026-05-05T08:43:03.592,527.994,98.555,28.612,73.048,28.612,1,Normal,5,STRESS,1,0,1,1,ec 1b c5 42 08 e6 e4 41 b9 18 92 42 08 e6 e4 41 01 05 0d
2026-05-05T08:43:04.612,529.014,98.555,28.612,73.048,28.612,1,Normal,5,STRESS,1,0,1,1,ec 1b c5 42 08 e6 e4 41 b9 18 92 42 08 e6 e4 41 01 05 0d
2026-05-05T08:43:05.572,529.974,98.35,27.854,73.048,27.854,1,Normal,5,STRESS,1,0,1,1,27 b3 c4 42 e5 d5 de 41 b9 18 92 42 e5 d5 de 41 01 05 0d
2026-05-05T08:43:06.592,530.994,98.345,27.835,73.048,27.835,1,Normal,5,STRESS,1,0,1,1,67 b0 c4 42 25 ad de 41 b9 18 92 42 25 ad de 41 01 05 0d
2026-05-05T08:43:07.611,532.014,98.339,27.815,73.048,27.815,1,Normal,5,STRESS,1,0,1,1,a6 ad c4 42 59 84 de 41 b9 18 92 42 59 84 de 41 01 05 0d
2026-05-05T08:43:08.572,532.974,98.339,27.815,73.048,27.815,1,Normal,5,STRESS,1,0,1,1,a6 ad c4 42 59 84 de 41 b9 18 92 42 59 84 de 41 01 05 0d
2026-05-05T08:43:09.591,533.994,98.814,29.574,73.048,29.574,1,Normal,5,STRESS,1,0,1,1,e2 a0 c5 42 d3 97 ec 41 b9 18 92 42 d3 97 ec 41 01 05 0d
2026-05-05T08:43:10.612,535.014,98.814,29.574,73.048,29.574,1,Normal,5,STRESS,1,0,1,1,e2 a0 c5 42 d3 97 ec 41 b9 18 92 42 d3 97 ec 41 01 05 0d
2026-05-05T08:43:11.631,536.034,98.814,29.574,73.048,29.574,1,Normal,5,STRESS,1,0,1,1,e2 a0 c5 42 d3 97 ec 41 b9 18 92 42 d3 97 ec 41 01 05 0d
2026-05-05T08:43:12.651,537.054,98.619,28.852,73.048,28.852,1,Normal,5,STRESS,1,0,1,1,18 3d c5 42 78 d1 e6 41 b9 18 92 42 78 d1 e6 41 01 05 0d
2026-05-05T08:43:13.611,538.014,98.598,28.772,73.048,28.772,1,Normal,5,STRESS,1,0,1,1,09 32 c5 42 a3 2d e6 41 b9 18 92 42 a3 2d e6 41 01 05 0d
2026-05-05T08:43:14.632,539.034,98.831,29.634,73.048,29.634,1,Normal,5,STRESS,1,0,1,1,39 a9 c5 42 61 13 ed 41 b9 18 92 42 61 13 ed 41 01 05 0d
2026-05-05T08:43:15.712,540.114,98.831,29.634,73.048,29.634,1,Normal,5,STRESS,1,0,1,1,39 a9 c5 42 61 13 ed 41 b9 18 92 42 61 13 ed 41 01 05 0d
2026-05-05T08:43:16.671,541.074,98.831,29.634,73.048,29.634,1,Normal,5,STRESS,1,0,1,1,39 a9 c5 42 61 13 ed 41 b9 18 92 42 61 13 ed 41 01 05 0d
2026-05-05T08:43:17.692,542.094,98.831,29.634,73.048,29.634,1,Normal,5,STRESS,1,0,1,1,39 a9 c5 42 61 13 ed 41 b9 18 92 42 61 13 ed 41 01 05 0d
2026-05-05T08:43:18.652,543.054,98.831,29.634,73.048,29.634,1,Normal,5,STRESS,1,0,1,1,39 a9 c5 42 61 13 ed 41 b9 18 92 42 61 13 ed 41 01 05 0d
2026-05-05T08:43:19.672,544.074,99.13,30.743,73.048,30.743,1,Normal,5,STRESS,1,0,1,1,7d 42 c6 42 fb f1 f5 41 b9 18 92 42 fb f1 f5 41 01 05 0d
2026-05-05T08:43:20.691,545.094,99.574,32.388,73.048,32.388,1,Normal,5,STRESS,1,0,1,1,e9 25 c7 42 98 8d 01 42 b9 18 92 42 98 8d 01 42 01 05 0d
2026-05-05T08:43:21.712,546.114,99.784,33.165,73.048,33.165,1,Normal,5,STRESS,1,0,1,1,4f 91 c7 42 24 a9 04 42 b9 18 92 42 24 a9 04 42 01 05 0d
2026-05-05T08:43:22.731,547.134,99.784,33.165,73.048,33.165,1,Normal,5,STRESS,1,0,1,1,4f 91 c7 42 24 a9 04 42 b9 18 92 42 24 a9 04 42 01 05 0d
2026-05-05T08:43:23.751,548.154,99.784,33.165,73.048,33.165,1,Normal,5,STRESS,1,0,1,1,4f 91 c7 42 24 a9 04 42 b9 18 92 42 24 a9 04 42 01 05 0d
2026-05-05T08:43:24.711,549.114,99.784,33.165,73.048,33.165,1,Normal,5,STRESS,1,0,1,1,4f 91 c7 42 24 a9 04 42 b9 18 92 42 24 a9 04 42 01 05 0d
2026-05-05T08:43:25.732,550.134,99.784,33.165,73.048,33.165,1,Normal,5,STRESS,1,0,1,1,4f 91 c7 42 24 a9 04 42 b9 18 92 42 24 a9 04 42 01 05 0d
2026-05-05T08:43:26.751,551.154,99.784,33.165,73.048,33.165,1,Normal,5,STRESS,1,0,1,1,4f 91 c7 42 24 a9 04 42 b9 18 92 42 24 a9 04 42 01 05 0d
2026-05-05T08:43:27.711,552.114,99.784,33.165,73.048,33.165,1,Normal,5,STRESS,1,0,1,1,4f 91 c7 42 24 a9 04 42 b9 18 92 42 24 a9 04 42 01 05 0d
2026-05-05T08:43:28.734,553.136,99.784,33.165,73.048,33.165,1,Normal,5,STRESS,1,0,1,1,4f 91 c7 42 24 a9 04 42 b9 18 92 42 24 a9 04 42 01 05 0d
2026-05-05T08:43:29.751,554.153,100.592,33.333,73.048,33.333,2,Mild,5,STRESS,1,0,1,1,4c 2f c9 42 55 55 05 42 b9 18 92 42 55 55 05 42 02 05 0d
2026-05-05T08:43:30.712,555.114,100.592,33.333,73.048,33.333,2,Mild,5,STRESS,1,0,1,1,4c 2f c9 42 55 55 05 42 b9 18 92 42 55 55 05 42 02 05 0d
2026-05-05T08:43:31.731,556.134,100.592,33.333,73.048,33.333,2,Mild,5,STRESS,1,0,1,1,4c 2f c9 42 55 55 05 42 b9 18 92 42 55 55 05 42 02 05 0d
2026-05-05T08:43:32.753,557.155,100.592,33.333,73.048,33.333,2,Mild,5,STRESS,1,0,1,1,4c 2f c9 42 55 55 05 42 b9 18 92 42 55 55 05 42 02 05 0d
2026-05-05T08:43:33.833,558.235,100.592,33.333,73.048,33.333,2,Mild,5,STRESS,1,0,1,1,4c 2f c9 42 55 55 05 42 b9 18 92 42 55 55 05 42 02 05 0d
2026-05-05T08:43:34.732,559.135,100.592,33.333,73.048,33.333,2,Mild,5,STRESS,1,0,1,1,4c 2f c9 42 55 55 05 42 b9 18 92 42 55 55 05 42 02 05 0d
2026-05-05T08:43:35.751,560.154,100.592,33.333,73.048,33.333,2,Mild,5,STRESS,1,0,1,1,4c 2f c9 42 55 55 05 42 b9 18 92 42 55 55 05 42 02 05 0d
2026-05-05T08:43:36.772,561.174,100.592,33.333,73.048,33.333,2,Mild,5,STRESS,1,0,1,1,4c 2f c9 42 55 55 05 42 b9 18 92 42 55 55 05 42 02 05 0d
2026-05-05T08:43:37.731,562.134,100.592,33.333,73.048,33.333,2,Mild,5,STRESS,1,0,1,1,4c 2f c9 42 55 55 05 42 b9 18 92 42 55 55 05 42 02 05 0d
2026-05-05T08:43:38.751,563.154,100.592,33.333,73.048,33.333,2,Mild,5,STRESS,1,0,1,1,4c 2f c9 42 55 55 05 42 b9 18 92 42 55 55 05 42 02 05 0d
2026-05-05T08:43:39.772,564.175,100.829,34.134,73.048,53.591,2,Mild,5,STRESS,1,1,1,1,78 a8 c9 42 78 89 08 42 b9 18 92 42 75 5d 56 42 02 05 0f
2026-05-05T08:43:40.731,565.133,100.823,33.759,73.048,53.404,2,Mild,5,STRESS,1,1,1,1,94 a5 c9 42 96 09 07 42 b9 18 92 42 84 9d 55 42 02 05 0f
2026-05-05T08:43:41.752,566.154,100.379,33.742,73.048,53.395,2,Mild,5,STRESS,1,1,1,1,28 c2 c8 42 8b f7 06 42 b9 18 92 42 7e 94 55 42 02 05 0f
2026-05-05T08:43:42.772,567.174,100.161,33.697,73.048,33.697,2,Mild,5,STRESS,1,0,1,1,9f 52 c8 42 5a c9 06 42 b9 18 92 42 5a c9 06 42 02 05 0d
2026-05-05T08:43:43.853,568.255,100.161,33.697,73.048,33.697,2,Mild,5,STRESS,1,0,1,1,9f 52 c8 42 5a c9 06 42 b9 18 92 42 5a c9 06 42 02 05 0d
2026-05-05T08:43:44.812,569.214,100.161,33.697,73.048,33.697,2,Mild,5,STRESS,1,0,1,1,9f 52 c8 42 5a c9 06 42 b9 18 92 42 5a c9 06 42 02 05 0d
2026-05-05T08:43:45.832,570.234,100.161,33.697,73.048,33.697,2,Mild,5,STRESS,1,0,1,1,9f 52 c8 42 5a c9 06 42 b9 18 92 42 5a c9 06 42 02 05 0d
2026-05-05T08:43:46.852,571.255,100.161,33.697,73.048,33.697,2,Mild,5,STRESS,1,0,1,1,9f 52 c8 42 5a c9 06 42 b9 18 92 42 5a c9 06 42 02 05 0d
2026-05-05T08:43:47.872,572.274,100.039,33.333,73.048,33.333,2,Mild,5,STRESS,1,0,1,1,eb 13 c8 42 55 55 05 42 b9 18 92 42 55 55 05 42 02 05 0d
2026-05-05T08:43:49.013,573.415,99.74,33.384,73.048,33.384,2,Mild,5,STRESS,1,0,1,1,a9 7a c7 42 61 89 05 42 b9 18 92 42 61 89 05 42 02 05 0d
2026-05-05T08:43:49.912,574.314,99.712,33.223,73.048,33.223,1,Normal,5,STRESS,1,0,1,1,84 6c c7 42 66 e4 04 42 b9 18 92 42 66 e4 04 42 01 05 0d
2026-05-05T08:43:50.932,575.334,99.48,32.116,73.048,32.116,1,Normal,5,STRESS,1,0,1,1,02 f6 c6 42 65 76 00 42 b9 18 92 42 65 76 00 42 01 05 0d
2026-05-05T08:43:51.952,576.354,99.179,30.925,73.048,30.925,1,Normal,5,STRESS,1,0,1,1,a8 5b c6 42 d5 66 f7 41 b9 18 92 42 d5 66 f7 41 01 05 0d
2026-05-05T08:43:52.912,577.314,99.174,30.905,73.048,30.905,1,Normal,5,STRESS,1,0,1,1,dc 58 c6 42 68 3d f7 41 b9 18 92 42 68 3d f7 41 01 05 0d
2026-05-05T08:43:53.991,578.394,98.511,28.452,73.048,28.452,1,Normal,5,STRESS,1,0,1,1,d4 05 c5 42 b8 9e e3 41 b9 18 92 42 b8 9e e3 41 01 05 0d
2026-05-05T08:43:55.013,579.415,97.63,25.187,73.048,25.187,1,Normal,5,STRESS,1,0,1,1,71 42 c3 42 83 7f c9 41 b9 18 92 42 83 7f c9 41 01 05 0d
2026-05-05T08:43:55.972,580.374,97.624,25.168,73.048,25.168,1,Normal,5,STRESS,1,0,1,1,bb 3f c3 42 58 57 c9 41 b9 18 92 42 58 57 c9 41 01 05 0d
2026-05-05T08:43:57.016,581.418,96.988,22.81,73.048,22.81,1,Normal,5,STRESS,1,0,1,1,d8 f9 c1 42 64 7b b6 41 b9 18 92 42 64 7b b6 41 01 05 0d
2026-05-05T08:43:58.011,582.414,96.988,22.81,73.048,22.81,1,Normal,5,STRESS,1,0,1,1,d8 f9 c1 42 64 7b b6 41 b9 18 92 42 64 7b b6 41 01 05 0d
2026-05-05T08:43:59.031,583.434,96.988,22.81,73.048,22.81,1,Normal,5,STRESS,1,0,1,1,d8 f9 c1 42 64 7b b6 41 b9 18 92 42 64 7b b6 41 01 05 0d
2026-05-05T08:44:00.053,584.455,96.582,21.307,73.048,21.307,1,Normal,5,STRESS,1,0,1,1,05 2a c1 42 84 74 aa 41 b9 18 92 42 84 74 aa 41 01 05 0d
2026-05-05T08:44:01.012,585.414,96.582,21.307,73.048,21.307,1,Normal,5,STRESS,1,0,1,1,05 2a c1 42 84 74 aa 41 b9 18 92 42 84 74 aa 41 01 05 0d
2026-05-05T08:44:02.032,586.434,96.572,21.269,73.048,21.269,1,Normal,5,STRESS,1,0,1,1,b7 24 c1 42 ee 25 aa 41 b9 18 92 42 ee 25 aa 41 01 05 0d
2026-05-05T08:44:03.052,587.454,96.484,20.943,73.048,20.943,1,Normal,5,STRESS,1,0,1,1,a9 f7 c0 42 73 8a a7 41 b9 18 92 42 73 8a a7 41 01 05 0d
2026-05-05T08:44:04.072,588.474,96.479,20.923,73.048,20.923,1,Normal,5,STRESS,1,0,1,1,02 f5 c0 42 29 63 a7 41 b9 18 92 42 29 63 a7 41 01 05 0d
2026-05-05T08:44:05.032,589.434,96.272,20.159,73.048,20.159,1,Normal,5,STRESS,1,0,1,1,54 8b c0 42 89 45 a1 41 b9 18 92 42 89 45 a1 41 01 05 0d
2026-05-05T08:44:06.052,590.454,96.293,20.235,73.048,20.235,1,Normal,5,STRESS,1,0,1,1,e1 95 c0 42 d7 e1 a1 41 b9 18 92 42 d7 e1 a1 41 01 05 0d
2026-05-05T08:44:07.073,591.475,96.267,20.14,73.048,20.14,1,Normal,5,STRESS,1,0,1,1,b2 88 c0 42 87 1e a1 41 b9 18 92 42 87 1e a1 41 01 05 0d
2026-05-05T08:44:08.093,592.495,96.675,21.653,73.048,21.653,1,Normal,5,STRESS,1,0,1,1,d3 59 c1 42 bc 38 ad 41 b9 18 92 42 bc 38 ad 41 01 05 0d
2026-05-05T08:44:09.113,593.515,97.103,23.237,73.048,23.237,1,Normal,5,STRESS,1,0,1,1,c8 34 c2 42 8b e4 b9 41 b9 18 92 42 8b e4 b9 41 01 05 0d
2026-05-05T08:44:10.072,594.474,97.313,24.014,73.048,24.014,1,Normal,5,STRESS,1,0,1,1,4c a0 c2 42 5d 1d c0 41 b9 18 92 42 5d 1d c0 41 01 05 0d
2026-05-05T08:44:11.092,595.494,97.508,24.737,73.048,24.737,1,Normal,5,STRESS,1,0,1,1,29 04 c3 42 d3 e4 c5 41 b9 18 92 42 d3 e4 c5 41 01 05 0d
2026-05-05T08:44:12.113,596.515,97.276,23.878,73.048,23.878,1,Normal,5,STRESS,1,0,1,1,73 8d c2 42 25 06 bf 41 b9 18 92 42 25 06 bf 41 01 05 0d
2026-05-05T08:44:13.132,597.534,97.704,25.462,73.048,25.462,1,Normal,5,STRESS,1,0,1,1,6e 68 c3 42 4b b2 cb 41 b9 18 92 42 4b b2 cb 41 01 05 0d
2026-05-05T08:44:14.272,598.674,97.943,26.348,73.048,26.348,1,Normal,5,STRESS,1,0,1,1,eb e2 c3 42 f0 c8 d2 41 b9 18 92 42 f0 c8 d2 41 01 05 0d
2026-05-05T08:44:15.172,599.574,98.334,27.795,73.048,27.795,1,Normal,5,STRESS,1,0,1,1,e6 aa c4 42 9d 5b de 41 b9 18 92 42 9d 5b de 41 01 05 0d
2026-05-05T08:44:16.132,600.534,98.334,27.795,73.048,27.795,1,Normal,5,STRESS,1,0,1,1,e6 aa c4 42 9d 5b de 41 b9 18 92 42 9d 5b de 41 01 05 0d
2026-05-05T08:44:17.152,601.554,98.533,28.532,73.048,28.532,1,Normal,5,STRESS,1,0,1,1,df 10 c5 42 50 42 e4 41 b9 18 92 42 50 42 e4 41 01 05 0d
2026-05-05T08:44:18.172,602.574,99.19,35.776,5,20.388,1,Normal,5,STRESS,1,1,1,1,40 61 c6 42 13 1b 0f 42 00 00 a0 40 13 1b a3 41 01 05 0f
2026-05-05T08:44:19.254,603.656,99.179,40.202,5,22.601,1,Normal,5,STRESS,1,1,1,1,a8 5b c6 42 12 cf 20 42 00 00 a0 40 12 cf b4 41 01 05 0f
2026-05-05T08:44:20.272,604.674,99.179,40.202,5,22.601,1,Normal,5,STRESS,1,1,1,1,a8 5b c6 42 12 cf 20 42 00 00 a0 40 12 cf b4 41 01 05 0f
2026-05-05T08:44:21.172,605.574,99.502,42.743,5,23.872,1,Normal,5,STRESS,1,1,1,1,46 01 c7 42 11 f9 2a 42 00 00 a0 40 11 f9 be 41 01 05 0f
2026-05-05T08:44:22.253,606.655,100.396,50.131,5,27.566,1,Normal,5,STRESS,1,1,1,1,c1 ca c8 42 a5 86 48 42 00 00 a0 40 a5 86 dc 41 01 05 0f
2026-05-05T08:44:23.213,607.615,100.609,51.467,5,28.234,1,Normal,5,STRESS,1,1,1,1,f0 37 c9 42 64 de 4d 42 00 00 a0 40 64 de e1 41 01 05 0f
2026-05-05T08:44:24.238,608.64,100.609,51.529,5,28.265,1,Normal,5,STRESS,1,1,1,1,f0 37 c9 42 0b 1e 4e 42 00 00 a0 40 0b 1e e2 41 01 05 0f
2026-05-05T08:44:25.252,609.654,100.84,48.666,5,26.833,1,Normal,5,STRESS,1,1,1,1,41 ae c9 42 d8 a9 42 42 00 00 a0 40 d8 a9 d6 41 01 05 0f
2026-05-05T08:44:26.271,610.674,101.061,46.552,5,25.776,1,Normal,5,STRESS,1,1,1,1,4e 1f ca 42 a5 35 3a 42 00 00 a0 40 a5 35 ce 41 01 05 0f
2026-05-05T08:44:27.292,611.694,101.061,46.606,5,25.803,1,Normal,5,STRESS,1,1,1,1,4e 1f ca 42 73 6c 3a 42 00 00 a0 40 73 6c ce 41 01 05 0f
2026-05-05T08:44:28.251,612.654,100.295,37.45,5,21.225,1,Normal,5,STRESS,1,1,1,1,33 97 c8 42 6f cc 15 42 00 00 a0 40 6f cc a9 41 01 05 0f
2026-05-05T08:44:29.273,613.675,100.083,35.18,5,20.09,1,Normal,5,STRESS,1,1,1,1,b4 2a c8 42 e3 b7 0c 42 00 00 a0 40 e3 b7 a0 41 01 05 0f
2026-05-05T08:44:30.292,614.694,99.861,37.002,5,21.001,1,Normal,5,STRESS,1,1,1,1,fd b8 c7 42 ed 01 14 42 00 00 a0 40 ed 01 a8 41 01 05 0f
2026-05-05T08:44:31.252,615.654,99.256,31.209,5,18.104,1,Normal,5,STRESS,1,1,1,1,dc 82 c6 42 a0 ab f9 41 00 00 a0 40 d0 d5 90 41 01 05 0f
2026-05-05T08:44:32.331,616.734,98.972,30.158,5,17.579,1,Normal,5,STRESS,1,1,1,1,8f f1 c5 42 05 43 f1 41 00 00 a0 40 82 a1 8c 41 01 05 0f
2026-05-05T08:44:33.292,617.694,98.972,30.158,5,17.579,1,Normal,5,STRESS,1,1,1,1,8f f1 c5 42 05 43 f1 41 00 00 a0 40 82 a1 8c 41 01 05 0f
2026-05-05T08:44:34.312,618.714,99.19,30.966,5,17.983,1,Normal,5,STRESS,1,1,1,1,40 61 c6 42 b5 b9 f7 41 00 00 a0 40 da dc 8f 41 01 05 0f
2026-05-05T08:44:35.272,619.674,99.01,30.299,5,17.649,1,Normal,5,STRESS,1,1,1,1,12 05 c6 42 15 64 f2 41 00 00 a0 40 0a 32 8d 41 01 05 0f
2026-05-05T08:44:36.293,620.695,98.999,30.259,5,17.629,1,Normal,5,STRESS,1,1,1,1,7f ff c5 42 81 11 f2 41 00 00 a0 40 c0 08 8d 41 01 05 0f
2026-05-05T08:44:37.252,621.654,98.994,30.238,5,17.619,1,Normal,5,STRESS,1,1,1,1,b5 fc c5 42 30 e8 f1 41 00 00 a0 40 18 f4 8c 41 01 05 0f
2026-05-05T08:44:38.271,622.674,98.776,29.434,5,17.217,1,Normal,5,STRESS,1,1,1,1,73 8d c5 42 ec 77 eb 41 00 00 a0 40 f6 bb 89 41 01 05 0f
2026-05-05T08:44:39.292,623.694,98.371,27.934,5,16.467,1,Normal,5,STRESS,1,1,1,1,29 be c4 42 f8 78 df 41 00 00 a0 40 7c bc 83 41 01 05 0f
2026-05-05T08:44:40.252,624.654,98.178,27.219,5,16.109,1,Normal,5,STRESS,1,1,1,1,43 5b c4 42 d0 bf d9 41 00 00 a0 40 e8 df 80 41 01 05 0f
2026-05-05T08:44:41.273,625.675,98.157,27.139,5,16.07,1,Normal,5,STRESS,1,1,1,1,4c 50 c4 42 5d 1d d9 41 00 00 a0 40 ae 8e 80 41 01 05 0f
2026-05-05T08:44:42.292,626.694,97.429,24.444,5,14.722,1,Normal,5,STRESS,1,1,1,1,a1 db c2 42 5b 8c c3 41 00 00 a0 40 5b 8c 6b 41 01 05 0f
2026-05-05T08:44:43.312,627.714,96.795,22.096,5,13.548,1,Normal,5,STRESS,1,1,1,1,0c 97 c1 42 bd c3 b0 41 00 00 a0 40 bd c3 58 41 01 05 0f
2026-05-05T08:44:44.332,628.734,95.98,19.075,5,12.038,1,Normal,5,STRESS,1,1,1,1,84 f5 bf 42 17 9a 98 41 00 00 a0 40 17 9a 40 41 01 05 0f
2026-05-05T08:44:45.292,629.694,95.78,18.338,5,11.669,1,Normal,5,STRESS,1,1,1,1,89 8f bf 42 44 b3 92 41 00 00 a0 40 44 b3 3a 41 01 05 0f
2026-05-05T08:44:46.372,630.774,94.767,14.584,5,9.792,1,Normal,5,STRESS,1,1,1,1,95 88 bd 42 24 56 69 41 00 00 a0 40 12 ab 1c 41 01 05 0f
2026-05-05T08:44:47.392,631.794,94.558,13.809,5,9.405,1,Normal,5,STRESS,1,1,1,1,88 1d bd 42 44 f2 5c 41 00 00 a0 40 22 79 16 41 01 05 0f
2026-05-05T08:44:48.352,632.754,94.558,13.809,5,9.405,1,Normal,5,STRESS,1,1,1,1,88 1d bd 42 44 f2 5c 41 00 00 a0 40 22 79 16 41 01 05 0f
2026-05-05T08:44:49.372,633.774,94.162,12.344,5,8.672,1,Normal,5,STRESS,1,1,1,1,ec 52 bc 42 08 7f 45 41 00 00 a0 40 84 bf 0a 41 01 05 0f
2026-05-05T08:44:50.393,634.795,94.162,12.344,5,8.672,1,Normal,5,STRESS,1,1,1,1,ec 52 bc 42 08 7f 45 41 00 00 a0 40 84 bf 0a 41 01 05 0f
2026-05-05T08:44:51.352,635.754,94.162,12.344,5,8.672,1,Normal,5,STRESS,1,1,1,1,ec 52 bc 42 08 7f 45 41 00 00 a0 40 84 bf 0a 41 01 05 0f
2026-05-05T08:44:52.372,636.775,94.039,11.888,5,8.444,1,Normal,5,STRESS,1,1,1,1,f5 13 bc 42 68 35 3e 41 00 00 a0 40 b4 1a 07 41 01 05 0f
2026-05-05T08:44:53.392,637.794,93.648,10.438,5,7.719,1,Normal,5,STRESS,1,1,1,1,8e 4b bb 42 8e 03 27 41 00 00 a0 40 8e 03 f7 40 01 05 0f
2026-05-05T08:44:54.412,638.814,93.439,9.664,5,7.332,1,Normal,5,STRESS,1,1,1,1,88 e0 ba 42 7e a0 1a 41 00 00 a0 40 7e a0 ea 40 01 05 0f
2026-05-05T08:44:55.432,639.834,93.448,9.7,5,7.35,1,Normal,5,STRESS,1,1,1,1,80 e5 ba 42 b7 33 1b 41 00 00 a0 40 b7 33 eb 40 01 05 0f
2026-05-05T08:44:56.452,640.854,93.245,8.947,5,6.974,1,Normal,5,STRESS,1,1,1,1,66 7d ba 42 39 27 0f 41 00 00 a0 40 39 27 df 40 01 05 0f
2026-05-05T08:44:57.532,641.934,93.067,8.286,5,6.643,1,Normal,5,STRESS,1,1,1,1,12 22 ba 42 34 95 04 41 00 00 a0 40 34 95 d4 40 01 05 0f
2026-05-05T08:44:58.492,642.894,93.071,8.304,5,6.652,1,Normal,5,STRESS,1,1,1,1,88 24 ba 42 1f de 04 41 00 00 a0 40 1f de d4 40 01 05 0f
2026-05-05T08:44:59.512,643.914,92.488,6.143,5,5.572,1,Normal,5,STRESS,1,1,1,1,d1 f9 b8 42 a0 96 c4 40 00 00 a0 40 50 4b b2 40 01 05 0f
2026-05-05T08:45:00.532,644.934,92.114,4.759,5,4.879,1,Normal,5,STRESS,1,1,1,1,61 3a b8 42 2d 46 98 40 00 00 a0 40 16 23 9c 40 01 05 0f
2026-05-05T08:45:01.553,645.955,92.455,6.02,5,5.51,1,Normal,5,STRESS,1,1,1,1,cb e8 b8 42 d3 a5 c0 40 00 00 a0 40 ea 52 b0 40 01 05 0f
2026-05-05T08:45:02.573,646.975,91.926,4.062,5,4.531,1,Normal,5,STRESS,1,1,1,1,08 da b7 42 b0 f8 81 40 00 00 a0 40 58 fc 90 40 01 05 0f
2026-05-05T08:45:03.592,647.994,91.921,4.044,5,4.522,1,Normal,5,STRESS,1,1,1,1,a1 d7 b7 42 53 6a 81 40 00 00 a0 40 2a b5 90 40 01 05 0f
2026-05-05T08:45:04.613,649.015,91.921,4.044,5,4.522,1,Normal,5,STRESS,1,1,1,1,a1 d7 b7 42 53 6a 81 40 00 00 a0 40 2a b5 90 40 01 05 0f
2026-05-05T08:45:05.633,650.035,91.752,3.419,5,4.21,1,Normal,5,STRESS,1,1,1,1,44 81 b7 42 00 d9 5a 40 00 00 a0 40 40 b6 86 40 01 05 0f
2026-05-05T08:45:06.592,650.994,91.94,4.114,5,4.557,1,Normal,5,STRESS,1,1,1,1,3f e1 b7 42 3b a4 83 40 00 00 a0 40 1e d2 91 40 01 05 0f
2026-05-05T08:45:07.612,652.014,92.322,7.123,5,6.062,1,Normal,5,STRESS,1,1,1,1,cf a4 b8 42 77 f2 e3 40 00 00 a0 40 3c f9 c1 40 01 05 0f
2026-05-05T08:45:08.632,653.034,92.1,4.706,5,4.853,1,Normal,5,STRESS,1,1,1,1,23 33 b8 42 02 99 96 40 00 00 a0 40 81 4c 9b 40 01 05 0f
2026-05-05T08:45:09.652,654.054,92.303,5.458,5,5.229,1,Normal,5,STRESS,1,1,1,1,1e 9b b8 42 d1 aa ae 40 00 00 a0 40 68 55 a7 40 01 05 0f
2026-05-05T08:45:10.612,655.014,91.935,4.096,5,4.548,1,Normal,5,STRESS,1,1,1,1,d7 de b7 42 a4 15 83 40 00 00 a0 40 d2 8a 91 40 01 05 0f
2026-05-05T08:45:11.655,656.058,91.935,4.096,5,4.548,1,Normal,5,STRESS,1,1,1,1,d7 de b7 42 a4 15 83 40 00 00 a0 40 d2 8a 91 40 01 05 0f
2026-05-05T08:45:12.652,657.054,91.935,4.096,5,4.548,1,Normal,5,STRESS,1,1,1,1,d7 de b7 42 a4 15 83 40 00 00 a0 40 d2 8a 91 40 01 05 0f
2026-05-05T08:45:13.672,658.075,91.935,4.096,5,4.548,1,Normal,5,STRESS,1,1,1,1,d7 de b7 42 a4 15 83 40 00 00 a0 40 d2 8a 91 40 01 05 0f
2026-05-05T08:45:14.692,659.094,91.945,4.131,5,4.566,1,Normal,5,STRESS,1,1,1,1,a7 e3 b7 42 d3 32 84 40 00 00 a0 40 6a 19 92 40 01 05 0f
2026-05-05T08:45:15.652,660.054,91.575,2.763,5,3.881,1,Normal,5,STRESS,1,1,1,1,72 26 b7 42 1d cd 30 40 00 00 a0 40 8e 66 78 40 01 05 0f
2026-05-05T08:45:16.672,661.074,91.738,3.368,5,4.184,1,Normal,5,STRESS,1,1,1,1,15 7a b7 42 9d 85 57 40 00 00 a0 40 67 e1 85 40 01 05 0f
2026-05-05T08:45:17.691,662.094,91.561,2.711,5,3.855,1,Normal,5,STRESS,1,1,1,1,4b 1f b7 42 6c 7d 2d 40 00 00 a0 40 b6 be 76 40 01 05 0f
2026-05-05T08:45:18.712,663.114,91.398,2.108,5,3.554,1,Normal,5,STRESS,1,1,1,1,fa cb b6 42 e3 ea 06 40 00 00 a0 40 72 75 63 40 01 05 0f
2026-05-05T08:45:19.731,664.134,91.204,1.388,5,3.194,1,Normal,5,STRESS,1,1,1,1,65 68 b6 42 27 a1 b1 3f 00 00 a0 40 4a 68 4c 40 01 05 0f
2026-05-05T08:45:20.813,665.216,91.375,2.022,5,3.511,1,Normal,5,STRESS,1,1,1,1,19 c0 b6 42 05 6b 01 40 00 00 a0 40 82 b5 60 40 01 05 0f
2026-05-05T08:45:21.772,666.175,91.375,2.022,5,3.511,1,Normal,5,STRESS,1,1,1,1,19 c0 b6 42 05 6b 01 40 00 00 a0 40 82 b5 60 40 01 05 0f
2026-05-05T08:45:22.792,667.195,91.375,2.022,5,3.511,1,Normal,5,STRESS,1,1,1,1,19 c0 b6 42 05 6b 01 40 00 00 a0 40 82 b5 60 40 01 05 0f
2026-05-05T08:45:23.752,668.154,91.375,2.022,5,3.511,1,Normal,5,STRESS,1,1,1,1,19 c0 b6 42 05 6b 01 40 00 00 a0 40 82 b5 60 40 01 05 0f
2026-05-05T08:45:24.772,669.175,91.575,2.763,5,3.881,1,Normal,5,STRESS,1,1,1,1,72 26 b7 42 1d cd 30 40 00 00 a0 40 8e 66 78 40 01 05 0f
2026-05-05T08:45:25.792,670.194,92.185,5.021,5,5.01,1,Normal,5,STRESS,1,1,1,1,9c 5e b8 42 2b a9 a0 40 00 00 a0 40 96 54 a0 40 01 05 0f
2026-05-05T08:45:26.812,671.214,91.959,4.183,5,4.592,1,Normal,5,STRESS,1,1,1,1,dd ea b7 42 23 de 85 40 00 00 a0 40 12 ef 92 40 01 05 0f
2026-05-05T08:45:27.832,672.234,92.142,4.863,5,4.932,1,Normal,5,STRESS,1,1,1,1,dc 48 b8 42 47 a0 9b 40 00 00 a0 40 24 d0 9d 40 01 05 0f
2026-05-05T08:45:28.852,673.254,92.138,4.846,5,4.923,1,Normal,5,STRESS,1,1,1,1,72 46 b8 42 39 11 9b 40 00 00 a0 40 9c 88 9d 40 01 05 0f
2026-05-05T08:45:29.872,674.274,91.954,4.166,5,4.583,1,Normal,5,STRESS,1,1,1,1,76 e8 b7 42 c7 4f 85 40 00 00 a0 40 e4 a7 92 40 01 05 0f
2026-05-05T08:45:30.892,675.294,91.921,4.044,5,4.522,1,Normal,5,STRESS,1,1,1,1,a1 d7 b7 42 53 6a 81 40 00 00 a0 40 2a b5 90 40 01 05 0f
2026-05-05T08:45:31.913,676.315,91.992,4.305,5,4.653,1,Normal,5,STRESS,1,1,1,1,b5 fb b7 42 49 c4 89 40 00 00 a0 40 24 e2 94 40 01 05 0f
2026-05-05T08:45:32.932,677.334,91.921,4.044,5,4.522,1,Normal,5,STRESS,1,1,1,1,a1 d7 b7 42 53 6a 81 40 00 00 a0 40 2a b5 90 40 01 05 0f
2026-05-05T08:45:34.012,678.414,92.578,6.478,73.311,39.894,2,Mild,5,STRESS,1,1,1,1,18 28 b9 42 fc 4c cf 40 17 9f 92 42 e7 93 1f 42 02 05 0f
2026-05-05T08:45:34.972,679.374,92.331,5.564,73.311,39.437,2,Mild,5,STRESS,1,1,1,1,a9 a9 b8 42 a0 08 b2 40 17 9f 92 42 a1 bf 1d 42 02 05 0f
2026-05-05T08:45:35.992,680.394,92.951,7.859,73.311,40.585,2,Mild,5,STRESS,1,1,1,1,04 e7 b9 42 e0 7e fb 40 17 9f 92 42 05 57 22 42 02 05 0f
2026-05-05T08:45:36.952,681.355,92.951,7.859,73.311,40.585,2,Mild,5,STRESS,1,1,1,1,04 e7 b9 42 e0 7e fb 40 17 9f 92 42 05 57 22 42 02 05 0f
2026-05-05T08:45:37.972,682.375,92.898,7.664,73.311,40.487,2,Mild,5,STRESS,1,1,1,1,00 cc b9 42 f3 3d f5 40 17 9f 92 42 f6 f2 21 42 02 05 0f
2026-05-05T08:45:38.993,683.395,93.105,8.429,73.311,40.87,2,Mild,5,STRESS,1,1,1,1,c9 35 ba 42 59 dd 06 41 17 9f 92 42 c2 7a 23 42 02 05 0f
2026-05-05T08:45:39.952,684.354,93.12,8.483,73.311,40.897,2,Mild,5,STRESS,1,1,1,1,30 3d ba 42 ad b8 07 41 17 9f 92 42 2d 96 23 42 02 05 0f
2026-05-05T08:45:40.972,685.374,93.288,9.108,73.311,41.209,2,Mild,5,STRESS,1,1,1,1,ab 93 ba 42 0f bb 11 41 17 9f 92 42 79 d6 24 42 02 05 0f
2026-05-05T08:45:41.992,686.394,93.298,9.144,73.311,41.227,2,Mild,5,STRESS,1,1,1,1,9f 98 ba 42 d2 4d 12 41 17 9f 92 42 d1 e8 24 42 02 05 0f
2026-05-05T08:45:42.952,687.354,93.487,9.844,73.311,41.577,2,Mild,5,STRESS,1,1,1,1,61 f9 ba 42 b7 80 1d 41 17 9f 92 42 2e 4f 26 42 02 05 0f
2026-05-05T08:45:43.972,688.374,93.487,9.844,73.311,41.577,2,Mild,5,STRESS,1,1,1,1,61 f9 ba 42 b7 80 1d 41 17 9f 92 42 2e 4f 26 42 02 05 0f
2026-05-05T08:45:44.992,689.395,93.105,8.429,73.311,40.87,2,Mild,5,STRESS,1,1,1,1,c9 35 ba 42 59 dd 06 41 17 9f 92 42 c2 7a 23 42 02 05 0f
2026-05-05T08:45:46.012,690.415,93.124,8.5,73.311,40.906,2,Mild,5,STRESS,1,1,1,1,a7 3f ba 42 b5 01 08 41 17 9f 92 42 4e 9f 23 42 02 05 0f
2026-05-05T08:45:46.973,691.375,93.1,8.411,73.311,40.861,2,Mild,5,STRESS,1,1,1,1,52 33 ba 42 51 94 06 41 17 9f 92 42 a1 71 23 42 02 05 0f
2026-05-05T08:45:47.992,692.394,93.351,9.341,73.311,41.326,2,Mild,5,STRESS,1,1,1,1,df b3 ba 42 3a 75 15 41 17 9f 92 42 be 4d 25 42 02 05 0f
2026-05-05T08:45:49.012,693.414,93.12,9.465,73.311,41.388,2,Mild,5,STRESS,1,1,1,1,30 3d ba 42 58 70 17 41 17 9f 92 42 22 8d 25 42 02 05 0f
2026-05-05T08:45:49.972,694.374,93.105,9.444,73.311,41.377,2,Mild,5,STRESS,1,1,1,1,c9 35 ba 42 58 1a 17 41 17 9f 92 42 62 82 25 42 02 05 0f
2026-05-05T08:45:50.992,695.395,93.293,9.228,73.311,41.269,2,Mild,5,STRESS,1,1,1,1,25 96 ba 42 b0 a5 13 41 17 9f 92 42 cd 13 25 42 02 05 0f
2026-05-05T08:45:52.012,696.415,93.667,10.511,73.311,41.911,2,Mild,5,STRESS,1,1,1,1,8a 55 bb 42 63 2b 28 41 17 9f 92 42 83 a4 27 42 02 05 0f
2026-05-05T08:45:52.972,697.374,93.882,11.307,73.311,42.309,2,Mild,5,STRESS,1,1,1,1,99 c3 bb 42 63 e8 34 41 17 9f 92 42 23 3c 29 42 02 05 0f
2026-05-05T08:45:53.992,698.394,93.882,11.307,73.311,42.309,2,Mild,5,STRESS,1,1,1,1,99 c3 bb 42 63 e8 34 41 17 9f 92 42 23 3c 29 42 02 05 0f
2026-05-05T08:45:55.013,699.415,93.892,11.343,73.311,42.327,2,Mild,5,STRESS,1,1,1,1,9c c8 bb 42 e0 7c 35 41 17 9f 92 42 b3 4e 29 42 02 05 0f
2026-05-05T08:45:55.972,700.374,94.458,14.086,73.311,43.698,2,Mild,5,STRESS,1,1,1,1,b8 ea bc 42 09 60 61 41 17 9f 92 42 18 cb 2e 42 02 05 0f
2026-05-05T08:45:56.992,701.394,94.098,15.155,73.311,44.233,2,Mild,5,STRESS,1,1,1,1,28 32 bc 42 ed 7a 72 41 17 9f 92 42 75 ee 30 42 02 05 0f
2026-05-05T08:45:58.012,702.415,94.093,15.122,73.311,44.216,2,Mild,5,STRESS,1,1,1,1,a4 2f bc 42 67 f2 71 41 17 9f 92 42 64 dd 30 42 02 05 0f
2026-05-05T08:45:59.033,703.435,94.054,14.622,73.311,43.967,2,Mild,5,STRESS,1,1,1,1,80 1b bc 42 97 f5 69 41 17 9f 92 42 ca dd 2f 42 02 05 0f
2026-05-05T08:46:00.052,704.454,94.068,14.708,73.311,44.009,2,Mild,5,STRESS,1,1,1,1,0e 23 bc 42 fc 52 6b 41 17 9f 92 42 76 09 30 42 02 05 0f
2026-05-05T08:46:01.012,705.414,94.068,14.998,73.311,44.154,2,Mild,5,STRESS,1,1,1,1,0e 23 bc 42 75 f7 6f 41 17 9f 92 42 06 9e 30 42 02 05 0f
2026-05-05T08:46:02.032,706.434,94.261,17.853,73.311,45.582,2,Mild,5,STRESS,1,1,1,1,6b 85 bc 42 15 d2 8e 41 17 9f 92 42 9c 53 36 42 02 05 0f
2026-05-05T08:46:03.052,707.454,94.27,13.882,73.311,43.596,2,Mild,5,STRESS,1,1,1,1,78 8a bc 42 df 1c 5e 41 17 9f 92 42 b3 62 2e 42 02 05 0f
2026-05-05T08:46:04.013,708.415,94.493,18.493,73.311,45.902,2,Mild,5,STRESS,1,1,1,1,7e fc bc 42 ee f1 93 41 17 9f 92 42 92 9b 37 42 02 05 0f
2026-05-05T08:46:05.032,709.434,93.897,11.388,73.311,42.349,2,Mild,5,STRESS,1,1,1,1,1e cb bb 42 fb 35 36 41 17 9f 92 42 d6 65 29 42 02 05 0f
2026-05-05T08:46:06.052,710.454,94.083,12.052,73.311,42.681,2,Mild,5,STRESS,1,1,1,1,9b 2a bc 42 78 d4 40 41 17 9f 92 42 a6 b9 2a 42 02 05 0f
2026-05-05T08:46:07.073,711.475,94.068,11.997,73.311,42.654,2,Mild,5,STRESS,1,1,1,1,0e 23 bc 42 bd f4 3f 41 17 9f 92 42 af 9d 2a 42 02 05 0f
2026-05-05T08:46:08.153,712.555,93.892,11.343,73.311,42.327,2,Mild,5,STRESS,1,1,1,1,9c c8 bb 42 e0 7c 35 41 17 9f 92 42 b3 4e 29 42 02 05 0f
2026-05-05T08:46:09.112,713.514,93.872,11.27,73.311,42.291,2,Mild,5,STRESS,1,1,1,1,94 be bb 42 a8 53 34 41 17 9f 92 42 8c 29 29 42 02 05 0f
2026-05-05T08:46:10.133,714.535,93.97,11.633,73.311,42.472,2,Mild,5,STRESS,1,1,1,1,c4 f0 bb 42 b3 22 3a 41 17 9f 92 42 6d e3 29 42 02 05 0f
2026-05-05T08:46:11.152,715.554,94.093,12.088,76.287,44.188,2,Mild,5,STRESS,1,1,1,1,a4 2f bc 42 a8 69 41 41 1a 93 98 42 4f c0 30 42 02 05 0f
2026-05-05T08:46:12.112,716.514,94.315,12.91,76.287,44.599,2,Mild,5,STRESS,1,1,1,1,3b a1 bc 42 48 8f 4e 41 1a 93 98 42 03 65 32 42 02 05 0f
2026-05-05T08:46:13.133,717.535,94.098,12.106,76.287,44.197,2,Mild,5,STRESS,1,1,1,1,28 32 bc 42 33 b4 41 41 1a 93 98 42 a0 c9 30 42 02 05 0f
2026-05-05T08:46:14.152,718.554,94.098,12.106,76.287,44.197,2,Mild,5,STRESS,1,1,1,1,28 32 bc 42 33 b4 41 41 1a 93 98 42 a0 c9 30 42 02 05 0f
2026-05-05T08:46:15.112,719.514,94.098,12.106,76.287,44.197,2,Mild,5,STRESS,1,1,1,1,28 32 bc 42 33 b4 41 41 1a 93 98 42 a0 c9 30 42 02 05 0f
2026-05-05T08:46:16.132,720.534,94.098,12.106,76.287,44.197,2,Mild,5,STRESS,1,1,1,1,28 32 bc 42 33 b4 41 41 1a 93 98 42 a0 c9 30 42 02 05 0f
2026-05-05T08:46:17.152,721.554,94.098,12.106,76.287,44.197,2,Mild,5,STRESS,1,1,1,1,28 32 bc 42 33 b4 41 41 1a 93 98 42 a0 c9 30 42 02 05 0f
2026-05-05T08:46:18.112,722.514,94.098,12.106,76.287,44.197,2,Mild,5,STRESS,1,1,1,1,28 32 bc 42 33 b4 41 41 1a 93 98 42 a0 c9 30 42 02 05 0f
2026-05-05T08:46:19.132,723.534,94.098,12.106,76.287,44.197,2,Mild,5,STRESS,1,1,1,1,28 32 bc 42 33 b4 41 41 1a 93 98 42 a0 c9 30 42 02 05 0f
2026-05-05T08:46:20.152,724.555,94.098,12.106,76.287,44.197,2,Mild,5,STRESS,1,1,1,1,28 32 bc 42 33 b4 41 41 1a 93 98 42 a0 c9 30 42 02 05 0f
2026-05-05T08:46:21.172,725.574,94.098,12.106,76.287,44.197,2,Mild,5,STRESS,1,1,1,1,28 32 bc 42 33 b4 41 41 1a 93 98 42 a0 c9 30 42 02 05 0f
2026-05-05T08:46:22.132,726.534,94.098,12.106,76.287,44.197,2,Mild,5,STRESS,1,1,1,1,28 32 bc 42 33 b4 41 41 1a 93 98 42 a0 c9 30 42 02 05 0f
2026-05-05T08:46:23.213,727.615,94.098,12.106,76.287,44.197,2,Mild,5,STRESS,1,1,1,1,28 32 bc 42 33 b4 41 41 1a 93 98 42 a0 c9 30 42 02 05 0f
2026-05-05T08:46:24.172,728.574,94.098,12.106,76.287,44.197,2,Mild,5,STRESS,1,1,1,1,28 32 bc 42 33 b4 41 41 1a 93 98 42 a0 c9 30 42 02 05 0f
2026-05-05T08:46:25.133,729.535,94.098,12.106,76.287,44.197,2,Mild,5,STRESS,1,1,1,1,28 32 bc 42 33 b4 41 41 1a 93 98 42 a0 c9 30 42 02 05 0f
2026-05-05T08:46:26.152,730.554,94.098,12.106,76.287,44.197,2,Mild,5,STRESS,1,1,1,1,28 32 bc 42 33 b4 41 41 1a 93 98 42 a0 c9 30 42 02 05 0f
2026-05-05T08:46:26.453,730.855,94.098,12.106,76.287,44.197,2,Mild,6,DONE,1,1,0,0,28 32 bc 42 33 b4 41 41 1a 93 98 42 a0 c9 30 42 02 06 03
