timestamp,mode,raw_gsr,ir_raw,filtered_ppg,ppg_mean_hr,ppg_sdnn,ppg_rmssd,gsr_scl,gsr_scr_amp,gsr_scr_freq,final_ppg_stress_z,final_gsr_stress_z,valid_feature_count,integrated_stress_z,integrated_state
0,STABILIZING,225,93532,0.00,,,,,,,,,0,,
1033,STABILIZING,262,96340,2299.42,,,,,,,,,0,,
2033,STABILIZING,238,95532,1083.17,,,,,,,,,0,,
3034,STABILIZING,238,95956,1185.61,,,,,,,,,0,,
4035,STABILIZING,237,95445,500.30,,,,,,,,,0,,
5035,STABILIZING,238,95861,677.84,,,,,,,,,0,,
6037,STABILIZING,242,95929,525.73,,,,,,,,,0,,
7037,STABILIZING,263,96899,1261.27,,,,,,,,,0,,
8038,STABILIZING,243,94631,-932.12,,,,,,,,,0,,
9039,STABILIZING,248,93335,-1874.01,,,,,,,,,0,,
10041,STABILIZING,242,94570,-408.76,,,,,,,,,0,,
11041,STABILIZING,238,93603,-1071.59,,,,,,,,,0,,
12043,STABILIZING,236,93262,-1131.40,,,,,,,,,0,,
13043,STABILIZING,255,95714,1157.03,,,,,,,,,0,,
14044,STABILIZING,267,96381,1475.02,,,,,,,,,0,,
15047,CALIBRATION,261,96670,1367.13,,,,,,,,,0,,
16086,CALIBRATION,249,95371,-84.59,,,,,,,,,0,,
17086,CALIBRATION,265,95215,-210.67,,,,,,,,,0,,
18089,CALIBRATION,259,94770,-577.96,,,,,,,,,0,,
19130,CALIBRATION,263,94737,-548.52,,,,,,,,,0,,
20131,CALIBRATION,265,95461,351.27,,,,,,,,,0,,
21131,CALIBRATION,265,96354,1056.20,,,,,,,,,0,,
22132,CALIBRATION,262,95385,-52.78,,,,,,,,,0,,
23133,CALIBRATION,264,95713,200.30,,,,,,,,,0,,
24136,CALIBRATION,243,95563,148.17,,,,,,,,,0,,
25174,CALIBRATION,246,93753,-1457.33,,,,,,,,,0,,
26179,CALIBRATION,250,94392,-580.47,,,,,,,,,0,,
27216,CALIBRATION,253,94550,-326.37,,,,,,,,,0,,
28217,CALIBRATION,245,95822,958.15,,,,,,,,,0,,
29219,CALIBRATION,250,94287,-605.19,,,,,,,,,0,,
30219,CALIBRATION,247,93973,-841.21,,,,,,,,,0,,
31219,CALIBRATION,251,93446,-1172.49,,,,,,,,,0,,
32220,CALIBRATION,252,94015,-398.72,,,,,,,,,0,,
33222,CALIBRATION,253,92738,-1420.61,,,,,,,,,0,,
34222,CALIBRATION,253,92479,-1425.90,,,,,,,,,0,,
35226,CALIBRATION,253,92930,-738.19,,,,,,,,,0,,
36264,CALIBRATION,250,93484,-31.05,,,,,,,,,0,,
37265,CALIBRATION,251,92498,-880.12,,,,,,,,,0,,
38266,CALIBRATION,256,92632,-601.68,,,,,,,,,0,,
39267,CALIBRATION,258,93220,79.28,,,,,,,,,0,,
40268,CALIBRATION,259,93559,450.05,,,,,,,,,0,,
41269,CALIBRATION,259,92141,-880.02,,,,,,,,,0,,
42270,CALIBRATION,255,92626,-362.75,,,,,,,,,0,,
43271,CALIBRATION,257,91561,-1231.49,,,,,,,,,0,,
44272,CALIBRATION,253,92928,324.21,,,,,,,,,0,,
45272,CALIBRATION,254,92245,-377.11,,,,,,,,,0,,
46274,CALIBRATION,257,92419,-197.14,,,,,,,,,0,,
47275,CALIBRATION,258,92828,216.45,,,,,,,,,0,,
48275,CALIBRATION,261,92300,-307.88,76,18.3,29.4,,,,,,0,,
49277,CALIBRATION,261,91392,-974.70,76,18.3,29.4,,,,,,0,,
50278,CALIBRATION,254,93471,1146.10,76,18.3,29.4,,,,,,0,,
51279,CALIBRATION,253,92301,-108.34,76,20.8,32.0,,,,,,0,,
52280,CALIBRATION,252,93679,1112.80,76,19.6,33.3,,,,,,0,,
53281,CALIBRATION,254,95410,2362.44,80,110.4,124.4,,,,,,0,,
54282,CALIBRATION,245,96974,3280.27,80,110.4,124.4,,,,,,0,,
55283,CALIBRATION,240,95155,876.60,80,110.4,124.4,,,,,,0,,
56283,CALIBRATION,261,98693,3621.34,80,110.4,124.4,,,,,,0,,
57284,CALIBRATION,255,98463,2628.73,80,110.4,124.4,,,,,,0,,
58284,CALIBRATION,250,96652,528.77,80,110.4,124.4,,,,,,0,,
59286,CALIBRATION,253,97297,929.43,80,110.4,124.4,,,,,,0,,
60288,CALIBRATION,253,97935,1373.18,82,105.0,128.9,,,,,,0,,
61288,CALIBRATION,243,96798,120.55,82,105.0,128.9,,,,,,0,,
62288,CALIBRATION,246,97519,735.96,82,105.0,128.9,,,,,,0,,
63289,CALIBRATION,248,96388,-463.28,82,99.6,124.9,,,,,,0,,
64292,CALIBRATION,250,97491,682.95,82,99.6,124.9,,,,,,0,,
65292,CALIBRATION,253,96858,-39.56,82,99.6,124.9,,,,,,0,,
66294,CALIBRATION,247,96989,53.45,82,99.6,124.9,,,,,,0,,
67334,CALIBRATION,248,96192,-583.82,82,99.6,124.9,,,,,,0,,
68334,CALIBRATION,284,99581,2495.48,82,99.6,124.9,,,,,,0,,
69335,CALIBRATION,275,98924,1312.69,82,99.6,124.9,,,,,,0,,
70337,CALIBRATION,275,98702,842.15,82,99.6,124.9,,,,,,0,,
71376,CALIBRATION,274,98015,181.26,82,99.6,124.9,,,,,,0,,
72377,CALIBRATION,273,98437,578.06,82,99.6,124.9,,,,,,0,,
73378,CALIBRATION,272,97548,-368.16,82,99.6,124.9,,,,,,0,,
74379,CALIBRATION,275,97316,-492.03,82,99.6,124.9,,,,,,0,,
75380,REST,273,98300,517.23,82,99.6,124.9,,,,-0.13,,0,,
76382,REST,275,97834,-3.36,82,99.6,124.9,,,,-0.13,,0,,
77382,REST,269,97004,-782.67,82,99.6,124.9,,,,-0.13,,0,,
78383,REST,271,97726,-30.16,82,99.6,124.9,,,,-0.13,,0,,
79384,REST,274,97716,6.41,82,99.6,124.9,,,,-0.13,,0,,
80385,REST,271,98035,375.91,82,99.6,124.9,,,,-0.13,,0,,
81387,REST,271,96891,-709.88,81,97.1,121.5,,,,-0.16,,3,-0.16,Rest
82387,REST,273,96807,-711.10,80,101.1,118.6,,,,-0.30,,3,-0.30,Rest
83388,REST,271,98038,404.37,79,100.3,114.5,,,,-0.35,,0,,
84389,REST,265,97820,124.74,79,100.3,114.5,,,,-0.35,,0,,
85390,REST,268,97718,110.23,79,100.3,114.5,,,,-0.35,,0,,
86392,REST,272,98023,514.59,79,100.3,114.5,,,,-0.35,,0,,
87392,REST,272,97250,-354.05,79,100.3,114.5,,,,-0.35,,0,,
88396,REST,265,96712,-856.46,79,100.3,114.5,,,,-0.35,,0,,
89433,REST,269,97068,-424.19,79,102.0,110.8,,,,-0.43,,3,-0.43,Rest
90434,REST,272,97231,-150.74,79,102.0,110.8,,,,-0.43,,0,,
91435,REST,273,97656,391.45,79,102.0,110.8,,,,-0.43,,0,,
92437,REST,273,95999,-1140.17,79,102.0,110.8,,,,-0.43,,0,,
93438,REST,274,96646,-416.55,78,100.4,107.6,,,,-0.46,,3,-0.46,Rest
94439,REST,271,96711,-331.14,78,98.8,104.1,,,,-0.47,,3,-0.47,Rest
95440,REST,272,96987,25.02,77,97.2,101.0,,,,-0.48,,3,-0.48,Rest
96441,REST,274,97743,817.16,77,95.6,98.2,,,,-0.49,,3,-0.49,Rest
97442,REST,271,96864,-147.34,76,92.6,93.2,,,,-0.50,,3,-0.50,Rest
98442,REST,272,96891,-194.93,76,92.5,91.4,,,,-0.53,,3,-0.53,Rest
99443,REST,274,97477,310.87,76,91.0,89.7,,,,-0.54,,3,-0.54,Rest
100444,REST,276,98178,841.55,76,89.1,88.1,,,,-0.51,,3,-0.51,Rest
101445,REST,274,98053,648.09,76,87.2,86.3,,,,-0.49,,3,-0.49,Rest
102445,REST,275,96910,-466.96,75,84.5,84.3,,,,-0.48,,3,-0.48,Rest
103446,REST,275,96826,-529.18,75,83.0,82.8,,,,-0.46,,3,-0.46,Rest
104448,REST,264,97919,576.91,75,81.5,81.3,,,,-0.45,,3,-0.45,Rest
105450,REST,266,98193,714.56,76,80.5,80.2,,,,-0.41,,3,-0.41,Rest
106450,REST,266,97630,71.12,76,80.5,80.6,,,,-0.41,,3,-0.41,Rest
107450,REST,269,98016,391.33,76,80.7,80.6,,,,-0.40,,3,-0.40,Rest
108453,REST,273,98575,810.52,76,81.7,80.5,,,,-0.37,,3,-0.37,Rest
109492,REST,270,98039,158.45,78,127.0,105.7,,,,-0.60,,3,-0.60,Rest
110493,REST,268,97956,38.09,78,127.0,105.7,,,,-0.60,,0,,
111495,REST,270,98503,507.69,78,127.0,105.7,753.4,0.0,0.0,-0.60,-6.91,1,,
112495,REST,274,99007,866.80,78,127.0,105.7,753.4,0.0,0.0,-0.60,-6.91,1,,
113496,REST,275,99001,612.24,78,127.0,105.7,753.4,0.0,0.0,-0.60,-6.91,1,,
114497,REST,271,98817,273.64,78,127.0,105.7,753.4,0.0,0.0,-0.60,-6.91,1,,
115498,REST,272,98906,297.53,78,127.0,105.7,753.4,0.0,0.0,-0.60,-6.91,1,,
116499,REST,271,99041,412.10,78,127.0,105.7,753.4,0.0,0.0,-0.60,-6.91,1,,
117500,REST,275,99240,571.30,78,127.0,105.7,753.4,0.0,0.0,-0.60,-6.91,1,,
118501,REST,301,99473,572.65,78,127.0,105.7,753.4,0.0,0.0,-0.60,-6.91,1,,
119501,REST,281,98722,-231.12,78,127.0,105.7,753.4,0.0,0.0,-0.60,-6.91,1,,
120503,REST,281,99097,198.68,78,127.0,105.7,753.4,0.0,0.0,-0.60,-6.91,1,,
121504,REST,292,98963,37.12,78,127.0,105.7,753.4,0.0,0.0,-0.60,-6.91,1,,
122504,REST,294,98902,-31.73,78,127.0,105.7,753.4,0.0,0.0,-0.60,-6.91,1,,
123505,REST,290,98870,-109.16,78,127.0,105.7,753.4,0.0,0.0,-0.60,-6.91,1,,
124506,REST,293,99245,218.73,77,116.7,119.2,753.4,0.0,0.0,-0.76,-6.91,4,-2.30,Rest
125507,REST,293,99378,294.47,77,115.7,119.3,753.4,0.0,0.0,-0.81,-6.91,4,-2.34,Rest
126509,REST,290,99576,462.17,76,113.0,118.3,753.4,0.0,0.0,-0.86,-6.91,4,-2.37,Rest
127510,REST,287,99098,-42.77,75,113.7,116.9,753.4,0.0,0.0,-0.92,-6.91,4,-2.42,Rest
128510,REST,290,99016,-128.53,75,112.9,116.7,753.4,0.0,0.0,-0.90,-6.91,4,-2.40,Rest
129512,REST,300,99457,253.34,76,112.6,116.7,753.4,0.0,0.0,-0.89,-6.91,4,-2.39,Rest
130512,REST,295,99233,3.40,76,111.4,116.5,753.4,0.0,0.0,-0.85,-6.91,4,-2.36,Rest
131513,REST,290,99651,435.21,76,111.1,117.6,753.4,0.0,0.0,-0.82,-6.91,4,-2.34,Rest
132514,REST,282,98730,-477.16,76,110.7,117.9,753.4,0.0,0.0,-0.81,-6.91,4,-2.33,Rest
133516,REST,276,98594,-531.93,76,110.3,117.9,753.4,0.0,0.0,-0.79,-6.91,4,-2.32,Rest
134516,REST,280,98747,-277.84,76,110.3,117.9,753.4,0.0,0.0,-0.79,-6.91,4,-2.32,Rest
135517,REST,289,99527,517.30,76,110.3,117.9,753.4,0.0,0.0,-0.79,-6.91,4,-2.32,Rest
136518,REST,292,99106,33.65,79,147.5,150.7,753.4,0.0,0.0,-0.94,-6.91,4,-2.43,Rest
137519,REST,291,99162,41.20,80,145.9,161.7,753.4,0.0,0.0,-0.97,-6.91,4,-2.46,Rest
138520,REST,293,99436,282.31,80,145.0,161.7,753.4,0.0,0.0,-0.93,-6.91,4,-2.43,Rest
139522,REST,293,99438,243.26,80,145.0,161.6,753.4,0.0,0.0,-0.93,-6.91,4,-2.43,Rest
140523,REST,298,99129,-95.07,80,144.8,161.4,753.4,0.0,0.0,-0.93,-6.91,4,-2.42,Rest
141526,REST,299,98986,-226.20,80,144.9,161.5,753.4,0.0,0.0,-0.93,-6.91,4,-2.43,Rest
142565,REST,302,99330,117.44,80,145.6,161.7,753.4,0.0,0.0,-0.95,-6.91,4,-2.44,Rest
143566,REST,299,99743,485.13,79,147.2,161.7,753.4,0.0,0.0,-1.00,-6.91,4,-2.47,Rest
144567,REST,298,99117,-162.27,79,148.2,162.3,753.4,0.0,0.0,-1.05,-6.91,4,-2.52,Rest
145567,REST,287,99086,-183.59,79,148.2,162.3,753.4,0.0,0.0,-1.05,-6.91,4,-2.52,Rest
146568,REST,286,99293,-7.31,79,148.4,162.2,753.4,0.0,0.0,-1.07,-6.91,4,-2.53,Rest
147570,REST,285,99169,-97.75,78,149.0,162.2,740.7,0.0,0.0,-1.12,-12.34,4,-3.92,Rest
148571,REST,286,99209,15.90,78,150.5,139.9,740.7,0.0,0.0,-1.03,-12.34,4,-3.86,Rest
149571,REST,293,98111,-942.59,78,150.5,139.9,740.7,0.0,0.0,-1.03,-12.34,4,-3.86,Rest
150571,REST,293,98175,-718.39,78,150.5,139.9,740.7,0.0,0.0,-1.03,-12.34,4,-3.86,Rest
151574,REST,269,97941,-799.87,78,150.5,139.9,740.7,0.0,0.0,-1.03,-12.34,4,-3.86,Rest
152615,REST,260,98142,-429.49,78,150.5,139.9,740.7,0.0,0.0,-1.03,-12.34,4,-3.86,Rest
153616,REST,260,98302,-175.19,78,150.5,139.9,740.7,0.0,0.0,-1.03,-12.34,4,-3.86,Rest
154616,REST,264,98033,-346.98,78,150.5,139.9,740.7,0.0,0.0,-1.03,-12.34,4,-3.86,Rest
155616,REST,293,98818,351.23,78,150.5,139.9,740.7,0.0,0.0,-1.03,-12.34,4,-3.86,Rest
156617,REST,289,98698,159.12,76,124.1,135.4,740.7,0.0,0.0,-0.99,-12.34,4,-3.83,Rest
157619,REST,264,98612,111.41,75,114.1,118.2,740.7,0.0,0.0,-0.92,-12.34,4,-3.78,Rest
158620,REST,265,97911,-520.98,76,113.8,119.1,740.7,0.0,0.0,-0.91,-12.34,4,-3.77,Rest
159621,REST,268,97317,-989.97,76,113.8,119.1,740.7,0.0,0.0,-0.91,-12.34,4,-3.77,Rest
160621,REST,266,97026,-1080.25,76,113.8,119.1,740.7,0.0,0.0,-0.91,-12.34,4,-3.77,Rest
161623,REST,265,97394,-521.56,76,113.8,119.1,740.7,0.0,0.0,-0.91,-12.34,4,-3.77,Rest
162624,REST,269,98388,483.65,76,113.8,119.1,740.7,0.0,0.0,-0.91,-12.34,4,-3.77,Rest
163626,REST,270,95000,-2711.02,76,113.8,119.1,740.7,0.0,0.0,-0.91,-12.34,4,-3.77,Rest
164666,REST,257,95414,-1756.56,76,113.8,119.1,740.7,0.0,0.0,-0.91,-12.34,4,-3.77,Rest
165666,REST,268,96756,-130.45,76,113.8,119.1,740.7,0.0,0.0,-0.91,-12.34,4,-3.77,Rest
166667,REST,265,96418,-385.88,76,113.8,119.1,740.7,0.0,0.0,-0.91,-12.34,4,-3.77,Rest
167668,REST,270,97364,479.41,76,113.6,119.1,740.7,0.0,0.0,-0.88,-12.34,4,-3.74,Rest
168669,REST,269,97928,742.34,76,112.8,119.8,740.7,0.0,0.0,-0.87,-12.34,4,-3.73,Rest
169670,REST,265,97384,147.87,77,121.5,132.7,740.7,0.0,0.0,-0.90,-12.34,1,,
170670,REST,268,98196,923.14,77,121.5,132.7,740.7,0.0,0.0,-0.90,-12.34,1,,
171671,REST,272,97322,-131.48,77,121.5,132.7,740.7,0.0,0.0,-0.90,-12.34,1,,
172672,REST,265,96681,-730.22,77,121.5,132.7,740.7,0.0,0.0,-0.90,-12.34,1,,
173673,REST,258,96157,-1044.10,77,121.5,132.7,740.7,0.0,0.0,-0.90,-12.34,1,,
174674,REST,254,95540,-1175.46,77,121.5,132.7,740.7,0.0,0.0,-0.90,-12.34,1,,
175675,REST,261,95015,-1284.61,77,121.5,132.7,740.7,0.0,0.0,-0.90,-12.34,1,,
176677,REST,267,97209,867.30,77,121.5,132.7,740.7,0.0,0.0,-0.90,-12.34,1,,
177677,REST,254,96786,264.35,77,121.5,132.7,740.7,0.0,0.0,-0.90,-12.34,1,,
178679,REST,278,99802,2941.35,77,121.5,132.7,740.7,0.0,0.0,-0.90,-12.34,1,,
179679,REST,290,100025,2350.86,77,121.5,132.7,740.7,0.0,0.0,-0.90,-12.34,1,,
180680,REST,288,98658,601.50,77,121.5,132.7,740.7,0.0,0.0,-0.90,-12.34,1,,
181681,REST,280,98627,412.15,77,121.5,132.7,740.7,0.0,0.0,-0.90,-12.34,1,,
182682,REST,283,98943,583.21,77,121.5,132.7,740.7,0.0,0.0,-0.90,-12.34,1,,
183683,REST,287,99470,917.55,77,121.5,132.7,747.0,26.0,10.0,-0.90,0.79,3,0.79,Rest
184684,REST,290,99576,824.98,77,121.5,132.7,747.0,26.0,10.0,-0.90,0.79,3,0.79,Rest
185687,REST,298,99212,319.20,77,121.5,132.7,747.0,26.0,10.0,-0.90,0.79,3,0.79,Rest
186726,REST,304,99757,709.50,77,121.5,132.7,747.0,26.0,10.0,-0.90,0.79,3,0.79,Rest
187727,REST,305,99532,322.09,77,121.5,132.7,747.0,26.0,10.0,-0.90,0.79,3,0.79,Rest
188728,REST,305,99657,366.78,77,121.5,132.7,747.0,26.0,10.0,-0.90,0.79,3,0.79,Rest
189730,REST,306,98474,-746.48,77,121.5,132.7,747.0,26.0,10.0,-0.90,0.79,3,0.79,Rest
190731,REST,300,98187,-834.80,77,121.5,132.7,747.0,26.0,10.0,-0.90,0.79,3,0.79,Rest
191732,REST,296,97895,-890.42,77,121.5,132.7,747.0,26.0,10.0,-0.90,0.79,3,0.79,Rest
192733,REST,294,98310,-377.53,77,121.5,132.7,747.0,26.0,10.0,-0.90,0.79,3,0.79,Rest
193733,REST,291,98440,-119.26,77,121.5,132.7,747.0,26.0,10.0,-0.90,0.79,3,0.79,Rest
194734,REST,284,97067,-1287.41,77,121.5,132.7,747.0,26.0,10.0,-0.90,0.79,3,0.79,Rest
195735,REST,279,97331,-798.19,77,121.5,132.7,747.0,26.0,10.0,-0.90,0.79,3,0.79,Rest
196736,REST,274,97517,-436.05,77,121.5,132.7,747.0,26.0,10.0,-0.90,0.79,3,0.79,Rest
197738,REST,275,97835,30.46,77,121.5,132.7,747.0,26.0,10.0,-0.90,0.79,3,0.79,Rest
198739,REST,271,96494,-1155.27,77,121.5,132.7,747.0,26.0,10.0,-0.90,0.79,3,0.79,Rest
199739,REST,272,96120,-1329.52,77,121.5,132.7,747.0,26.0,10.0,-0.90,0.79,3,0.79,Rest
200741,REST,274,96274,-1015.44,77,121.5,132.7,747.0,26.0,10.0,-0.90,0.79,3,0.79,Rest
201741,REST,276,96504,-664.34,77,121.5,132.7,747.0,26.0,10.0,-0.90,0.79,3,0.79,Rest
202742,REST,273,97067,-48.34,77,121.5,132.7,747.0,26.0,10.0,-0.90,0.79,3,0.79,Rest
203743,REST,274,97705,607.48,77,121.5,144.2,747.0,26.0,10.0,-0.98,0.79,6,-0.09,Rest
204743,REST,275,98006,901.29,77,122.9,144.3,747.0,26.0,10.0,-1.02,0.79,6,-0.11,Rest
205745,REST,275,96399,-680.12,76,124.3,143.8,747.0,26.0,10.0,-1.05,0.79,6,-0.13,Rest
206746,REST,277,96596,-398.07,76,124.2,143.7,747.0,26.0,10.0,-1.07,0.79,6,-0.14,Rest
207747,REST,296,99191,2037.91,76,124.2,143.7,747.0,26.0,10.0,-1.07,0.79,6,-0.14,Rest
208747,REST,306,100736,2821.98,76,124.6,112.9,747.0,26.0,10.0,-0.88,0.79,3,0.79,Rest
209749,REST,312,99077,762.47,76,124.6,112.9,747.0,26.0,10.0,-0.88,0.79,3,0.79,Rest
210751,REST,315,97771,-599.46,76,124.6,112.9,747.0,26.0,10.0,-0.88,0.79,3,0.79,Rest
211753,REST,316,98087,-282.98,76,124.6,112.9,747.0,26.0,10.0,-0.88,0.79,3,0.79,Rest
212792,REST,315,98644,288.13,76,124.6,112.9,747.0,26.0,10.0,-0.88,0.79,3,0.79,Rest
213794,REST,309,98911,605.36,76,124.6,112.9,747.0,26.0,10.0,-0.88,0.79,3,0.79,Rest
214833,REST,306,96431,-1727.57,76,124.6,112.9,747.0,26.0,10.0,-0.88,0.79,3,0.79,Rest
215834,REST,310,97056,-919.76,76,124.6,112.9,747.0,26.0,10.0,-0.88,0.79,3,0.79,Rest
216835,REST,308,97407,-429.16,76,124.6,112.9,747.0,26.0,10.0,-0.88,0.79,3,0.79,Rest
217836,REST,305,98169,433.19,75,88.0,108.8,747.0,26.0,10.0,-0.77,0.79,6,0.01,Rest
218838,REST,305,97391,-280.67,73,63.4,91.6,747.0,26.0,10.0,-0.61,0.79,6,0.09,Rest
219838,REST,303,96488,-1084.90,73,63.4,92.5,737.7,20.5,6.0,-0.61,-1.74,6,-1.18,Rest
220839,REST,305,97327,-118.64,74,64.2,92.5,737.7,20.5,6.0,-0.60,-1.74,6,-1.17,Rest
221841,REST,307,97082,-363.83,74,66.9,92.5,737.7,20.5,6.0,-0.57,-1.74,6,-1.16,Rest
222841,REST,297,96162,-1173.12,74,66.9,92.5,737.7,20.5,6.0,-0.57,-1.74,6,-1.16,Rest
223842,REST,297,96831,-376.10,74,66.9,92.5,737.7,20.5,6.0,-0.57,-1.74,6,-1.16,Rest
224844,REST,298,97042,-27.80,75,67.5,93.9,737.7,20.5,6.0,-0.53,-1.74,6,-1.14,Rest
225844,REST,275,95839,-1077.50,74,67.8,96.3,737.7,20.5,6.0,-0.56,-1.74,6,-1.15,Rest
226845,REST,276,96361,-401.09,74,67.8,96.3,737.7,20.5,6.0,-0.56,-1.74,6,-1.15,Rest
227846,REST,289,97194,352.29,74,67.8,96.3,737.7,20.5,6.0,-0.56,-1.74,6,-1.15,Rest
228847,REST,294,97961,1025.59,75,68.0,97.2,737.7,20.5,6.0,-0.54,-1.74,6,-1.14,Rest
229848,REST,293,96596,-354.73,74,68.6,98.0,737.7,20.5,6.0,-0.58,-1.74,6,-1.16,Rest
230849,REST,291,96477,-423.91,74,68.6,97.7,737.7,20.5,6.0,-0.58,-1.74,6,-1.16,Rest
231850,REST,300,97995,935.38,75,67.1,96.9,737.7,20.5,6.0,-0.53,-1.74,6,-1.14,Rest
232852,REST,298,98069,779.84,74,68.5,97.7,737.7,20.5,6.0,-0.57,-1.74,6,-1.16,Rest
233852,REST,293,98480,1057.66,74,69.7,97.4,737.7,20.5,6.0,-0.60,-1.74,6,-1.17,Rest
234853,REST,294,98585,1098.47,74,68.6,96.7,737.7,20.5,6.0,-0.57,-1.74,6,-1.15,Rest
235855,REST,292,96404,-1038.96,74,69.7,96.2,737.7,20.5,6.0,-0.63,-1.74,6,-1.18,Rest
236858,REST,280,96105,-1146.64,74,69.5,77.8,737.7,20.5,6.0,-0.49,-1.74,6,-1.12,Rest
237897,REST,282,96329,-764.18,73,46.2,53.6,737.7,20.5,6.0,-0.27,-1.74,6,-1.01,Rest
238898,REST,285,96126,-709.16,73,46.2,53.6,737.7,20.5,6.0,-0.27,-1.74,6,-1.01,Rest
239899,REST,274,94707,-1802.85,73,46.2,53.6,737.7,20.5,6.0,-0.27,-1.74,6,-1.01,Rest
240900,REST,276,95036,-1218.68,73,46.2,53.6,737.7,20.5,6.0,-0.27,-1.74,6,-1.01,Rest
241901,REST,281,96222,79.05,73,46.2,53.6,737.7,20.5,6.0,-0.27,-1.74,6,-1.01,Rest
242905,REST,281,96717,574.18,73,46.2,53.1,737.7,20.5,6.0,-0.27,-1.74,6,-1.01,Rest
243944,REST,281,97018,899.39,73,46.3,53.6,737.7,20.5,6.0,-0.27,-1.74,6,-1.01,Rest
244944,REST,279,95789,-298.40,73,47.4,55.6,737.7,20.5,6.0,-0.29,-1.74,6,-1.02,Rest
245946,REST,291,98357,1918.05,73,48.5,57.1,737.7,20.5,6.0,-0.34,-1.74,6,-1.04,Rest
246947,REST,297,97801,863.52,73,49.4,56.7,737.7,20.5,6.0,-0.37,-1.74,3,-1.74,Rest
247947,REST,281,97714,628.55,73,49.4,56.7,737.7,20.5,6.0,-0.37,-1.74,3,-1.74,Rest
248948,REST,277,97986,843.74,73,49.4,56.7,737.7,20.5,6.0,-0.37,-1.74,3,-1.74,Rest
249949,REST,277,95789,-1279.26,73,49.4,56.7,737.7,20.5,6.0,-0.37,-1.74,3,-1.74,Rest
250951,REST,271,95988,-911.68,73,49.4,56.7,737.7,20.5,6.0,-0.37,-1.74,3,-1.74,Rest
251952,REST,269,96305,-416.42,73,49.4,56.7,737.7,20.5,6.0,-0.37,-1.74,3,-1.74,Rest
252954,REST,266,96726,138.51,73,49.4,56.7,737.7,20.5,6.0,-0.37,-1.74,3,-1.74,Rest
253954,REST,268,94488,-1798.50,73,49.4,56.7,737.7,20.5,6.0,-0.37,-1.74,3,-1.74,Rest
254954,REST,273,95481,-572.01,73,49.4,56.7,737.7,20.5,6.0,-0.37,-1.74,3,-1.74,Rest
255957,REST,277,98550,2097.88,73,49.4,56.7,729.5,24.1,8.0,-0.37,-2.22,3,-2.22,Rest
256997,REST,279,98169,1389.72,73,49.4,56.7,729.5,24.1,8.0,-0.37,-2.22,3,-2.22,Rest
257998,REST,279,95872,-945.30,73,49.4,56.7,729.5,24.1,8.0,-0.37,-2.22,3,-2.22,Rest
258998,REST,273,96790,-22.84,73,49.4,56.7,729.5,24.1,8.0,-0.37,-2.22,3,-2.22,Rest
259999,REST,297,99217,2011.55,73,49.4,56.7,729.5,24.1,8.0,-0.37,-2.22,3,-2.22,Rest
261000,REST,298,98530,916.59,73,49.4,56.7,729.5,24.1,8.0,-0.37,-2.22,3,-2.22,Rest
262000,REST,288,97475,-228.91,73,52.9,64.1,729.5,24.1,8.0,-0.40,-2.22,6,-1.31,Rest
263002,REST,274,98062,373.37,73,54.0,64.1,729.5,24.1,8.0,-0.38,-2.22,6,-1.30,Rest
264004,REST,271,97823,69.24,74,55.8,61.9,729.5,24.1,8.0,-0.34,-2.22,6,-1.28,Rest
265004,REST,293,98122,284.90,73,54.9,62.4,729.5,24.1,8.0,-0.35,-2.22,6,-1.28,Rest
266005,REST,292,98614,627.35,74,98.3,102.4,729.5,24.1,8.0,-0.82,-2.22,6,-1.52,Rest
267006,REST,292,99161,1024.45,74,98.3,102.4,729.5,24.1,8.0,-0.82,-2.22,3,-2.22,Rest
268007,REST,297,98214,-27.35,74,98.1,132.8,729.5,24.1,8.0,-1.02,-2.22,6,-1.62,Rest
269008,REST,290,98834,527.77,74,97.9,130.9,729.5,24.1,8.0,-1.00,-2.22,6,-1.61,Rest
270009,REST,302,100233,1582.57,74,96.6,129.0,729.5,24.1,8.0,-1.00,-2.22,6,-1.61,Rest
271010,REST,301,100242,1247.59,74,96.4,127.7,729.5,24.1,8.0,-0.98,-2.22,6,-1.60,Rest
272012,REST,296,99128,-7.11,74,96.4,127.7,729.5,24.1,8.0,-0.98,-2.22,3,-2.22,Rest
273012,REST,290,99188,48.04,74,96.4,127.7,729.5,24.1,8.0,-0.98,-2.22,3,-2.22,Rest
274013,REST,293,99672,435.30,75,97.2,128.6,729.5,24.1,8.0,-0.93,-2.22,6,-1.58,Rest
275014,REST,292,98993,-262.47,75,97.2,130.3,729.5,24.1,8.0,-0.95,-2.22,6,-1.58,Rest
276015,REST,292,98785,-419.62,75,97.2,129.7,729.5,24.1,8.0,-0.94,-2.22,6,-1.58,Rest
277016,REST,291,98643,-449.92,75,97.2,129.7,729.5,24.1,8.0,-0.94,-2.22,6,-1.58,Rest
278017,REST,291,99064,70.39,75,97.2,129.7,729.5,24.1,8.0,-0.94,-2.22,6,-1.58,Rest
279018,REST,294,99104,138.70,75,97.2,129.7,729.5,24.1,8.0,-0.94,-2.22,3,-2.22,Rest
280019,REST,280,98312,-575.12,75,97.2,129.7,729.5,24.1,8.0,-0.94,-2.22,3,-2.22,Rest
281020,REST,277,98136,-657.53,75,97.2,130.5,729.5,24.1,8.0,-0.95,-2.22,6,-1.58,Rest
282021,REST,276,98444,-302.50,75,96.2,130.4,729.5,24.1,8.0,-0.92,-2.22,6,-1.57,Rest
283023,REST,277,98214,-449.62,75,97.1,130.3,729.5,24.1,8.0,-0.94,-2.22,6,-1.58,Rest
284024,REST,280,99559,930.80,75,96.0,130.1,729.5,24.1,8.0,-0.92,-2.22,6,-1.57,Rest
285025,REST,293,99699,918.93,75,96.4,129.7,729.5,24.1,8.0,-0.94,-2.22,6,-1.58,Rest
286028,REST,298,98077,-737.69,75,96.1,130.0,729.5,24.1,8.0,-0.92,-2.22,6,-1.57,Rest
287067,REST,290,98098,-573.55,75,95.8,129.7,729.5,24.1,8.0,-0.90,-2.22,6,-1.56,Rest
288068,REST,277,97735,-699.90,75,95.8,129.7,729.5,24.1,8.0,-0.90,-2.22,6,-1.56,Rest
289069,REST,277,97801,-440.26,75,95.8,129.7,729.5,24.1,8.0,-0.90,-2.22,6,-1.56,Rest
290069,REST,294,99028,778.34,75,95.8,129.7,729.5,24.1,8.0,-0.90,-2.22,6,-1.56,Rest
291071,REST,300,99773,1171.91,75,94.8,129.9,729.5,24.1,8.0,-0.85,-2.22,3,-2.22,Rest
292072,REST,292,99790,942.31,75,94.8,129.9,738.2,17.6,2.0,-0.85,-2.62,3,-2.62,Rest
293073,REST,293,100428,1381.50,76,92.3,128.7,738.2,17.6,2.0,-0.79,-2.62,6,-1.70,Rest
294074,REST,289,99759,494.90,76,92.7,128.3,738.2,17.6,2.0,-0.80,-2.62,6,-1.71,Rest
295077,REST,289,99141,-187.39,76,91.6,128.3,738.2,17.6,2.0,-0.78,-2.62,6,-1.70,Rest
296116,REST,289,99451,134.12,76,90.1,124.9,738.2,17.6,2.0,-0.72,-2.62,6,-1.67,Rest
297116,REST,293,99977,618.91,76,89.2,124.7,738.2,17.6,2.0,-0.74,-2.62,6,-1.68,Rest
298117,REST,277,99326,-99.58,76,90.1,126.1,738.2,17.6,2.0,-0.75,-2.62,6,-1.69,Rest
299119,REST,275,100023,510.40,77,119.7,151.1,738.2,17.6,2.0,-0.98,-2.62,6,-1.80,Rest
300120,REST,279,100020,392.45,79,141.7,127.0,738.2,17.6,2.0,-0.83,-2.62,3,-2.62,Rest
301122,REST,269,96262,-2972.90,79,141.7,127.0,738.2,17.6,2.0,-0.83,-2.62,3,-2.62,Rest
302125,REST,266,96018,-2586.13,79,141.7,127.0,738.2,17.6,2.0,-0.83,-2.62,3,-2.62,Rest
303163,REST,262,96094,-2049.35,79,141.7,127.0,738.2,17.6,2.0,-0.83,-2.62,3,-2.62,Rest
304164,REST,261,95423,-2276.07,79,141.7,127.0,738.2,17.6,2.0,-0.83,-2.62,3,-2.62,Rest
305165,REST,259,95256,-1909.38,79,141.7,127.0,738.2,17.6,2.0,-0.83,-2.62,3,-2.62,Rest
306166,REST,246,95073,-1658.94,79,141.7,127.0,738.2,17.6,2.0,-0.83,-2.62,3,-2.62,Rest
307168,REST,247,94414,-1811.80,79,141.7,127.0,738.2,17.6,2.0,-0.83,-2.62,3,-2.62,Rest
308168,REST,267,93955,-1851.73,79,141.7,127.0,738.2,17.6,2.0,-0.83,-2.62,3,-2.62,Rest
309169,REST,268,95105,-354.45,79,141.7,127.0,738.2,17.6,2.0,-0.83,-2.62,3,-2.62,Rest
310170,REST,262,93493,-1673.13,79,141.7,127.0,738.2,17.6,2.0,-0.83,-2.62,3,-2.62,Rest
311171,REST,267,93649,-1227.91,79,141.7,127.0,738.2,17.6,2.0,-0.83,-2.62,3,-2.62,Rest
312172,REST,317,101131,6030.21,79,141.7,127.0,738.2,17.6,2.0,-0.83,-2.62,3,-2.62,Rest
313173,REST,328,100245,3904.73,79,141.7,127.0,738.2,17.6,2.0,-0.83,-2.62,3,-2.62,Rest
314174,REST,318,98808,1776.66,79,141.7,127.0,738.2,17.6,2.0,-0.83,-2.62,3,-2.62,Rest
315175,REST,300,97704,405.82,79,141.7,127.0,738.2,17.6,2.0,-0.83,-2.62,3,-2.62,Rest
316176,REST,308,97299,-35.05,79,141.7,127.0,738.2,17.6,2.0,-0.83,-2.62,3,-2.62,Rest
317180,REST,301,96598,-710.91,79,141.7,127.0,738.2,17.6,2.0,-0.83,-2.62,3,-2.62,Rest
318219,REST,302,98470,1082.92,79,141.7,127.0,738.2,17.6,2.0,-0.83,-2.62,3,-2.62,Rest
319219,REST,296,97836,275.23,79,141.7,127.0,738.2,17.6,2.0,-0.83,-2.62,3,-2.62,Rest
320220,REST,296,98949,1176.40,76,126.2,151.7,738.2,17.6,2.0,-1.11,-2.62,6,-1.86,Rest
321221,REST,295,98860,837.96,77,126.6,160.2,738.2,17.6,2.0,-1.13,-2.62,6,-1.87,Rest
322222,REST,314,98038,-81.51,77,128.2,160.3,738.2,17.6,2.0,-1.08,-2.62,6,-1.85,Rest
323223,REST,287,98726,547.05,78,130.4,160.3,738.2,17.6,2.0,-1.03,-2.62,6,-1.83,Rest
324224,REST,286,97244,-864.13,78,131.5,160.2,738.2,17.6,2.0,-1.01,-2.62,6,-1.81,Rest
325225,REST,297,97827,-126.60,78,131.5,160.2,738.2,17.6,2.0,-1.01,-2.62,6,-1.81,Rest
326226,REST,292,97861,-53.09,78,131.5,160.2,738.2,17.6,2.0,-1.01,-2.62,6,-1.81,Rest
327228,REST,286,99265,1164.54,79,132.2,160.2,738.2,17.6,2.0,-0.97,-2.62,6,-1.79,Rest
328232,REST,284,99175,866.91,80,139.7,159.2,740.5,27.8,22.0,-0.88,2.04,6,0.58,Rest
329270,REST,292,99246,699.41,81,153.4,184.4,740.5,27.8,22.0,-0.98,2.04,6,0.53,Rest
330271,REST,300,98862,164.92,83,168.7,184.9,740.5,27.8,22.0,-0.86,2.04,3,2.04,Stress
331272,REST,278,98768,82.78,83,168.7,184.9,740.5,27.8,22.0,-0.86,2.04,3,2.04,Stress
332273,REST,279,99106,383.30,83,168.7,184.9,740.5,27.8,22.0,-0.86,2.04,3,2.04,Stress
333274,REST,287,97763,-850.37,83,168.7,184.9,740.5,27.8,22.0,-0.86,2.04,3,2.04,Stress
334275,REST,289,97351,-1047.28,83,168.7,184.9,740.5,27.8,22.0,-0.86,2.04,3,2.04,Stress
335277,REST,285,97783,-336.11,83,168.7,184.9,740.5,27.8,22.0,-0.86,2.04,3,2.04,Stress
336278,REST,274,97335,-626.43,83,168.7,184.9,740.5,27.8,22.0,-0.86,2.04,3,2.04,Stress
337279,REST,280,97319,-581.41,83,168.7,184.9,740.5,27.8,22.0,-0.86,2.04,3,2.04,Stress
338279,REST,280,96917,-817.93,83,168.7,184.9,740.5,27.8,22.0,-0.86,2.04,3,2.04,Stress
339281,REST,275,98494,900.69,83,168.7,184.9,740.5,27.8,22.0,-0.86,2.04,3,2.04,Stress
340283,REST,276,97667,-25.14,83,168.7,184.9,740.5,27.8,22.0,-0.86,2.04,3,2.04,Stress
341283,REST,273,98334,605.53,83,168.7,184.9,740.5,27.8,22.0,-0.86,2.04,3,2.04,Stress
342283,REST,275,99043,1050.34,83,168.7,184.9,740.5,27.8,22.0,-0.86,2.04,3,2.04,Stress
343284,REST,306,100792,2478.11,83,168.7,184.9,740.5,27.8,22.0,-0.86,2.04,3,2.04,Stress
344285,REST,313,100649,1853.77,83,168.7,184.9,740.5,27.8,22.0,-0.86,2.04,3,2.04,Stress
345287,REST,324,98791,-171.80,83,168.7,184.9,740.5,27.8,22.0,-0.86,2.04,3,2.04,Stress
346289,REST,309,99049,36.88,83,168.7,184.9,740.5,27.8,22.0,-0.86,2.04,3,2.04,Stress
347289,REST,305,99205,99.43,83,168.7,208.3,740.5,27.8,22.0,-1.01,2.04,6,0.52,Rest
348289,REST,311,100034,841.80,84,167.6,208.2,740.5,27.8,22.0,-0.98,2.04,6,0.53,Rest
349291,REST,317,100093,783.64,84,166.7,208.4,740.5,27.8,22.0,-0.96,2.04,6,0.54,Rest
350292,REST,310,98006,-1175.78,84,166.7,208.4,740.5,27.8,22.0,-0.96,2.04,6,0.54,Rest
351292,REST,307,98753,-319.75,84,166.7,208.4,740.5,27.8,22.0,-0.96,2.04,6,0.54,Rest
352293,REST,310,98828,-199.99,84,166.7,208.4,740.5,27.8,22.0,-0.96,2.04,6,0.54,Rest
353295,REST,309,99764,682.31,84,167.5,208.4,740.5,27.8,22.0,-0.98,2.04,6,0.53,Rest
354296,REST,310,99617,414.52,83,168.9,208.4,740.5,27.8,22.0,-1.03,2.04,6,0.51,Rest
355297,REST,319,98738,-475.84,83,169.7,208.3,740.5,27.8,22.0,-1.05,2.04,6,0.50,Rest
356299,REST,314,98382,-720.02,83,168.4,208.8,740.5,27.8,22.0,-1.01,2.04,6,0.52,Rest
357300,REST,315,99408,303.02,83,169.5,209.8,740.5,27.8,22.0,-1.04,2.04,6,0.50,Rest
358300,REST,309,100391,1164.24,83,169.5,210.4,740.5,27.8,22.0,-1.04,2.04,6,0.50,Rest
359301,REST,306,100364,883.56,83,171.0,209.7,740.5,27.8,22.0,-1.08,2.04,6,0.48,Rest
360302,REST,299,100186,484.68,86,189.9,217.3,740.5,27.8,22.0,-0.95,2.04,6,0.54,Rest
361303,REST,309,100840,915.34,84,180.4,227.4,740.5,27.8,22.0,-1.16,2.04,6,0.44,Rest
362304,REST,301,100283,248.80,84,180.4,227.4,740.5,27.8,22.0,-1.16,2.04,3,2.04,Stress
363305,REST,298,100198,219.52,84,180.4,227.4,740.5,27.8,22.0,-1.16,2.04,3,2.04,Stress
364307,REST,299,98893,-915.62,84,180.4,227.4,727.6,22.1,16.0,-1.16,-1.35,3,-1.35,Rest
365307,REST,306,98385,-1228.22,84,180.4,227.4,727.6,22.1,16.0,-1.16,-1.35,3,-1.35,Rest
366308,REST,304,99946,417.09,84,180.4,227.4,727.6,22.1,16.0,-1.16,-1.35,3,-1.35,Rest
367309,REST,298,98804,-713.52,84,180.4,227.4,727.6,22.1,16.0,-1.16,-1.35,3,-1.35,Rest
368310,REST,299,97899,-1392.35,84,180.4,227.4,727.6,22.1,16.0,-1.16,-1.35,3,-1.35,Rest
369311,REST,306,99128,-6.93,84,180.4,227.4,727.6,22.1,16.0,-1.16,-1.35,3,-1.35,Rest
370312,REST,299,99492,420.38,84,180.4,227.4,727.6,22.1,16.0,-1.16,-1.35,3,-1.35,Rest
371313,REST,291,98189,-765.83,84,180.4,227.4,727.6,22.1,16.0,-1.16,-1.35,3,-1.35,Rest
372314,REST,295,97454,-1299.71,84,180.4,227.4,727.6,22.1,16.0,-1.16,-1.35,3,-1.35,Rest
373315,REST,305,98486,-98.35,84,180.4,227.4,727.6,22.1,16.0,-1.16,-1.35,3,-1.35,Rest
374316,REST,297,99270,645.16,84,180.4,227.4,727.6,22.1,16.0,-1.16,-1.35,3,-1.35,Rest
375318,TRANSITION,287,99226,494.41,82,167.6,194.5,727.6,22.1,16.0,-1.03,,0,,
376318,TRANSITION,286,99296,392.61,83,160.3,187.7,727.6,22.1,16.0,-0.85,,0,,
377319,TRANSITION,296,99892,787.26,83,161.7,187.8,727.6,22.1,16.0,-0.91,,0,,
378320,TRANSITION,294,100424,1084.17,84,175.0,202.2,727.6,22.1,16.0,-0.98,,0,,
379321,TRANSITION,291,100409,894.42,84,181.3,214.1,727.6,22.1,16.0,-1.10,,0,,
380322,TRANSITION,305,99489,-102.98,83,181.8,213.3,727.6,22.1,16.0,-1.15,,0,,
381323,TRANSITION,301,99427,-175.52,82,180.9,213.4,727.6,22.1,16.0,-1.26,,0,,
382324,TRANSITION,290,100127,440.91,81,179.3,208.3,727.6,22.1,16.0,-1.30,,0,,
383326,TRANSITION,289,100433,626.23,80,167.1,192.1,727.6,22.1,16.0,-1.22,,0,,
384327,TRANSITION,285,99879,2.49,79,146.7,166.8,727.6,22.1,16.0,-1.07,,0,,
385327,TRANSITION,279,100136,239.32,80,146.6,167.0,727.6,22.1,16.0,-1.01,,0,,
386328,TRANSITION,282,99908,-28.37,80,145.4,169.7,727.6,22.1,16.0,-0.94,,0,,
387329,TRANSITION,292,100212,247.44,80,147.2,173.5,727.6,22.1,16.0,-1.01,,0,,
388332,TRANSITION,288,100194,120.47,81,150.0,183.3,727.6,22.1,16.0,-0.98,,0,,
389373,TRANSITION,276,98948,-985.12,81,149.2,188.1,727.6,22.1,16.0,-0.99,,0,,
390412,TRANSITION,278,99899,79.07,81,149.2,188.1,727.6,22.1,16.0,-0.99,,0,,
391413,TRANSITION,656,99317,-553.27,82,149.8,190.2,727.6,22.1,16.0,-0.94,,0,,
392415,TRANSITION,656,99719,-220.41,83,157.6,207.0,727.6,22.1,16.0,-0.94,,0,,
393415,TRANSITION,581,96898,-2628.58,83,157.6,207.0,727.6,22.1,16.0,-0.94,,0,,
394417,TRANSITION,259,94031,-4556.36,83,157.6,207.0,727.6,22.1,16.0,-0.94,,0,,
395418,TRANSITION,256,94353,-3335.93,83,157.6,207.0,727.6,22.1,16.0,-0.94,,0,,
396419,TRANSITION,256,94822,-2141.41,83,157.6,207.0,727.6,22.1,16.0,-0.94,,0,,
397421,TRANSITION,530,93964,-2363.18,83,157.6,207.0,727.6,22.1,16.0,-0.94,,0,,
398422,TRANSITION,656,93473,-2220.52,83,157.6,207.0,727.6,22.1,16.0,-0.94,,0,,
399463,TRANSITION,613,93015,-2064.52,83,157.6,207.0,727.6,22.1,16.0,-0.94,,0,,
400502,TRANSITION,635,90762,-3638.13,83,157.6,207.0,727.6,22.1,16.0,-0.94,,0,,
401506,TRANSITION,656,88948,-4577.37,83,157.6,207.0,727.6,22.1,16.0,-0.94,,0,,
402506,TRANSITION,652,89308,-3303.57,83,157.6,207.0,727.6,22.1,16.0,-0.94,,0,,
403506,TRANSITION,654,90689,-1326.91,83,157.6,207.0,727.6,22.1,16.0,-0.94,,0,,
404506,TRANSITION,658,90465,-1250.41,83,157.6,207.0,727.6,22.1,16.0,-0.94,,0,,
405507,STRESS,656,90688,-840.91,83,157.6,207.0,727.6,22.1,16.0,-0.94,,3,-0.94,Rest
406508,STRESS,652,92806,862.30,83,157.6,207.0,727.6,22.1,16.0,-0.94,,3,-0.94,Rest
407509,STRESS,656,92139,185.84,83,157.6,207.0,727.6,22.1,16.0,-0.94,,3,-0.94,Rest
408510,STRESS,655,91093,-750.86,83,157.6,207.0,727.6,22.1,16.0,-0.94,,3,-0.94,Rest
409512,STRESS,657,90767,-896.84,83,157.6,207.0,727.6,22.1,16.0,-0.94,,3,-0.94,Rest
410512,STRESS,656,90497,-995.80,83,157.6,207.0,727.6,22.1,16.0,-0.94,,3,-0.94,Rest
411513,STRESS,658,90639,-609.29,83,157.6,207.0,727.6,22.1,16.0,-0.94,,3,-0.94,Rest
412514,STRESS,589,91444,293.55,83,157.6,207.0,727.6,22.1,16.0,-0.94,,3,-0.94,Rest
413515,STRESS,560,90481,-623.57,83,157.6,207.0,727.6,22.1,16.0,-0.94,,3,-0.94,Rest
414515,STRESS,616,90171,-743.00,83,157.6,207.0,727.6,22.1,16.0,-0.94,,3,-0.94,Rest
415516,STRESS,624,90101,-655.23,83,157.6,207.0,727.6,22.1,16.0,-0.94,,3,-0.94,Rest
416517,STRESS,546,91066,356.70,83,157.6,207.0,727.6,22.1,16.0,-0.94,,3,-0.94,Rest
417518,STRESS,573,90187,-479.38,83,157.6,207.0,727.6,22.1,16.0,-0.94,,3,-0.94,Rest
418519,STRESS,571,90667,28.80,83,157.6,207.0,727.6,22.1,16.0,-0.94,,3,-0.94,Rest
419520,STRESS,572,90945,247.59,83,157.6,214.3,727.6,22.1,16.0,-0.98,,3,-0.98,Rest
420521,STRESS,590,90811,105.69,84,155.4,213.9,727.6,22.1,16.0,-0.93,,3,-0.93,Rest
421522,STRESS,567,90527,-139.75,84,155.4,213.9,727.6,22.1,16.0,-0.93,,3,-0.93,Rest
422523,STRESS,561,90763,68.12,84,154.9,213.9,727.6,22.1,16.0,-0.91,,3,-0.91,Rest
423526,STRESS,605,91141,360.08,84,154.9,214.4,727.6,22.1,16.0,-0.91,,3,-0.91,Rest
424565,STRESS,583,91100,267.08,82,134.7,189.8,727.6,22.1,16.0,-0.78,,3,-0.78,Rest
425566,STRESS,575,90942,76.58,81,127.6,177.7,727.6,22.1,16.0,-0.80,,3,-0.80,Rest
426568,STRESS,567,90836,-23.93,81,126.7,177.2,727.6,22.1,16.0,-0.77,,3,-0.77,Rest
427568,STRESS,572,90954,83.13,81,127.1,177.1,727.6,22.1,16.0,-0.79,,3,-0.79,Rest
428569,STRESS,574,91209,335.68,81,125.8,176.5,727.6,22.1,16.0,-0.74,,3,-0.74,Rest
429570,STRESS,587,90760,-111.37,81,127.2,160.8,727.6,22.1,16.0,-0.69,,3,-0.69,Rest
430572,STRESS,585,90687,-192.72,79,105.1,159.4,727.6,22.1,16.0,-0.69,,3,-0.69,Rest
431573,STRESS,589,90707,-120.89,78,91.2,144.8,727.6,22.1,16.0,-0.60,,3,-0.60,Rest
432574,STRESS,590,90943,114.71,78,90.4,144.7,727.6,22.1,16.0,-0.58,,3,-0.58,Rest
433575,STRESS,600,90304,-483.48,79,92.0,147.5,727.6,22.1,16.0,-0.53,,3,-0.53,Rest
434576,STRESS,598,90521,-238.51,79,98.9,158.4,727.6,22.1,16.0,-0.72,,3,-0.72,Rest
435576,STRESS,603,90751,57.73,79,98.9,158.4,727.6,22.1,16.0,-0.72,,3,-0.72,Rest
436579,STRESS,596,90959,245.38,78,98.8,160.6,727.6,22.1,16.0,-0.76,,3,-0.76,Rest
437618,STRESS,586,90450,-249.62,78,98.8,159.9,727.6,22.1,16.0,-0.75,,3,-0.75,Rest
438619,STRESS,570,90677,-22.62,78,99.4,159.9,727.6,22.1,16.0,-0.81,,3,-0.81,Rest
439620,STRESS,554,91096,365.80,78,98.1,158.6,727.6,22.1,16.0,-0.83,,3,-0.83,Rest
440622,STRESS,552,91492,679.02,77,97.2,152.8,727.6,22.1,16.0,-0.85,,3,-0.85,Rest
441622,STRESS,565,90985,88.22,79,126.5,171.1,436.7,54.5,32.0,-0.97,-36.93,3,-36.93,Rest
442624,STRESS,555,90839,-81.49,79,126.5,171.1,436.7,54.5,32.0,-0.97,-36.93,3,-36.93,Rest
443625,STRESS,562,91222,259.02,78,121.1,188.1,436.7,54.5,32.0,-1.13,-36.93,3,-36.93,Rest
444625,STRESS,531,91101,93.80,78,121.1,188.1,436.7,54.5,32.0,-1.13,-36.93,3,-36.93,Rest
445626,STRESS,529,90995,-60.45,78,121.1,188.1,436.7,54.5,32.0,-1.13,-36.93,3,-36.93,Rest
446627,STRESS,521,91237,165.03,78,121.1,188.1,436.7,54.5,32.0,-1.13,-36.93,3,-36.93,Rest
447630,STRESS,515,91711,536.72,78,121.1,188.1,436.7,54.5,32.0,-1.13,-36.93,3,-36.93,Rest
448632,STRESS,518,91394,149.53,78,121.1,188.1,436.7,54.5,32.0,-1.13,-36.93,3,-36.93,Rest
449671,STRESS,535,91523,216.52,78,121.1,188.1,436.7,54.5,32.0,-1.13,-36.93,3,-36.93,Rest
450671,STRESS,529,91788,444.84,78,121.1,188.1,436.7,54.5,32.0,-1.13,-36.93,3,-36.93,Rest
451672,STRESS,536,92055,616.73,78,121.1,188.1,436.7,54.5,32.0,-1.13,-36.93,3,-36.93,Rest
452674,STRESS,540,91689,138.62,78,121.0,186.0,436.7,54.5,32.0,-1.10,-36.93,6,-19.01,Rest
453674,STRESS,542,91678,80.06,78,121.0,186.0,436.7,54.5,32.0,-1.10,-36.93,3,-36.93,Rest
454675,STRESS,543,91660,35.94,78,121.0,186.0,436.7,54.5,32.0,-1.10,-36.93,3,-36.93,Rest
455676,STRESS,551,91877,256.09,78,121.0,186.0,436.7,54.5,32.0,-1.10,-36.93,3,-36.93,Rest
456677,STRESS,537,91444,-194.17,78,121.0,186.0,436.7,54.5,32.0,-1.10,-36.93,3,-36.93,Rest
457678,STRESS,528,91773,133.45,78,121.0,186.0,436.7,54.5,32.0,-1.10,-36.93,3,-36.93,Rest
458678,STRESS,530,91873,177.15,78,121.0,186.0,436.7,54.5,32.0,-1.10,-36.93,3,-36.93,Rest
459679,STRESS,528,92081,372.76,78,121.0,186.0,436.7,54.5,32.0,-1.10,-36.93,3,-36.93,Rest
460680,STRESS,535,91205,-486.65,78,121.0,186.0,436.7,54.5,32.0,-1.10,-36.93,3,-36.93,Rest
461681,STRESS,539,91533,-110.05,78,121.0,186.0,436.7,54.5,32.0,-1.10,-36.93,3,-36.93,Rest
462682,STRESS,550,91965,254.44,78,121.0,186.0,436.7,54.5,32.0,-1.10,-36.93,3,-36.93,Rest
463684,STRESS,503,91762,21.10,78,121.0,186.0,436.7,54.5,32.0,-1.10,-36.93,3,-36.93,Rest
464684,STRESS,496,91376,-351.22,78,121.0,186.0,436.7,54.5,32.0,-1.10,-36.93,3,-36.93,Rest
465685,STRESS,506,90569,-1055.84,78,121.0,186.0,436.7,54.5,32.0,-1.10,-36.93,3,-36.93,Rest
466686,STRESS,491,90101,-1271.41,78,121.0,186.0,436.7,54.5,32.0,-1.10,-36.93,3,-36.93,Rest
467687,STRESS,499,91584,359.80,78,121.0,186.0,436.7,54.5,32.0,-1.10,-36.93,3,-36.93,Rest
468688,STRESS,502,90083,-1057.00,78,121.0,186.0,436.7,54.5,32.0,-1.10,-36.93,3,-36.93,Rest
469689,STRESS,503,89480,-1290.53,78,121.0,186.0,436.7,54.5,32.0,-1.10,-36.93,3,-36.93,Rest
470690,STRESS,505,89971,-585.45,78,121.0,186.0,436.7,54.5,32.0,-1.10,-36.93,3,-36.93,Rest
471691,STRESS,501,90634,100.22,78,121.0,186.0,436.7,54.5,32.0,-1.10,-36.93,3,-36.93,Rest
472693,STRESS,503,90434,-89.94,78,121.0,186.0,436.7,54.5,32.0,-1.10,-36.93,3,-36.93,Rest
473693,STRESS,503,90158,-317.87,78,121.0,186.0,436.7,54.5,32.0,-1.10,-36.93,3,-36.93,Rest
474694,STRESS,500,90308,-111.15,78,121.0,186.0,436.7,54.5,32.0,-1.10,-36.93,3,-36.93,Rest
475695,STRESS,500,90147,-232.47,78,121.0,186.0,436.7,54.5,32.0,-1.10,-36.93,3,-36.93,Rest
476698,STRESS,510,90332,-38.51,78,121.0,186.0,436.7,54.5,32.0,-1.10,-36.93,3,-36.93,Rest
477737,STRESS,505,89987,-333.39,78,121.0,186.0,480.7,115.4,30.0,-1.10,-25.06,3,-25.06,Rest
478738,STRESS,505,90322,56.92,78,121.0,186.0,480.7,115.4,30.0,-1.10,-25.06,3,-25.06,Rest
479739,STRESS,510,90036,-195.62,78,121.0,186.0,480.7,115.4,30.0,-1.10,-25.06,3,-25.06,Rest
480740,STRESS,499,90133,-49.15,78,121.0,186.0,480.7,115.4,30.0,-1.10,-25.06,3,-25.06,Rest
481741,STRESS,492,89918,-215.36,78,121.0,186.0,480.7,115.4,30.0,-1.10,-25.06,3,-25.06,Rest
482741,STRESS,495,90645,519.45,78,121.0,186.0,480.7,115.4,30.0,-1.10,-25.06,3,-25.06,Rest
483742,STRESS,500,89934,-179.86,78,118.7,182.3,480.7,115.4,30.0,-1.10,-25.06,6,-13.08,Rest
484743,STRESS,502,89406,-628.52,78,118.7,182.3,480.7,115.4,30.0,-1.10,-25.06,6,-13.08,Rest
485746,STRESS,504,89861,-101.83,78,118.7,182.3,480.7,115.4,30.0,-1.10,-25.06,6,-13.08,Rest
486746,STRESS,492,90035,107.42,78,118.7,182.3,480.7,115.4,30.0,-1.10,-25.06,6,-13.08,Rest
487746,STRESS,496,89481,-371.58,78,118.7,182.3,480.7,115.4,30.0,-1.10,-25.06,6,-13.08,Rest
488747,STRESS,509,89736,-55.99,78,118.7,182.3,480.7,115.4,30.0,-1.10,-25.06,6,-13.08,Rest
489748,STRESS,493,90175,391.30,78,118.7,182.3,480.7,115.4,30.0,-1.10,-25.06,6,-13.08,Rest
490749,STRESS,512,90088,147.72,78,118.8,167.4,480.7,115.4,30.0,-1.00,-25.06,3,-25.06,Rest
491750,STRESS,522,89530,-404.45,78,118.8,167.4,480.7,115.4,30.0,-1.00,-25.06,3,-25.06,Rest
492751,STRESS,526,89659,-209.74,78,118.8,167.4,480.7,115.4,30.0,-1.00,-25.06,3,-25.06,Rest
493752,STRESS,504,89953,103.87,78,118.8,167.4,480.7,115.4,30.0,-1.00,-25.06,3,-25.06,Rest
494753,STRESS,495,89879,22.14,78,118.8,167.4,480.7,115.4,30.0,-1.00,-25.06,3,-25.06,Rest
495754,STRESS,501,89952,34.68,78,118.8,167.4,480.7,115.4,30.0,-1.00,-25.06,3,-25.06,Rest
496755,STRESS,503,90076,148.38,78,118.8,167.4,480.7,115.4,30.0,-1.00,-25.06,3,-25.06,Rest
497756,STRESS,488,90354,374.36,78,118.8,167.4,480.7,115.4,30.0,-1.00,-25.06,3,-25.06,Rest
498757,STRESS,497,90675,563.48,78,118.8,167.4,480.7,115.4,30.0,-1.00,-25.06,3,-25.06,Rest
499759,STRESS,489,90460,270.45,78,118.8,167.4,480.7,115.4,30.0,-1.00,-25.06,3,-25.06,Rest
500798,STRESS,515,90326,77.78,78,118.8,167.4,480.7,115.4,30.0,-1.00,-25.06,3,-25.06,Rest
501799,STRESS,532,90446,125.64,76,102.6,156.6,480.7,115.4,30.0,-0.98,-25.06,6,-13.02,Rest
502800,STRESS,533,90400,70.82,76,102.5,157.2,480.7,115.4,30.0,-1.00,-25.06,6,-13.03,Rest
503801,STRESS,552,90543,195.65,76,102.9,156.7,480.7,115.4,30.0,-1.02,-25.06,6,-13.04,Rest
504802,STRESS,546,90210,-136.82,76,102.8,156.1,480.7,115.4,30.0,-1.02,-25.06,6,-13.04,Rest
505803,STRESS,536,90023,-298.76,76,106.3,160.3,480.7,115.4,30.0,-1.03,-25.06,6,-13.05,Rest
506803,STRESS,544,90273,-1.16,76,106.3,160.3,480.7,115.4,30.0,-1.03,-25.06,6,-13.05,Rest
507804,STRESS,549,90445,161.82,76,106.3,160.3,480.7,115.4,30.0,-1.03,-25.06,6,-13.05,Rest
508806,STRESS,545,90324,44.15,76,106.3,162.9,480.7,115.4,30.0,-1.05,-25.06,6,-13.05,Rest
509806,STRESS,553,90039,-225.51,76,106.3,163.0,480.7,115.4,30.0,-1.05,-25.06,6,-13.05,Rest
510807,STRESS,547,90189,-75.70,76,106.7,163.2,480.7,115.4,30.0,-1.07,-25.06,6,-13.06,Rest
511808,STRESS,537,90634,345.04,76,107.2,163.0,480.7,115.4,30.0,-1.08,-25.06,6,-13.07,Rest
512809,STRESS,533,90607,279.27,76,107.1,162.5,480.7,115.4,30.0,-1.09,-25.06,6,-13.08,Rest
513810,STRESS,547,90160,-171.66,77,118.2,171.6,516.3,120.9,40.0,-1.12,-17.79,6,-9.45,Rest
514811,STRESS,539,89845,-435.09,77,118.2,171.6,516.3,120.9,40.0,-1.12,-17.79,6,-9.45,Rest
515812,STRESS,558,90131,-84.66,77,118.2,171.6,516.3,120.9,40.0,-1.12,-17.79,6,-9.45,Rest
516813,STRESS,549,90097,-60.24,77,118.2,171.6,516.3,120.9,40.0,-1.12,-17.79,6,-9.45,Rest
517814,STRESS,539,89725,-372.11,77,118.2,171.6,516.3,120.9,40.0,-1.12,-17.79,6,-9.45,Rest
518815,STRESS,542,90066,-15.95,77,118.2,171.6,516.3,120.9,40.0,-1.12,-17.79,6,-9.45,Rest
519815,STRESS,547,90190,106.84,77,118.2,179.8,516.3,120.9,40.0,-1.18,-17.79,6,-9.49,Rest
520816,STRESS,541,90484,348.29,77,118.7,179.9,516.3,120.9,40.0,-1.20,-17.79,6,-9.50,Rest
521818,STRESS,542,90528,329.68,76,116.1,168.4,516.3,120.9,40.0,-1.17,-17.79,6,-9.48,Rest
522818,STRESS,556,90186,-27.01,77,111.9,167.2,516.3,120.9,40.0,-1.04,-17.79,6,-9.42,Rest
523820,STRESS,552,90279,34.13,77,113.4,169.8,516.3,120.9,40.0,-1.10,-17.79,6,-9.45,Rest
524821,STRESS,539,90279,36.51,77,113.9,172.1,516.3,120.9,40.0,-1.09,-17.79,6,-9.44,Rest
525821,STRESS,548,89915,-293.29,77,113.8,173.4,516.3,120.9,40.0,-1.09,-17.79,6,-9.44,Rest
526823,STRESS,562,89792,-360.52,77,113.8,173.4,516.3,120.9,40.0,-1.09,-17.79,6,-9.44,Rest
527824,STRESS,570,89978,-152.97,77,113.8,173.4,516.3,120.9,40.0,-1.09,-17.79,6,-9.44,Rest
528824,STRESS,578,89887,-178.48,77,113.8,173.4,516.3,120.9,40.0,-1.09,-17.79,6,-9.44,Rest
529824,STRESS,581,90558,473.17,77,113.8,173.4,516.3,120.9,40.0,-1.09,-17.79,6,-9.44,Rest
530825,STRESS,574,90462,231.00,78,118.2,179.0,516.3,120.9,40.0,-1.09,-17.79,6,-9.44,Rest
531829,STRESS,564,90353,46.96,80,133.6,151.2,516.3,120.9,40.0,-0.79,-17.79,6,-9.29,Rest
532868,STRESS,566,90459,119.55,78,106.0,135.7,516.3,120.9,40.0,-0.68,-17.79,3,-17.79,Rest
533871,STRESS,569,90420,71.01,78,106.0,135.7,516.3,120.9,40.0,-0.68,-17.79,3,-17.79,Rest
534909,STRESS,570,90433,70.07,78,106.0,135.7,516.3,120.9,40.0,-0.68,-17.79,3,-17.79,Rest
535911,STRESS,572,90223,-141.03,78,106.0,135.7,516.3,120.9,40.0,-0.68,-17.79,3,-17.79,Rest
536912,STRESS,573,99557,8112.34,78,106.0,135.7,516.3,120.9,40.0,-0.68,-17.79,3,-17.79,Rest
537912,STRESS,576,94288,1816.80,78,106.0,135.7,516.3,120.9,40.0,-0.68,-17.79,3,-17.79,Rest
538913,STRESS,575,93540,751.09,78,106.0,135.7,516.3,120.9,40.0,-0.68,-17.79,3,-17.79,Rest
539913,STRESS,575,93789,773.59,78,106.0,135.7,516.3,120.9,40.0,-0.68,-17.79,3,-17.79,Rest
540914,STRESS,578,93611,455.82,78,106.0,135.7,516.3,120.9,40.0,-0.68,-17.79,3,-17.79,Rest
541916,STRESS,576,93348,117.90,78,106.0,135.7,516.3,120.9,40.0,-0.68,-17.79,3,-17.79,Rest
542916,STRESS,572,92148,-964.98,78,106.0,135.7,516.3,120.9,40.0,-0.68,-17.79,3,-17.79,Rest
543918,STRESS,565,91665,-1211.86,78,106.0,135.7,516.3,120.9,40.0,-0.68,-17.79,3,-17.79,Rest
544919,STRESS,569,92097,-579.87,78,106.0,135.7,516.3,120.9,40.0,-0.68,-17.79,3,-17.79,Rest
545920,STRESS,568,92386,-161.77,78,106.0,135.7,516.3,120.9,40.0,-0.68,-17.79,3,-17.79,Rest
546920,STRESS,568,92086,-367.10,78,106.0,135.7,516.3,120.9,40.0,-0.68,-17.79,3,-17.79,Rest
547922,STRESS,569,92009,-365.83,78,106.0,135.7,516.3,120.9,40.0,-0.68,-17.79,3,-17.79,Rest
548922,STRESS,565,92237,-68.72,78,106.0,135.7,516.3,120.9,40.0,-0.68,-17.79,3,-17.79,Rest
549923,STRESS,580,91854,-388.79,78,106.0,135.7,469.1,73.2,30.0,-0.68,-30.83,3,-30.83,Rest
550923,STRESS,574,91921,-279.17,78,106.0,135.7,469.1,73.2,30.0,-0.68,-30.83,3,-30.83,Rest
551924,STRESS,566,90932,-1150.21,78,106.0,135.7,469.1,73.2,30.0,-0.68,-30.83,3,-30.83,Rest
552925,STRESS,570,92335,409.19,78,106.0,135.7,469.1,73.2,30.0,-0.68,-30.83,3,-30.83,Rest
553926,STRESS,576,95375,3403.02,78,106.0,135.7,469.1,73.2,30.0,-0.68,-30.83,3,-30.83,Rest
554927,STRESS,572,90953,-1202.88,78,106.0,135.7,469.1,73.2,30.0,-0.68,-30.83,3,-30.83,Rest
555928,STRESS,577,91284,-603.45,78,106.0,135.7,469.1,73.2,30.0,-0.68,-30.83,3,-30.83,Rest
556929,STRESS,570,94322,2426.52,78,106.0,135.7,469.1,73.2,30.0,-0.68,-30.83,3,-30.83,Rest
557930,STRESS,581,99001,6083.93,78,106.0,135.7,469.1,73.2,30.0,-0.68,-30.83,3,-30.83,Rest
558930,STRESS,580,98552,4297.52,78,106.0,135.7,469.1,73.2,30.0,-0.68,-30.83,3,-30.83,Rest
559931,STRESS,578,97962,2823.82,78,106.0,135.7,469.1,73.2,30.0,-0.68,-30.83,3,-30.83,Rest
560932,STRESS,585,96585,973.52,78,106.0,135.7,469.1,73.2,30.0,-0.68,-30.83,3,-30.83,Rest
561933,STRESS,586,96188,340.11,78,106.0,135.7,469.1,73.2,30.0,-0.68,-30.83,3,-30.83,Rest
562934,STRESS,582,96870,887.06,78,106.0,135.7,469.1,73.2,30.0,-0.68,-30.83,3,-30.83,Rest
563935,STRESS,583,97484,1341.35,78,106.0,135.7,469.1,73.2,30.0,-0.68,-30.83,3,-30.83,Rest
564936,STRESS,588,99188,2396.41,79,106.9,137.2,469.1,73.2,30.0,-0.65,-30.83,6,-15.74,Rest
565938,STRESS,588,99577,2177.27,78,107.8,140.4,469.1,73.2,30.0,-0.71,-30.83,6,-15.77,Rest
566938,STRESS,597,100073,2099.17,78,108.6,139.2,469.1,73.2,30.0,-0.74,-30.83,6,-15.78,Rest
567939,STRESS,597,100126,1737.93,78,107.9,139.3,469.1,73.2,30.0,-0.72,-30.83,6,-15.77,Rest
568940,STRESS,602,99852,1072.02,78,109.8,144.9,469.1,73.2,30.0,-0.75,-30.83,6,-15.79,Rest
569940,STRESS,604,99600,636.73,78,112.6,149.5,469.1,73.2,30.0,-0.83,-30.83,6,-15.83,Rest
570941,STRESS,617,99855,667.84,78,112.6,151.0,469.1,73.2,30.0,-0.84,-30.83,6,-15.84,Rest
571943,STRESS,612,99947,602.34,78,112.0,146.3,469.1,73.2,30.0,-0.79,-30.83,6,-15.81,Rest
572944,STRESS,614,99733,334.96,77,110.0,143.5,469.1,73.2,30.0,-0.84,-30.83,6,-15.83,Rest
573945,STRESS,607,98090,-1156.02,77,110.0,143.5,469.1,73.2,30.0,-0.84,-30.83,6,-15.83,Rest
574946,STRESS,613,97427,-1555.77,77,110.0,143.5,469.1,73.2,30.0,-0.84,-30.83,6,-15.83,Rest
575947,STRESS,607,97793,-857.31,77,110.0,143.5,469.1,73.2,30.0,-0.84,-30.83,6,-15.83,Rest
576948,STRESS,599,96080,-2261.55,77,110.0,143.5,469.1,73.2,30.0,-0.84,-30.83,6,-15.83,Rest
577948,STRESS,593,95578,-2214.56,77,110.0,143.5,469.1,73.2,30.0,-0.84,-30.83,6,-15.83,Rest
578950,STRESS,584,96175,-1295.52,77,110.0,143.5,469.1,73.2,30.0,-0.84,-30.83,6,-15.83,Rest
579950,STRESS,589,96171,-1031.84,77,110.0,143.5,469.1,73.2,30.0,-0.84,-30.83,6,-15.83,Rest
580951,STRESS,590,95885,-1074.05,77,110.0,143.5,469.1,73.2,30.0,-0.84,-30.83,6,-15.83,Rest
581952,STRESS,580,96534,-252.45,77,110.0,143.5,469.1,73.2,30.0,-0.84,-30.83,6,-15.83,Rest
582955,STRESS,594,96099,-534.46,77,110.0,143.5,469.1,73.2,30.0,-0.84,-30.83,6,-15.83,Rest
583993,STRESS,604,95455,-996.12,77,110.0,143.5,469.1,73.2,30.0,-0.84,-30.83,6,-15.83,Rest
584995,STRESS,600,96628,170.70,77,110.0,143.5,469.1,73.2,30.0,-0.84,-30.83,6,-15.83,Rest
585996,STRESS,616,99628,2624.77,77,110.0,143.5,439.4,47.3,20.0,-0.84,-39.25,6,-20.04,Rest
586996,STRESS,619,98728,1342.55,78,109.9,144.1,439.4,47.3,20.0,-0.82,-39.25,6,-20.03,Rest
587999,STRESS,616,97579,18.79,78,109.3,144.3,439.4,47.3,20.0,-0.81,-39.25,6,-20.03,Rest
589037,STRESS,615,97608,4.08,78,108.5,144.3,439.4,47.3,20.0,-0.77,-39.25,6,-20.01,Rest
590039,STRESS,619,98493,781.62,78,108.6,144.4,439.4,47.3,20.0,-0.77,-39.25,6,-20.01,Rest
591039,STRESS,618,99181,1326.09,77,97.9,122.0,439.4,47.3,20.0,-0.68,-39.25,6,-19.96,Rest
592041,STRESS,617,97505,-433.13,77,97.9,121.9,439.4,47.3,20.0,-0.68,-39.25,6,-19.96,Rest
593041,STRESS,615,97109,-740.65,77,98.0,121.3,439.4,47.3,20.0,-0.68,-39.25,6,-19.96,Rest
594043,STRESS,618,98134,275.04,77,97.9,120.6,439.4,47.3,20.0,-0.69,-39.25,6,-19.97,Rest
595044,STRESS,612,98514,656.81,77,97.4,118.5,439.4,47.3,20.0,-0.66,-39.25,6,-19.95,Rest
596044,STRESS,613,96742,-1003.95,77,95.5,111.0,439.4,47.3,20.0,-0.61,-39.25,6,-19.93,Rest
597045,STRESS,609,96836,-770.05,76,94.9,109.3,439.4,47.3,20.0,-0.61,-39.25,6,-19.93,Rest
598046,STRESS,608,97662,157.65,76,94.9,101.0,439.4,47.3,20.0,-0.56,-39.25,6,-19.90,Rest
599049,STRESS,609,98522,923.62,76,88.4,101.1,439.4,47.3,20.0,-0.58,-39.25,6,-19.91,Rest
600087,STRESS,609,96042,-1471.88,74,48.6,80.8,439.4,47.3,20.0,-0.34,-39.25,6,-19.79,Rest
601088,STRESS,612,97061,-335.34,74,48.9,79.1,439.4,47.3,20.0,-0.35,-39.25,6,-19.80,Rest
602091,STRESS,617,98158,743.91,74,43.5,74.9,439.4,47.3,20.0,-0.31,-39.25,6,-19.78,Rest
603130,STRESS,616,96958,-500.88,74,46.7,74.9,439.4,47.3,20.0,-0.26,-39.25,6,-19.75,Rest
604131,STRESS,621,97641,162.36,76,91.4,90.6,439.4,47.3,20.0,-0.46,-39.25,6,-19.85,Rest
605132,STRESS,622,97283,-273.62,76,93.9,132.9,439.4,47.3,20.0,-0.82,-39.25,6,-20.03,Rest
606133,STRESS,612,96151,-1155.88,76,93.9,132.9,439.4,47.3,20.0,-0.82,-39.25,6,-20.03,Rest
607134,STRESS,616,97377,165.72,76,93.9,132.9,439.4,47.3,20.0,-0.82,-39.25,6,-20.03,Rest
608135,STRESS,617,97426,72.59,76,90.6,132.8,439.4,47.3,20.0,-0.76,-39.25,3,-39.25,Rest
609135,STRESS,611,95520,-1588.54,76,90.6,132.8,439.4,47.3,20.0,-0.76,-39.25,3,-39.25,Rest
610137,STRESS,615,95635,-1040.77,76,90.6,132.8,439.4,47.3,20.0,-0.76,-39.25,3,-39.25,Rest
611137,STRESS,608,94824,-1460.11,76,90.6,132.8,439.4,47.3,20.0,-0.76,-39.25,3,-39.25,Rest
612138,STRESS,608,94387,-1429.50,76,90.6,132.8,439.4,47.3,20.0,-0.76,-39.25,3,-39.25,Rest
613139,STRESS,607,94192,-1286.62,76,90.6,132.8,439.4,47.3,20.0,-0.76,-39.25,3,-39.25,Rest
614140,STRESS,605,94155,-1084.70,76,90.6,132.8,439.4,47.3,20.0,-0.76,-39.25,3,-39.25,Rest
615141,STRESS,607,92431,-2332.58,76,90.6,132.8,439.4,47.3,20.0,-0.76,-39.25,3,-39.25,Rest
616142,STRESS,607,92687,-1580.27,76,90.6,132.8,439.4,47.3,20.0,-0.76,-39.25,3,-39.25,Rest
617142,STRESS,608,91874,-1992.23,76,90.6,132.8,439.4,47.3,20.0,-0.76,-39.25,3,-39.25,Rest
618143,STRESS,604,91775,-1692.72,76,90.6,132.8,439.4,47.3,20.0,-0.76,-39.25,3,-39.25,Rest
619144,STRESS,606,91884,-1280.62,76,90.6,132.8,439.4,47.3,20.0,-0.76,-39.25,3,-39.25,Rest
620145,STRESS,607,92114,-776.07,76,90.6,132.8,439.4,47.3,20.0,-0.76,-39.25,3,-39.25,Rest
621146,STRESS,605,93132,367.12,76,90.6,132.8,439.4,47.3,20.0,-0.76,-39.25,3,-39.25,Rest
622147,STRESS,604,92064,-655.77,76,90.6,132.8,413.0,20.7,22.0,-0.76,-45.27,3,-45.27,Rest
623148,STRESS,608,92106,-543.51,76,90.6,132.8,413.0,20.7,22.0,-0.76,-45.27,3,-45.27,Rest
624149,STRESS,602,92063,-507.41,76,90.6,132.8,413.0,20.7,22.0,-0.76,-45.27,3,-45.27,Rest
625150,STRESS,604,92094,-331.48,76,90.6,132.8,413.0,20.7,22.0,-0.76,-45.27,3,-45.27,Rest
626150,STRESS,605,92256,-17.46,76,90.6,132.8,413.0,20.7,22.0,-0.76,-45.27,3,-45.27,Rest
627151,STRESS,602,90864,-1252.76,76,90.6,132.8,413.0,20.7,22.0,-0.76,-45.27,3,-45.27,Rest
628153,STRESS,603,90885,-967.66,76,90.6,132.8,413.0,20.7,22.0,-0.76,-45.27,3,-45.27,Rest
629153,STRESS,602,91313,-360.91,76,90.6,132.8,413.0,20.7,22.0,-0.76,-45.27,3,-45.27,Rest
630156,STRESS,602,90794,-765.00,76,90.6,132.8,413.0,20.7,22.0,-0.76,-45.27,3,-45.27,Rest
631197,STRESS,604,90023,-1314.15,76,90.6,132.8,413.0,20.7,22.0,-0.76,-45.27,3,-45.27,Rest
632235,STRESS,606,89421,-1516.22,76,90.6,132.8,413.0,20.7,22.0,-0.76,-45.27,3,-45.27,Rest
633239,STRESS,606,90212,-492.64,76,90.6,132.8,413.0,20.7,22.0,-0.76,-45.27,3,-45.27,Rest
634279,STRESS,605,91206,576.84,76,90.6,132.8,413.0,20.7,22.0,-0.76,-45.27,3,-45.27,Rest
635279,STRESS,603,90441,-225.28,76,90.6,132.8,413.0,20.7,22.0,-0.76,-45.27,3,-45.27,Rest
636279,STRESS,602,90803,151.79,76,90.6,132.8,413.0,20.7,22.0,-0.76,-45.27,3,-45.27,Rest
637280,STRESS,603,91101,426.98,76,90.6,132.8,413.0,20.7,22.0,-0.76,-45.27,3,-45.27,Rest
638281,STRESS,607,91197,410.09,76,90.6,132.8,413.0,20.7,22.0,-0.76,-45.27,3,-45.27,Rest
639284,STRESS,604,90655,-191.19,76,90.6,132.8,413.0,20.7,22.0,-0.76,-45.27,3,-45.27,Rest
640323,STRESS,603,89718,-978.16,76,90.6,132.8,413.0,20.7,22.0,-0.76,-45.27,3,-45.27,Rest
641323,STRESS,604,90214,-370.75,76,90.6,132.8,413.0,20.7,22.0,-0.76,-45.27,3,-45.27,Rest
642324,STRESS,602,90119,-358.14,76,90.6,132.8,413.0,20.7,22.0,-0.76,-45.27,3,-45.27,Rest
643326,STRESS,605,89720,-616.03,76,90.6,132.8,413.0,20.7,22.0,-0.76,-45.27,3,-45.27,Rest
644326,STRESS,605,90464,193.09,76,90.6,132.8,413.0,20.7,22.0,-0.76,-45.27,3,-45.27,Rest
645327,STRESS,603,89624,-608.28,76,90.6,132.8,413.0,20.7,22.0,-0.76,-45.27,3,-45.27,Rest
646328,STRESS,605,89249,-814.90,76,90.6,132.8,413.0,20.7,22.0,-0.76,-45.27,3,-45.27,Rest
647329,STRESS,608,90132,178.79,76,90.6,132.8,413.0,20.7,22.0,-0.76,-45.27,3,-45.27,Rest
648329,STRESS,606,89932,-30.66,76,90.6,132.8,413.0,20.7,22.0,-0.76,-45.27,3,-45.27,Rest
649331,STRESS,605,89930,-40.31,76,90.6,132.8,413.0,20.7,22.0,-0.76,-45.27,3,-45.27,Rest
650331,STRESS,590,90483,497.59,76,90.6,132.8,413.0,20.7,22.0,-0.76,-45.27,3,-45.27,Rest
651332,STRESS,574,89920,-87.71,76,90.6,132.8,413.0,20.7,22.0,-0.76,-45.27,3,-45.27,Rest
652333,STRESS,587,89786,-170.74,76,90.7,133.0,413.0,20.7,22.0,-0.74,-45.27,6,-23.01,Rest
653334,STRESS,592,89402,-506.45,76,90.7,133.0,413.0,20.7,22.0,-0.74,-45.27,6,-23.01,Rest
654335,STRESS,591,89173,-532.72,76,90.7,133.0,413.0,20.7,22.0,-0.74,-45.27,6,-23.01,Rest
655336,STRESS,575,89295,-265.05,76,90.7,133.0,413.0,20.7,22.0,-0.74,-45.27,6,-23.01,Rest
656337,STRESS,603,88767,-628.55,76,90.7,133.0,413.0,20.7,22.0,-0.74,-45.27,6,-23.01,Rest
657337,STRESS,607,89080,-265.05,76,90.7,133.0,413.0,20.7,22.0,-0.74,-45.27,6,-23.01,Rest
658338,STRESS,608,88644,-601.03,76,90.7,133.0,418.5,32.0,22.0,-0.74,-43.39,6,-22.07,Rest
659339,STRESS,607,88533,-580.27,76,90.7,133.0,418.5,32.0,22.0,-0.74,-43.39,6,-22.07,Rest
660341,STRESS,607,88508,-503.04,76,90.7,133.0,418.5,32.0,22.0,-0.74,-43.39,6,-22.07,Rest
661341,STRESS,617,88591,-297.98,76,90.7,133.0,418.5,32.0,22.0,-0.74,-43.39,6,-22.07,Rest
662343,STRESS,608,88918,63.03,76,90.7,133.0,418.5,32.0,22.0,-0.74,-43.39,6,-22.07,Rest
663344,STRESS,612,89131,276.16,76,90.7,133.0,418.5,32.0,22.0,-0.74,-43.39,6,-22.07,Rest
664344,STRESS,610,88563,-278.61,76,92.5,136.7,418.5,32.0,22.0,-0.80,-43.39,6,-22.09,Rest
665345,STRESS,604,88461,-330.45,76,93.0,136.9,418.5,32.0,22.0,-0.82,-43.39,6,-22.10,Rest
666346,STRESS,598,88616,-132.98,76,93.2,136.1,418.5,32.0,22.0,-0.84,-43.39,6,-22.11,Rest
667347,STRESS,604,88711,5.18,76,92.8,136.1,418.5,32.0,22.0,-0.82,-43.39,6,-22.11,Rest
668349,STRESS,590,88303,-350.35,76,93.1,136.0,418.5,32.0,22.0,-0.85,-43.39,6,-22.12,Rest
669349,STRESS,583,87992,-575.70,76,93.1,136.0,418.5,32.0,22.0,-0.85,-43.39,6,-22.12,Rest
670351,STRESS,591,87977,-490.50,76,93.1,136.0,418.5,32.0,22.0,-0.85,-43.39,6,-22.12,Rest
671351,STRESS,594,88017,-336.05,76,93.1,136.0,418.5,32.0,22.0,-0.85,-43.39,6,-22.12,Rest
672352,STRESS,596,88031,-215.29,76,93.1,136.0,418.5,32.0,22.0,-0.85,-43.39,6,-22.12,Rest
673353,STRESS,595,87120,-1022.84,76,93.1,136.0,418.5,32.0,22.0,-0.85,-43.39,6,-22.12,Rest
674353,STRESS,590,86788,-1014.61,76,93.1,136.0,418.5,32.0,22.0,-0.85,-43.39,6,-22.12,Rest
675355,DONE,596,87687,59.16,76,93.1,136.0,418.5,32.0,22.0,-0.85,,0,,
676359,DONE,589,87163,-490.60,76,102.1,142.9,418.5,32.0,22.0,-0.85,,0,,
677396,DONE,589,87609,70.43,76,102.1,142.9,418.5,32.0,22.0,-0.85,,0,,
678397,DONE,614,100518,11151.87,76,102.1,142.9,418.5,32.0,22.0,-0.85,,0,,
679398,DONE,631,97631,6195.74,76,102.1,142.9,418.5,32.0,22.0,-0.85,,0,,
680400,DONE,635,95125,2717.39,76,102.1,142.9,418.5,32.0,22.0,-0.85,,0,,
681402,DONE,644,95500,2448.00,76,102.1,142.9,418.5,32.0,22.0,-0.85,,0,,
682403,DONE,641,94667,1215.57,76,102.1,142.9,418.5,32.0,22.0,-0.85,,0,,
