timestamp,mode,raw_gsr,ir_raw,filtered_ppg,ppg_mean_hr,ppg_sdnn,ppg_rmssd,gsr_scl,gsr_scr_amp,gsr_scr_freq,ppg_sdnn_z,ppg_rmssd_z,gsr_scl_z,gsr_scr_amp_z,gsr_scr_freq_z,final_ppg_stress_z,final_gsr_stress_z,valid_feature_count,integrated_stress_z,integrated_state
0,STABILIZING,336,93085,0.00,,,,,,,,,,,,,,0,,
1009,STABILIZING,344,92106,-888.84,,,,,,,,,,,,,,0,,
2010,STABILIZING,346,92232,-541.48,,,,,,,,,,,,,,0,,
3011,STABILIZING,315,92194,-482.92,,,,,,,,,,,,,,0,,
4012,STABILIZING,310,91686,-827.80,,,,,,,,,,,,,,0,,
5052,STABILIZING,318,92294,-169.27,,,,,,,,,,,,,,0,,
6053,STABILIZING,324,92743,303.53,,,,,,,,,,,,,,0,,
7053,STABILIZING,330,92234,-168.19,,,,,,,,,,,,,,0,,
8055,STABILIZING,331,92071,-229.09,,,,,,,,,,,,,,0,,
9093,STABILIZING,331,91628,-413.29,,,,,,,,,,,,,,0,,
10094,STABILIZING,337,92220,278.70,,,,,,,,,,,,,,0,,
11095,STABILIZING,340,92190,191.48,,,,,,,,,,,,,,0,,
12135,STABILIZING,343,92447,373.30,,,,,,,,,,,,,,0,,
13137,STABILIZING,345,91710,-387.37,,,,,,,,,,,,,,0,,
14176,STABILIZING,347,91289,-785.11,,,,,,,,,,,,,,0,,
15177,CALIBRATION,349,92056,58.16,,,,,,,,,,,,,,0,,
16178,CALIBRATION,350,92284,312.09,,,,,,,,,,,,,,0,,
17179,CALIBRATION,351,91732,-265.20,,,,,,,,,,,,,,0,,
18179,CALIBRATION,353,91467,-387.29,,,,,,,,,,,,,,0,,
19219,CALIBRATION,355,91160,-623.13,,,,,,,,,,,,,,0,,
20219,CALIBRATION,356,91385,-328.26,,,,,,,,,,,,,,0,,
21221,CALIBRATION,361,91092,-565.95,,,,,,,,,,,,,,0,,
22260,CALIBRATION,360,91752,105.29,,,,,,,,,,,,,,0,,
23261,CALIBRATION,362,92083,406.45,,,,,,,,,,,,,,0,,
24262,CALIBRATION,366,92370,596.57,,,,,,,,,,,,,,0,,
25263,CALIBRATION,370,92100,210.14,119,64.3,65.4,,,,,,,,,,,0,,
26263,CALIBRATION,373,91546,-331.27,108,122.0,117.5,,,,,,,,,,,0,,
27264,CALIBRATION,378,90951,-831.29,108,122.0,117.5,,,,,,,,,,,0,,
28303,CALIBRATION,382,90952,-680.34,108,122.0,117.5,,,,,,,,,,,0,,
29304,CALIBRATION,384,91498,31.09,108,122.0,117.5,,,,,,,,,,,0,,
30306,CALIBRATION,390,92395,831.43,108,122.0,117.5,,,,,,,,,,,0,,
31345,CALIBRATION,391,92707,898.23,108,122.0,117.5,,,,,,,,,,,0,,
32346,CALIBRATION,393,91754,-77.60,108,122.0,117.5,,,,,,,,,,,0,,
33346,CALIBRATION,394,90089,-1531.20,108,122.0,117.5,,,,,,,,,,,0,,
34347,CALIBRATION,393,89596,-1633.16,108,122.0,117.5,,,,,,,,,,,0,,
35348,CALIBRATION,393,90628,-371.49,108,122.0,117.5,,,,,,,,,,,0,,
36348,CALIBRATION,398,90977,61.49,108,122.0,117.5,,,,,,,,,,,0,,
37349,CALIBRATION,399,91269,287.14,108,122.0,117.5,,,,,,,,,,,0,,
38350,CALIBRATION,400,91609,540.26,108,122.0,117.5,,,,,,,,,,,0,,
39351,CALIBRATION,403,91372,184.45,108,122.0,117.5,,,,,,,,,,,0,,
40352,CALIBRATION,407,91617,355.87,108,122.0,117.5,,,,,,,,,,,0,,
41391,CALIBRATION,412,91553,237.27,108,122.0,117.5,,,,,,,,,,,0,,
42392,CALIBRATION,416,91548,217.59,108,122.0,117.5,,,,,,,,,,,0,,
43393,CALIBRATION,419,91169,-242.87,108,122.0,117.5,,,,,,,,,,,0,,
44394,CALIBRATION,421,91513,76.04,108,122.0,117.5,,,,,,,,,,,0,,
45394,CALIBRATION,421,91543,109.53,108,122.0,117.5,,,,,,,,,,,0,,
46395,CALIBRATION,421,91485,63.87,108,122.0,117.5,,,,,,,,,,,0,,
47395,CALIBRATION,427,90980,-413.84,108,122.0,117.5,,,,,,,,,,,0,,
48396,CALIBRATION,436,85119,-5892.18,108,122.0,117.5,,,,,,,,,,,0,,
49397,CALIBRATION,437,88189,-1905.90,108,122.0,117.5,,,,,,,,,,,0,,
50397,CALIBRATION,441,89155,-594.66,108,122.0,117.5,,,,,,,,,,,0,,
51401,CALIBRATION,443,89152,-450.56,108,122.0,117.5,,,,,,,,,,,0,,
52440,CALIBRATION,446,89378,-120.16,108,122.0,117.5,,,,,,,,,,,0,,
53440,CALIBRATION,450,90001,428.38,108,113.0,141.6,,,,,,,,,,,0,,
54441,CALIBRATION,453,91066,1259.88,108,99.7,124.9,,,,,,,,,,,0,,
55441,CALIBRATION,456,90791,790.30,108,94.5,118.5,,,,,,,,,,,0,,
56442,CALIBRATION,460,91130,862.59,108,86.3,108.2,,,,,,,,,,,0,,
57446,CALIBRATION,464,90952,506.77,108,81.4,103.2,,,,,,,,,,,0,,
58483,CALIBRATION,468,90467,-49.59,108,76.7,99.0,,,,,,,,,,,0,,
59484,CALIBRATION,472,90762,212.59,107,73.0,94.3,,,,,,,,,,,0,,
60486,CALIBRATION,476,90609,70.86,107,71.1,91.8,,,,,,,,,,,0,,
61524,CALIBRATION,480,90708,167.95,107,67.6,87.3,,,,,,,,,,,0,,
62526,CALIBRATION,483,90934,327.73,107,64.6,83.4,,,,,,,,,,,0,,
63526,CALIBRATION,488,90709,16.95,107,62.0,80.0,,,,,,,,,,,0,,
64527,CALIBRATION,492,91036,261.10,108,60.0,77.4,,,,,,,,,,,0,,
65527,CALIBRATION,494,90897,82.44,108,59.0,76.3,,,,,,,,,,,0,,
66528,CALIBRATION,500,90674,-79.98,108,59.0,76.3,,,,,,,,,,,0,,
67529,CALIBRATION,502,90935,180.58,108,59.0,76.3,,,,,,,,,,,0,,
68531,CALIBRATION,506,90691,-70.62,110,73.6,82.2,,,,,,,,,,,0,,
69570,CALIBRATION,511,90505,-359.70,108,87.2,131.1,,,,,,,,,,,0,,
70571,CALIBRATION,513,90352,-401.63,108,87.2,131.1,,,,,,,,,,,0,,
71572,CALIBRATION,516,90035,-640.55,108,87.2,131.1,,,,,,,,,,,0,,
72573,CALIBRATION,518,90435,-186.96,108,87.2,131.1,,,,,,,,,,,0,,
73612,CALIBRATION,519,90417,-161.63,108,87.2,131.1,,,,,,,,,,,0,,
74614,CALIBRATION,525,90213,-226.62,108,87.2,131.1,,,,,,,,,,,0,,
75653,REST,525,90491,137.09,108,87.2,131.1,,,,-0.56,-1.63,,,,-1.09,,0,,
76654,REST,528,90404,98.94,108,87.2,131.1,,,,-0.56,-1.63,,,,-1.09,,0,,
77654,REST,529,90606,256.30,108,87.2,131.1,,,,-0.56,-1.63,,,,-1.09,,0,,
78655,REST,529,90672,224.53,108,87.2,131.1,,,,-0.56,-1.63,,,,-1.09,,0,,
79655,REST,531,90503,6.20,108,87.2,131.1,,,,-0.56,-1.63,,,,-1.09,,0,,
80656,REST,533,90462,-77.22,107,82.8,129.7,,,,-0.29,-1.57,,,,-0.93,,2,,
81657,REST,535,90356,-176.40,109,69.6,113.6,,,,0.49,-0.78,,,,-0.14,,2,,
82657,REST,535,90993,428.90,110,69.7,114.1,,,,0.48,-0.80,,,,-0.16,,2,,
83659,REST,537,91257,600.02,110,69.7,114.3,,,,0.48,-0.81,,,,-0.17,,2,,
84698,REST,538,91295,512.55,110,69.7,114.3,,,,0.48,-0.81,,,,-0.17,,2,,
85699,REST,539,91223,380.51,110,69.7,113.5,,,,0.48,-0.77,,,,-0.14,,2,,
86699,REST,540,91396,419.87,110,68.9,112.3,,,,0.53,-0.71,,,,-0.09,,2,,
87700,REST,539,91071,-10.84,110,68.3,112.3,,,,0.57,-0.71,,,,-0.07,,2,,
88701,REST,528,91150,-8.94,111,68.4,112.6,,,,0.56,-0.73,,,,-0.08,,2,,
89701,REST,518,90114,-922.10,111,68.4,112.6,,,,0.56,-0.73,,,,-0.08,,2,,
90702,REST,514,90787,-38.00,111,68.4,112.6,,,,0.56,-0.73,,,,-0.08,,2,,
91702,REST,516,91060,277.99,111,68.4,112.6,,,,0.56,-0.73,,,,-0.08,,2,,
92703,REST,516,91852,906.39,111,68.4,112.6,,,,0.56,-0.73,,,,-0.08,,2,,
93703,REST,519,91777,634.60,113,76.2,115.0,,,,0.10,-0.84,,,,-0.37,,2,,
94705,REST,517,90740,-442.76,113,76.2,120.8,,,,0.10,-1.13,,,,-0.52,,2,,
95705,REST,519,91337,161.26,113,76.2,120.8,,,,0.10,-1.13,,,,-0.52,,0,,
96705,REST,515,92116,846.53,113,76.2,120.8,,,,0.10,-1.13,,,,-0.52,,0,,
97706,REST,511,91762,361.36,113,76.2,120.8,,,,0.10,-1.13,,,,-0.52,,0,,
98708,REST,493,90702,-627.59,113,76.2,120.8,,,,0.10,-1.13,,,,-0.52,,0,,
99708,REST,460,91050,-148.18,113,76.2,120.8,,,,0.10,-1.13,,,,-0.52,,0,,
100708,REST,420,91791,541.02,113,76.2,120.8,,,,0.10,-1.13,,,,-0.52,,0,,
101710,REST,383,92140,724.30,113,76.2,120.8,,,,0.10,-1.13,,,,-0.52,,0,,
102749,REST,377,92355,729.70,113,76.2,120.8,,,,0.10,-1.13,,,,-0.52,,0,,
103750,REST,343,92560,734.69,117,92.5,128.8,,,,-0.87,-1.52,,,,-1.19,,2,,
104752,REST,326,92279,333.77,117,93.6,138.1,,,,-0.93,-1.97,,,,-1.45,,0,,
105752,REST,333,92098,103.20,117,93.6,138.1,,,,-0.93,-1.97,,,,-1.45,,0,,
106752,REST,338,91843,-170.52,117,94.6,140.6,,,,-0.99,-2.10,,,,-1.55,,2,,
107753,REST,342,91736,-190.73,117,94.6,140.6,,,,-0.99,-2.10,,,,-1.55,,2,,
108795,REST,341,91445,-381.70,117,94.6,140.6,,,,-0.99,-2.10,,,,-1.55,,2,,
109833,REST,340,91227,-484.91,117,94.6,140.6,,,,-0.99,-2.10,,,,-1.55,,2,,
110835,REST,344,90673,-893.33,117,94.6,140.6,,,,-0.99,-2.10,,,,-1.55,,2,,
111836,REST,346,89981,-1328.61,117,94.6,140.6,517.9,42.9,10.0,-0.99,-2.10,-2.13,8.58,2.00,-1.55,2.82,5,1.07,Stress
112874,REST,345,91826,612.68,117,94.6,140.6,517.9,42.9,10.0,-0.99,-2.10,-2.13,8.58,2.00,-1.55,2.82,5,1.07,Stress
113876,REST,347,92189,804.20,116,94.8,137.5,517.9,42.9,10.0,-1.01,-1.95,-2.13,8.58,2.00,-1.48,2.82,5,1.10,Stress
114916,REST,348,91718,211.53,118,79.2,110.4,517.9,42.9,10.0,-0.08,-0.62,-2.13,8.58,2.00,-0.35,2.82,5,1.55,Stress
115917,REST,350,91660,114.23,118,79.2,110.4,517.9,42.9,10.0,-0.08,-0.62,-2.13,8.58,2.00,-0.35,2.82,3,2.82,Stress
116957,REST,334,91249,-309.98,118,79.2,110.4,517.9,42.9,10.0,-0.08,-0.62,-2.13,8.58,2.00,-0.35,2.82,3,2.82,Stress
117958,REST,314,91944,359.25,118,79.2,110.4,517.9,42.9,10.0,-0.08,-0.62,-2.13,8.58,2.00,-0.35,2.82,3,2.82,Stress
118958,REST,317,91673,95.59,118,79.2,110.4,517.9,42.9,10.0,-0.08,-0.62,-2.13,8.58,2.00,-0.35,2.82,3,2.82,Stress
119958,REST,321,92202,566.19,118,79.2,110.4,517.9,42.9,10.0,-0.08,-0.62,-2.13,8.58,2.00,-0.35,2.82,3,2.82,Stress
120959,REST,326,91921,192.41,118,79.2,110.4,517.9,42.9,10.0,-0.08,-0.62,-2.13,8.58,2.00,-0.35,2.82,5,1.55,Stress
121959,REST,328,91522,-212.61,118,79.2,110.4,517.9,42.9,10.0,-0.08,-0.62,-2.13,8.58,2.00,-0.35,2.82,3,2.82,Stress
122959,REST,329,90343,-1312.29,118,79.2,110.4,517.9,42.9,10.0,-0.08,-0.62,-2.13,8.58,2.00,-0.35,2.82,3,2.82,Stress
123960,REST,329,90782,-624.82,118,79.2,110.4,517.9,42.9,10.0,-0.08,-0.62,-2.13,8.58,2.00,-0.35,2.82,3,2.82,Stress
124960,REST,332,90889,-347.34,118,79.2,110.4,517.9,42.9,10.0,-0.08,-0.62,-2.13,8.58,2.00,-0.35,2.82,3,2.82,Stress
125963,REST,333,90893,-238.14,118,79.2,110.4,517.9,42.9,10.0,-0.08,-0.62,-2.13,8.58,2.00,-0.35,2.82,3,2.82,Stress
127001,REST,333,87777,-2978.52,118,79.2,110.4,517.9,42.9,10.0,-0.08,-0.62,-2.13,8.58,2.00,-0.35,2.82,3,2.82,Stress
128002,REST,332,90647,111.97,118,79.2,110.4,517.9,42.9,10.0,-0.08,-0.62,-2.13,8.58,2.00,-0.35,2.82,3,2.82,Stress
129004,REST,344,91744,1100.66,118,79.2,110.4,517.9,42.9,10.0,-0.08,-0.62,-2.13,8.58,2.00,-0.35,2.82,5,1.55,Stress
130043,REST,336,91714,844.16,117,82.6,114.0,517.9,42.9,10.0,-0.28,-0.79,-2.13,8.58,2.00,-0.54,2.82,5,1.47,Stress
131044,REST,334,91349,319.16,116,84.1,114.6,517.9,42.9,10.0,-0.37,-0.83,-2.13,8.58,2.00,-0.60,2.82,5,1.45,Stress
132044,REST,337,91663,516.86,117,83.3,115.6,517.9,42.9,10.0,-0.32,-0.87,-2.13,8.58,2.00,-0.60,2.82,5,1.45,Stress
133045,REST,333,90087,-1085.55,117,82.8,115.3,517.9,42.9,10.0,-0.30,-0.86,-2.13,8.58,2.00,-0.58,2.82,5,1.46,Stress
134045,REST,331,90419,-576.27,117,82.8,115.3,517.9,42.9,10.0,-0.30,-0.86,-2.13,8.58,2.00,-0.58,2.82,5,1.46,Stress
135046,REST,272,91117,156.27,117,82.8,115.3,517.9,42.9,10.0,-0.30,-0.86,-2.13,8.58,2.00,-0.58,2.82,5,1.46,Stress
136046,REST,260,91552,411.25,119,86.9,117.5,517.9,42.9,10.0,-0.54,-0.97,-2.13,8.58,2.00,-0.75,2.82,5,1.39,Stress
137047,REST,271,91323,48.28,121,87.6,119.6,517.9,42.9,10.0,-0.58,-1.07,-2.13,8.58,2.00,-0.82,2.82,5,1.36,Stress
138048,REST,279,89740,-1383.96,121,87.5,119.6,517.9,42.9,10.0,-0.57,-1.07,-2.13,8.58,2.00,-0.82,2.82,5,1.36,Stress
139049,REST,284,90152,-743.41,121,87.5,119.6,517.9,42.9,10.0,-0.57,-1.07,-2.13,8.58,2.00,-0.82,2.82,5,1.36,Stress
140050,REST,288,90003,-697.60,121,87.5,119.6,517.9,42.9,10.0,-0.57,-1.07,-2.13,8.58,2.00,-0.82,2.82,5,1.36,Stress
141050,REST,289,90299,-245.79,121,87.5,119.6,517.9,42.9,10.0,-0.57,-1.07,-2.13,8.58,2.00,-0.82,2.82,5,1.36,Stress
142050,REST,293,90839,294.40,121,87.5,119.6,517.9,42.9,10.0,-0.57,-1.07,-2.13,8.58,2.00,-0.82,2.82,5,1.36,Stress
143050,REST,297,91000,348.90,125,96.7,129.8,517.9,42.9,10.0,-1.12,-1.57,-2.13,8.58,2.00,-1.35,2.82,5,1.15,Stress
144051,REST,292,91445,654.88,127,100.6,129.6,517.9,42.9,10.0,-1.35,-1.56,-2.13,8.58,2.00,-1.46,2.82,5,1.11,Stress
145053,REST,295,91275,422.58,127,100.6,129.6,517.9,42.9,10.0,-1.35,-1.56,-2.13,8.58,2.00,-1.46,2.82,3,2.82,Stress
146053,REST,298,90888,23.94,127,100.6,129.6,517.9,42.9,10.0,-1.35,-1.56,-2.13,8.58,2.00,-1.46,2.82,3,2.82,Stress
147053,REST,301,90802,-66.05,127,100.6,129.6,517.9,42.9,10.0,-1.35,-1.56,-2.13,8.58,2.00,-1.46,2.82,3,2.82,Stress
148054,REST,300,90591,-290.89,127,100.6,129.6,686.6,199.8,6.0,-1.35,-1.56,1.39,39.96,1.20,-1.46,14.18,3,14.18,Stress
149054,REST,301,91265,413.11,127,100.6,129.6,686.6,199.8,6.0,-1.35,-1.56,1.39,39.96,1.20,-1.46,14.18,3,14.18,Stress
150054,REST,301,91267,357.79,127,100.6,129.6,686.6,199.8,6.0,-1.35,-1.56,1.39,39.96,1.20,-1.46,14.18,3,14.18,Stress
151056,REST,304,91112,152.45,127,100.6,129.6,686.6,199.8,6.0,-1.35,-1.56,1.39,39.96,1.20,-1.46,14.18,3,14.18,Stress
152056,REST,305,90566,-364.34,127,100.6,129.6,686.6,199.8,6.0,-1.35,-1.56,1.39,39.96,1.20,-1.46,14.18,3,14.18,Stress
153058,REST,307,90957,-5.73,127,100.6,129.6,686.6,199.8,6.0,-1.35,-1.56,1.39,39.96,1.20,-1.46,14.18,3,14.18,Stress
154059,REST,308,90673,-261.89,127,100.6,129.6,686.6,199.8,6.0,-1.35,-1.56,1.39,39.96,1.20,-1.46,14.18,3,14.18,Stress
155098,REST,314,91225,313.10,127,100.6,129.6,686.6,199.8,6.0,-1.35,-1.56,1.39,39.96,1.20,-1.46,14.18,3,14.18,Stress
156098,REST,315,91009,145.92,127,100.6,129.6,686.6,199.8,6.0,-1.35,-1.56,1.39,39.96,1.20,-1.46,14.18,3,14.18,Stress
157099,REST,316,91228,314.48,127,100.6,129.6,686.6,199.8,6.0,-1.35,-1.56,1.39,39.96,1.20,-1.46,14.18,3,14.18,Stress
158099,REST,317,90708,-229.89,127,100.6,129.6,686.6,199.8,6.0,-1.35,-1.56,1.39,39.96,1.20,-1.46,14.18,3,14.18,Stress
159101,REST,317,90991,21.87,127,100.6,129.6,686.6,199.8,6.0,-1.35,-1.56,1.39,39.96,1.20,-1.46,14.18,3,14.18,Stress
160141,REST,315,91014,44.56,127,100.6,129.6,686.6,199.8,6.0,-1.35,-1.56,1.39,39.96,1.20,-1.46,14.18,3,14.18,Stress
161141,REST,307,91058,71.82,126,101.9,135.2,686.6,199.8,6.0,-1.42,-1.83,1.39,39.96,1.20,-1.63,14.18,5,7.86,Stress
162142,REST,309,90921,-109.65,125,98.9,122.3,686.6,199.8,6.0,-1.25,-1.20,1.39,39.96,1.20,-1.23,14.18,5,8.02,Stress
163142,REST,313,91268,238.62,123,95.2,122.6,686.6,199.8,6.0,-1.03,-1.22,1.39,39.96,1.20,-1.12,14.18,5,8.06,Stress
164143,REST,317,91050,23.51,121,91.7,112.0,686.6,199.8,6.0,-0.82,-0.70,1.39,39.96,1.20,-0.76,14.18,5,8.20,Stress
165143,REST,320,91186,147.14,120,91.6,107.8,686.6,199.8,6.0,-0.82,-0.49,1.39,39.96,1.20,-0.66,14.18,5,8.25,Stress
166144,REST,321,90729,-345.02,120,91.0,98.1,686.6,199.8,6.0,-0.78,-0.02,1.39,39.96,1.20,-0.40,14.18,5,8.35,Stress
167145,REST,327,91766,606.91,117,87.6,89.9,686.6,199.8,6.0,-0.58,0.39,1.39,39.96,1.20,-0.10,14.18,5,8.47,Stress
168145,REST,327,91956,664.32,117,89.1,90.2,686.6,199.8,6.0,-0.67,0.37,1.39,39.96,1.20,-0.15,14.18,5,8.45,Stress
169145,REST,330,91685,257.37,116,89.7,85.1,686.6,199.8,6.0,-0.70,0.62,1.39,39.96,1.20,-0.04,14.18,5,8.49,Stress
170145,REST,332,91251,-223.23,117,86.7,83.8,686.6,199.8,6.0,-0.52,0.68,1.39,39.96,1.20,0.08,14.18,5,8.54,Stress
171146,REST,331,91228,-238.74,117,85.6,82.8,686.6,199.8,6.0,-0.46,0.73,1.39,39.96,1.20,0.14,14.18,5,8.56,Stress
172146,REST,335,90952,-412.58,117,85.6,82.8,686.6,199.8,6.0,-0.46,0.73,1.39,39.96,1.20,0.14,14.18,5,8.56,Stress
173147,REST,336,90703,-503.70,117,85.6,82.8,686.6,199.8,6.0,-0.46,0.73,1.39,39.96,1.20,0.14,14.18,5,8.56,Stress
174147,REST,336,90654,-428.52,117,85.6,82.8,686.6,199.8,6.0,-0.46,0.73,1.39,39.96,1.20,0.14,14.18,5,8.56,Stress
175152,REST,345,91762,600.80,117,86.0,82.8,686.6,199.8,6.0,-0.48,0.73,1.39,39.96,1.20,0.12,14.18,5,8.56,Stress
176188,REST,347,92030,692.36,118,93.4,93.7,686.6,199.8,6.0,-0.92,0.20,1.39,39.96,1.20,-0.36,14.18,5,8.36,Stress
177189,REST,352,91597,181.78,116,89.6,101.0,686.6,199.8,6.0,-0.70,-0.16,1.39,39.96,1.20,-0.43,14.18,5,8.34,Stress
178190,REST,353,91461,21.56,113,104.6,111.5,686.6,199.8,6.0,-1.59,-0.68,1.39,39.96,1.20,-1.13,14.18,5,8.06,Stress
179190,REST,355,91526,24.59,112,104.2,119.5,686.6,199.8,6.0,-1.56,-1.07,1.39,39.96,1.20,-1.32,14.18,5,7.98,Stress
180191,REST,360,91573,-8.85,110,95.5,112.6,686.6,199.8,6.0,-1.05,-0.73,1.39,39.96,1.20,-0.89,14.18,5,8.15,Stress
181192,REST,362,91754,130.55,108,74.3,103.5,686.6,199.8,6.0,0.21,-0.28,1.39,39.96,1.20,-0.03,14.18,5,8.49,Stress
182192,REST,367,92071,429.10,108,74.3,103.5,686.6,199.8,6.0,0.21,-0.28,1.39,39.96,1.20,-0.03,14.18,5,8.49,Stress
183193,REST,370,92181,490.34,108,74.6,103.7,686.6,199.8,6.0,0.19,-0.29,1.39,39.96,1.20,-0.05,14.18,5,8.49,Stress
184193,REST,373,92005,253.28,110,86.1,116.2,686.6,199.8,6.0,-0.49,-0.90,1.39,39.96,1.20,-0.70,14.18,5,8.23,Stress
185194,REST,374,92125,299.70,111,85.6,116.0,709.8,211.1,4.0,-0.46,-0.89,1.87,42.22,0.80,-0.68,14.96,5,8.71,Stress
186195,REST,380,91927,40.37,111,85.6,115.7,709.8,211.1,4.0,-0.46,-0.88,1.87,42.22,0.80,-0.67,14.96,5,8.71,Stress
187195,REST,381,91830,-106.87,111,83.6,113.7,709.8,211.1,4.0,-0.34,-0.78,1.87,42.22,0.80,-0.56,14.96,5,8.75,Stress
188196,REST,384,92469,445.75,111,83.0,113.4,709.8,211.1,4.0,-0.30,-0.77,1.87,42.22,0.80,-0.54,14.96,5,8.76,Stress
189196,REST,388,92406,345.22,112,82.9,113.9,709.8,211.1,4.0,-0.30,-0.79,1.87,42.22,0.80,-0.55,14.96,5,8.76,Stress
190197,REST,392,91738,-323.04,110,99.6,125.0,709.8,211.1,4.0,-1.29,-1.33,1.87,42.22,0.80,-1.31,14.96,5,8.45,Stress
191197,REST,400,92131,65.88,109,99.5,135.2,709.8,211.1,4.0,-1.29,-1.83,1.87,42.22,0.80,-1.56,14.96,5,8.36,Stress
192198,REST,384,91813,-289.64,110,99.6,127.9,709.8,211.1,4.0,-1.29,-1.48,1.87,42.22,0.80,-1.38,14.96,5,8.43,Stress
193199,REST,369,92436,320.35,108,90.0,120.1,709.8,211.1,4.0,-0.72,-1.09,1.87,42.22,0.80,-0.91,14.96,5,8.62,Stress
194200,REST,375,92241,187.70,108,90.2,108.3,709.8,211.1,4.0,-0.73,-0.52,1.87,42.22,0.80,-0.63,14.96,5,8.73,Stress
195201,REST,379,92823,721.12,110,72.8,95.2,709.8,211.1,4.0,0.30,0.13,1.87,42.22,0.80,0.21,14.96,5,9.06,Stress
196201,REST,384,93257,942.07,110,72.8,95.1,709.8,211.1,4.0,0.30,0.13,1.87,42.22,0.80,0.21,14.96,5,9.06,Stress
197203,REST,388,92827,319.72,111,83.6,108.7,709.8,211.1,4.0,-0.34,-0.53,1.87,42.22,0.80,-0.44,14.96,5,8.80,Stress
198203,REST,389,93447,760.09,113,92.5,122.7,709.8,211.1,4.0,-0.87,-1.22,1.87,42.22,0.80,-1.05,14.96,5,8.56,Stress
199203,REST,391,93429,637.94,112,92.4,122.8,709.8,211.1,4.0,-0.86,-1.23,1.87,42.22,0.80,-1.04,14.96,5,8.56,Stress
200204,REST,393,93100,220.38,110,83.1,110.7,709.8,211.1,4.0,-0.31,-0.63,1.87,42.22,0.80,-0.47,14.96,5,8.79,Stress
201243,REST,399,92903,0.16,110,82.9,110.5,709.8,211.1,4.0,-0.30,-0.62,1.87,42.22,0.80,-0.46,14.96,5,8.79,Stress
202245,REST,400,92820,-122.80,110,82.9,110.2,709.8,211.1,4.0,-0.30,-0.61,1.87,42.22,0.80,-0.46,14.96,5,8.80,Stress
203285,REST,403,93829,748.20,109,83.4,110.6,709.8,211.1,4.0,-0.33,-0.63,1.87,42.22,0.80,-0.48,14.96,5,8.79,Stress
204285,REST,408,93375,208.60,111,93.3,119.1,709.8,211.1,4.0,-0.92,-1.05,1.87,42.22,0.80,-0.98,14.96,5,8.59,Stress
205287,REST,409,93275,101.95,109,108.1,153.4,709.8,211.1,4.0,-1.79,-2.72,1.87,42.22,0.80,-2.26,14.96,5,8.07,Stress
206288,REST,412,93001,-202.59,110,93.9,142.1,709.8,211.1,4.0,-0.95,-2.17,1.87,42.22,0.80,-1.56,14.96,5,8.35,Stress
207328,REST,414,93329,77.98,110,93.9,142.1,709.8,211.1,4.0,-0.95,-2.17,1.87,42.22,0.80,-1.56,14.96,5,8.35,Stress
208329,REST,412,93356,105.50,111,93.9,142.1,709.8,211.1,4.0,-0.95,-2.17,1.87,42.22,0.80,-1.56,14.96,5,8.35,Stress
209369,REST,408,92735,-397.20,111,93.9,142.1,709.8,211.1,4.0,-0.95,-2.17,1.87,42.22,0.80,-1.56,14.96,5,8.35,Stress
210369,REST,410,92428,-556.24,111,93.9,142.1,709.8,211.1,4.0,-0.95,-2.17,1.87,42.22,0.80,-1.56,14.96,5,8.35,Stress
211371,REST,413,92488,-384.41,111,93.9,142.1,709.8,211.1,4.0,-0.95,-2.17,1.87,42.22,0.80,-1.56,14.96,5,8.35,Stress
212371,REST,418,92742,-67.37,111,93.9,142.1,709.8,211.1,4.0,-0.95,-2.17,1.87,42.22,0.80,-1.56,14.96,5,8.35,Stress
213411,REST,420,92758,-20.76,111,93.9,142.1,709.8,211.1,4.0,-0.95,-2.17,1.87,42.22,0.80,-1.56,14.96,5,8.35,Stress
214414,REST,420,92919,125.12,110,97.4,145.0,709.8,211.1,4.0,-1.16,-2.32,1.87,42.22,0.80,-1.74,14.96,5,8.28,Stress
215451,REST,419,93037,217.93,109,98.7,145.3,709.8,211.1,4.0,-1.24,-2.33,1.87,42.22,0.80,-1.78,14.96,5,8.27,Stress
216454,REST,422,92869,-2.08,112,115.2,154.2,709.8,211.1,4.0,-2.22,-2.76,1.87,42.22,0.80,-2.49,14.96,5,7.98,Stress
217493,REST,411,93044,176.84,112,118.1,161.0,709.8,211.1,4.0,-2.39,-3.10,1.87,42.22,0.80,-2.74,14.96,5,7.88,Stress
218493,REST,408,93254,306.53,112,118.1,161.0,709.8,211.1,4.0,-2.39,-3.10,1.87,42.22,0.80,-2.74,14.96,3,14.96,Stress
219493,REST,395,93610,536.78,112,118.1,161.0,709.8,211.1,4.0,-2.39,-3.10,1.87,42.22,0.80,-2.74,14.96,3,14.96,Stress
220494,REST,389,91998,-1059.46,112,118.1,161.0,709.8,211.1,4.0,-2.39,-3.10,1.87,42.22,0.80,-2.74,14.96,3,14.96,Stress
221494,REST,389,91908,-920.49,112,118.1,161.0,637.9,132.4,8.0,-2.39,-3.10,0.37,26.47,1.60,-2.74,9.48,3,9.48,Stress
222495,REST,390,92039,-584.06,112,118.1,161.0,637.9,132.4,8.0,-2.39,-3.10,0.37,26.47,1.60,-2.74,9.48,3,9.48,Stress
223495,REST,392,92360,-96.44,112,118.1,161.0,637.9,132.4,8.0,-2.39,-3.10,0.37,26.47,1.60,-2.74,9.48,3,9.48,Stress
224496,REST,393,91721,-549.23,112,118.1,161.0,637.9,132.4,8.0,-2.39,-3.10,0.37,26.47,1.60,-2.74,9.48,3,9.48,Stress
225496,REST,396,92144,-49.35,112,118.1,161.0,637.9,132.4,8.0,-2.39,-3.10,0.37,26.47,1.60,-2.74,9.48,3,9.48,Stress
226497,REST,396,92173,12.91,112,118.1,161.0,637.9,132.4,8.0,-2.39,-3.10,0.37,26.47,1.60,-2.74,9.48,3,9.48,Stress
227497,REST,398,91787,-311.20,112,118.1,161.0,637.9,132.4,8.0,-2.39,-3.10,0.37,26.47,1.60,-2.74,9.48,3,9.48,Stress
228498,REST,402,91337,-608.27,112,118.1,161.0,637.9,132.4,8.0,-2.39,-3.10,0.37,26.47,1.60,-2.74,9.48,3,9.48,Stress
229498,REST,404,91030,-794.56,112,118.1,161.0,637.9,132.4,8.0,-2.39,-3.10,0.37,26.47,1.60,-2.74,9.48,3,9.48,Stress
230499,REST,406,90902,-736.70,112,118.1,161.0,637.9,132.4,8.0,-2.39,-3.10,0.37,26.47,1.60,-2.74,9.48,3,9.48,Stress
231499,REST,409,91158,-341.02,112,118.1,161.0,637.9,132.4,8.0,-2.39,-3.10,0.37,26.47,1.60,-2.74,9.48,3,9.48,Stress
232500,REST,411,91283,-209.07,112,118.1,161.0,637.9,132.4,8.0,-2.39,-3.10,0.37,26.47,1.60,-2.74,9.48,3,9.48,Stress
233501,REST,413,91644,101.63,112,118.1,159.5,637.9,132.4,8.0,-2.39,-3.02,0.37,26.47,1.60,-2.71,9.48,5,4.61,Stress
234501,REST,415,92380,761.98,110,110.8,155.3,637.9,132.4,8.0,-1.96,-2.82,0.37,26.47,1.60,-2.39,9.48,5,4.73,Stress
235501,REST,418,92214,490.51,110,110.8,148.8,637.9,132.4,8.0,-1.96,-2.50,0.37,26.47,1.60,-2.23,9.48,5,4.80,Stress
236502,REST,419,91909,126.95,109,102.5,144.3,637.9,132.4,8.0,-1.46,-2.28,0.37,26.47,1.60,-1.87,9.48,5,4.94,Stress
237502,REST,422,92322,462.16,109,102.5,144.5,637.9,132.4,8.0,-1.46,-2.29,0.37,26.47,1.60,-1.88,9.48,5,4.94,Stress
238504,REST,423,91940,-27.80,111,111.5,147.7,637.9,132.4,8.0,-2.00,-2.45,0.37,26.47,1.60,-2.22,9.48,5,4.80,Stress
239504,REST,424,91625,-340.62,109,124.4,172.7,637.9,132.4,8.0,-2.76,-3.67,0.37,26.47,1.60,-3.22,9.48,5,4.40,Stress
240506,REST,406,91483,-384.54,109,124.4,172.7,637.9,132.4,8.0,-2.76,-3.67,0.37,26.47,1.60,-3.22,9.48,5,4.40,Stress
241545,REST,380,91661,-91.62,109,124.4,172.7,637.9,132.4,8.0,-2.76,-3.67,0.37,26.47,1.60,-3.22,9.48,5,4.40,Stress
242545,REST,373,91797,78.88,109,124.4,172.7,637.9,132.4,8.0,-2.76,-3.67,0.37,26.47,1.60,-3.22,9.48,5,4.40,Stress
243546,REST,327,91669,-33.52,110,125.9,188.1,637.9,132.4,8.0,-2.85,-4.43,0.37,26.47,1.60,-3.64,9.48,5,4.23,Stress
244546,REST,317,90935,-657.08,110,125.9,188.1,637.9,132.4,8.0,-2.85,-4.43,0.37,26.47,1.60,-3.64,9.48,5,4.23,Stress
245546,REST,329,89358,-1864.61,110,125.9,188.1,637.9,132.4,8.0,-2.85,-4.43,0.37,26.47,1.60,-3.64,9.48,5,4.23,Stress
246547,REST,337,89178,-1542.52,110,125.9,188.1,637.9,132.4,8.0,-2.85,-4.43,0.37,26.47,1.60,-3.64,9.48,5,4.23,Stress
247548,REST,336,89593,-756.59,110,125.9,188.1,637.9,132.4,8.0,-2.85,-4.43,0.37,26.47,1.60,-3.64,9.48,5,4.23,Stress
248548,REST,335,90003,-170.46,110,125.9,188.1,637.9,132.4,8.0,-2.85,-4.43,0.37,26.47,1.60,-3.64,9.48,5,4.23,Stress
249550,REST,337,88921,-978.26,110,125.9,188.1,637.9,132.4,8.0,-2.85,-4.43,0.37,26.47,1.60,-3.64,9.48,5,4.23,Stress
250589,REST,342,88233,-1364.48,110,125.9,188.1,637.9,132.4,8.0,-2.85,-4.43,0.37,26.47,1.60,-3.64,9.48,5,4.23,Stress
251589,REST,340,90377,868.84,110,125.9,188.1,637.9,132.4,8.0,-2.85,-4.43,0.37,26.47,1.60,-3.64,9.48,5,4.23,Stress
252590,REST,336,90873,990.94,110,125.9,188.1,637.9,132.4,8.0,-2.85,-4.43,0.37,26.47,1.60,-3.64,9.48,3,9.48,Stress
253591,REST,340,90630,523.20,110,125.9,188.1,637.9,132.4,8.0,-2.85,-4.43,0.37,26.47,1.60,-3.64,9.48,3,9.48,Stress
254591,REST,344,90609,433.11,110,125.9,188.1,637.9,132.4,8.0,-2.85,-4.43,0.37,26.47,1.60,-3.64,9.48,3,9.48,Stress
255593,REST,343,90213,-1.32,110,125.9,188.1,637.9,132.4,8.0,-2.85,-4.43,0.37,26.47,1.60,-3.64,9.48,3,9.48,Stress
256595,REST,347,89879,-317.86,110,125.9,188.1,637.9,132.4,8.0,-2.85,-4.43,0.37,26.47,1.60,-3.64,9.48,3,9.48,Stress
257595,REST,345,90207,14.73,110,125.9,188.1,637.9,132.4,8.0,-2.85,-4.43,0.37,26.47,1.60,-3.64,9.48,3,9.48,Stress
258636,REST,347,89790,-446.48,111,125.5,189.2,629.5,187.4,8.0,-2.83,-4.48,0.20,37.47,1.60,-3.65,13.09,5,6.39,Stress
259675,REST,352,89346,-761.95,111,125.5,189.2,629.5,187.4,8.0,-2.83,-4.48,0.20,37.47,1.60,-3.65,13.09,5,6.39,Stress
260715,REST,354,89862,-25.57,111,125.5,189.2,629.5,187.4,8.0,-2.83,-4.48,0.20,37.47,1.60,-3.65,13.09,5,6.39,Stress
261719,REST,355,89837,26.02,111,125.5,189.2,629.5,187.4,8.0,-2.83,-4.48,0.20,37.47,1.60,-3.65,13.09,5,6.39,Stress
262756,REST,360,89157,-539.79,111,125.5,189.4,629.5,187.4,8.0,-2.83,-4.49,0.20,37.47,1.60,-3.66,13.09,5,6.39,Stress
263757,REST,362,89548,-95.56,111,125.5,189.4,629.5,187.4,8.0,-2.83,-4.49,0.20,37.47,1.60,-3.66,13.09,5,6.39,Stress
264757,REST,361,89778,101.74,111,125.5,183.9,629.5,187.4,8.0,-2.83,-4.22,0.20,37.47,1.60,-3.53,13.09,5,6.44,Stress
265757,REST,364,89680,-49.59,113,112.2,160.6,629.5,187.4,8.0,-2.04,-3.08,0.20,37.47,1.60,-2.56,13.09,5,6.83,Stress
266759,REST,368,89471,-285.78,112,121.9,168.7,629.5,187.4,8.0,-2.61,-3.48,0.20,37.47,1.60,-3.05,13.09,5,6.64,Stress
267759,REST,370,90319,547.52,112,121.9,176.6,629.5,187.4,8.0,-2.61,-3.86,0.20,37.47,1.60,-3.24,13.09,3,13.09,Stress
268759,REST,371,90650,811.81,112,121.9,176.6,629.5,187.4,8.0,-2.61,-3.86,0.20,37.47,1.60,-3.24,13.09,3,13.09,Stress
269760,REST,372,90752,634.84,112,121.9,176.6,629.5,187.4,8.0,-2.61,-3.86,0.20,37.47,1.60,-3.24,13.09,3,13.09,Stress
270760,REST,377,90426,205.09,112,121.9,176.6,629.5,187.4,8.0,-2.61,-3.86,0.20,37.47,1.60,-3.24,13.09,3,13.09,Stress
271761,REST,380,90422,133.64,112,121.9,176.6,629.5,187.4,8.0,-2.61,-3.86,0.20,37.47,1.60,-3.24,13.09,3,13.09,Stress
272761,REST,384,90621,203.41,112,121.9,176.6,629.5,187.4,8.0,-2.61,-3.86,0.20,37.47,1.60,-3.24,13.09,3,13.09,Stress
273762,REST,387,91393,887.16,112,121.9,176.6,629.5,187.4,8.0,-2.61,-3.86,0.20,37.47,1.60,-3.24,13.09,3,13.09,Stress
274762,REST,390,91279,608.23,112,122.2,174.2,629.5,187.4,8.0,-2.63,-3.75,0.20,37.47,1.60,-3.19,13.09,5,6.58,Stress
275763,REST,398,91089,367.93,113,120.6,175.5,629.5,187.4,8.0,-2.54,-3.81,0.20,37.47,1.60,-3.17,13.09,5,6.58,Stress
276763,REST,373,90843,52.07,113,123.3,171.9,629.5,187.4,8.0,-2.70,-3.63,0.20,37.47,1.60,-3.17,13.09,5,6.59,Stress
277764,REST,356,89796,-900.12,113,123.3,171.9,629.5,187.4,8.0,-2.70,-3.63,0.20,37.47,1.60,-3.17,13.09,5,6.59,Stress
278764,REST,365,88913,-1540.66,113,123.3,171.9,629.5,187.4,8.0,-2.70,-3.63,0.20,37.47,1.60,-3.17,13.09,5,6.59,Stress
279766,REST,360,89890,-389.99,113,123.3,171.9,629.5,187.4,8.0,-2.70,-3.63,0.20,37.47,1.60,-3.17,13.09,5,6.59,Stress
280805,REST,364,90167,8.77,113,123.3,171.9,629.5,187.4,8.0,-2.70,-3.63,0.20,37.47,1.60,-3.17,13.09,5,6.59,Stress
281806,REST,363,91375,1128.64,113,123.3,171.9,629.5,187.4,8.0,-2.70,-3.63,0.20,37.47,1.60,-3.17,13.09,5,6.59,Stress
282806,REST,359,91431,938.65,109,109.1,169.6,629.5,187.4,8.0,-1.85,-3.52,0.20,37.47,1.60,-2.69,13.09,5,6.78,Stress
283807,REST,356,90915,228.23,112,113.3,172.7,629.5,187.4,8.0,-2.10,-3.67,0.20,37.47,1.60,-2.89,13.09,5,6.70,Stress
284807,REST,359,91235,430.25,111,113.3,172.7,629.5,187.4,8.0,-2.10,-3.67,0.20,37.47,1.60,-2.89,13.09,5,6.70,Stress
285808,REST,361,91471,572.45,111,113.3,172.6,629.5,187.4,8.0,-2.10,-3.66,0.20,37.47,1.60,-2.88,13.09,5,6.70,Stress
286809,REST,362,91401,448.31,111,113.3,172.6,629.5,187.4,8.0,-2.10,-3.66,0.20,37.47,1.60,-2.88,13.09,5,6.70,Stress
287809,REST,366,90532,-399.09,109,122.8,177.9,629.5,187.4,8.0,-2.66,-3.93,0.20,37.47,1.60,-3.30,13.09,5,6.54,Stress
288810,REST,366,90502,-362.78,109,122.8,177.9,629.5,187.4,8.0,-2.66,-3.93,0.20,37.47,1.60,-3.30,13.09,5,6.54,Stress
289811,REST,364,90487,-345.37,109,122.8,177.9,629.5,187.4,8.0,-2.66,-3.93,0.20,37.47,1.60,-3.30,13.09,5,6.54,Stress
290812,REST,366,91234,374.91,109,122.8,177.9,629.5,187.4,8.0,-2.66,-3.93,0.20,37.47,1.60,-3.30,13.09,5,6.54,Stress
291814,REST,357,91229,334.10,109,123.0,180.0,629.5,187.4,8.0,-2.68,-4.03,0.20,37.47,1.60,-3.35,13.09,5,6.51,Stress
292853,REST,353,91143,202.86,108,114.5,156.0,629.5,187.4,8.0,-2.18,-2.85,0.20,37.47,1.60,-2.51,13.09,5,6.85,Stress
293853,REST,355,90667,-260.77,109,99.4,135.2,629.5,187.4,8.0,-1.28,-1.84,0.20,37.47,1.60,-1.56,13.09,5,7.23,Stress
294853,REST,351,90135,-672.73,109,99.4,135.2,629.5,187.4,8.0,-1.28,-1.84,0.20,37.47,1.60,-1.56,13.09,5,7.23,Stress
295855,REST,346,89813,-805.42,109,99.4,135.2,662.4,169.4,12.0,-1.28,-1.84,0.88,33.89,2.40,-1.56,12.39,5,6.81,Stress
296855,REST,348,89700,-725.37,109,99.4,135.2,662.4,169.4,12.0,-1.28,-1.84,0.88,33.89,2.40,-1.56,12.39,5,6.81,Stress
297896,REST,350,89483,-754.28,109,99.4,135.2,662.4,169.4,12.0,-1.28,-1.84,0.88,33.89,2.40,-1.56,12.39,5,6.81,Stress
298935,REST,352,89817,-351.08,109,99.4,135.2,662.4,169.4,12.0,-1.28,-1.84,0.88,33.89,2.40,-1.56,12.39,5,6.81,Stress
299935,REST,357,90451,304.59,109,99.4,135.2,662.4,169.4,12.0,-1.28,-1.83,0.88,33.89,2.40,-1.56,12.39,5,6.81,Stress
300937,REST,346,90305,140.37,109,99.2,135.0,662.4,169.4,12.0,-1.27,-1.83,0.88,33.89,2.40,-1.55,12.39,5,6.82,Stress
301976,REST,346,90522,297.95,107,89.4,122.4,662.4,169.4,12.0,-0.69,-1.21,0.88,33.89,2.40,-0.95,12.39,5,7.06,Stress
302978,REST,350,90369,46.08,108,99.3,119.6,662.4,169.4,12.0,-1.27,-1.07,0.88,33.89,2.40,-1.17,12.39,5,6.97,Stress
303979,REST,354,91173,750.24,110,87.8,116.7,662.4,169.4,12.0,-0.59,-0.93,0.88,33.89,2.40,-0.76,12.39,5,7.13,Stress
304981,REST,355,91049,555.92,111,94.9,122.0,662.4,169.4,12.0,-1.01,-1.19,0.88,33.89,2.40,-1.10,12.39,5,6.99,Stress
306019,REST,354,91004,382.75,114,95.0,129.5,662.4,169.4,12.0,-1.01,-1.55,0.88,33.89,2.40,-1.28,12.39,5,6.92,Stress
307019,REST,351,91379,621.72,116,101.4,127.1,662.4,169.4,12.0,-1.40,-1.44,0.88,33.89,2.40,-1.42,12.39,5,6.87,Stress
308021,REST,354,90998,135.50,116,102.1,125.5,662.4,169.4,12.0,-1.44,-1.36,0.88,33.89,2.40,-1.40,12.39,5,6.88,Stress
309021,REST,350,91249,282.56,116,102.1,125.5,662.4,169.4,12.0,-1.44,-1.36,0.88,33.89,2.40,-1.40,12.39,3,12.39,Stress
310022,REST,356,91323,340.46,116,102.1,125.5,662.4,169.4,12.0,-1.44,-1.36,0.88,33.89,2.40,-1.40,12.39,3,12.39,Stress
311062,REST,356,91228,210.78,116,102.0,126.2,662.4,169.4,12.0,-1.44,-1.40,0.88,33.89,2.40,-1.42,12.39,3,12.39,Stress
312062,REST,366,90369,-613.70,116,102.0,126.2,662.4,169.4,12.0,-1.44,-1.40,0.88,33.89,2.40,-1.42,12.39,3,12.39,Stress
313062,REST,361,90954,-101.79,116,102.0,126.2,662.4,169.4,12.0,-1.44,-1.40,0.88,33.89,2.40,-1.42,12.39,3,12.39,Stress
314063,REST,364,89634,-1219.14,116,102.0,126.2,662.4,169.4,12.0,-1.44,-1.40,0.88,33.89,2.40,-1.42,12.39,3,12.39,Stress
315063,REST,366,89772,-755.98,116,102.0,126.2,662.4,169.4,12.0,-1.44,-1.40,0.88,33.89,2.40,-1.42,12.39,3,12.39,Stress
316064,REST,367,89110,-1115.54,116,102.0,126.2,662.4,169.4,12.0,-1.44,-1.40,0.88,33.89,2.40,-1.42,12.39,3,12.39,Stress
317067,REST,369,89049,-925.63,116,102.0,126.2,662.4,169.4,12.0,-1.44,-1.40,0.88,33.89,2.40,-1.42,12.39,3,12.39,Stress
318107,REST,373,88247,-1466.03,116,102.0,126.2,662.4,169.4,12.0,-1.44,-1.40,0.88,33.89,2.40,-1.42,12.39,3,12.39,Stress
319146,REST,379,88872,-633.26,116,102.0,126.2,662.4,169.4,12.0,-1.44,-1.40,0.88,33.89,2.40,-1.42,12.39,3,12.39,Stress
320146,REST,379,89225,-147.17,116,102.0,126.2,662.4,169.4,12.0,-1.44,-1.40,0.88,33.89,2.40,-1.42,12.39,3,12.39,Stress
321147,REST,382,90412,1001.73,116,102.0,126.2,662.4,169.4,12.0,-1.44,-1.40,0.88,33.89,2.40,-1.42,12.39,3,12.39,Stress
322147,REST,385,90424,763.77,116,102.0,126.2,662.4,169.4,12.0,-1.44,-1.40,0.88,33.89,2.40,-1.42,12.39,3,12.39,Stress
323149,REST,388,90151,334.19,116,102.0,126.2,662.4,169.4,12.0,-1.44,-1.40,0.88,33.89,2.40,-1.42,12.39,3,12.39,Stress
324149,REST,387,90598,682.03,116,102.0,126.2,662.4,169.4,12.0,-1.44,-1.40,0.88,33.89,2.40,-1.42,12.39,3,12.39,Stress
325149,REST,380,89499,-430.08,116,102.0,126.2,662.4,169.4,12.0,-1.44,-1.40,0.88,33.89,2.40,-1.42,12.39,3,12.39,Stress
326150,REST,382,88055,-1575.69,116,102.0,126.2,662.4,169.4,12.0,-1.44,-1.40,0.88,33.89,2.40,-1.42,12.39,3,12.39,Stress
327151,REST,387,87964,-1372.05,116,102.0,126.2,662.4,169.4,12.0,-1.44,-1.40,0.88,33.89,2.40,-1.42,12.39,3,12.39,Stress
328151,REST,387,89540,314.59,116,102.0,126.2,662.4,169.4,12.0,-1.44,-1.40,0.88,33.89,2.40,-1.42,12.39,3,12.39,Stress
329152,REST,390,89471,293.96,116,102.0,126.2,662.4,169.4,12.0,-1.44,-1.40,0.88,33.89,2.40,-1.42,12.39,3,12.39,Stress
330152,REST,392,88887,-261.04,116,102.1,126.2,662.4,169.4,12.0,-1.44,-1.40,0.88,33.89,2.40,-1.42,12.39,5,6.87,Stress
331153,REST,399,88862,-227.68,117,101.7,126.2,662.4,169.4,12.0,-1.41,-1.39,0.88,33.89,2.40,-1.40,12.39,5,6.87,Stress
332154,REST,403,88252,-728.84,117,101.7,126.2,663.0,155.6,4.0,-1.41,-1.39,0.90,31.12,0.80,-1.40,10.94,3,10.94,Stress
333154,REST,397,89874,905.26,117,101.7,126.2,663.0,155.6,4.0,-1.41,-1.39,0.90,31.12,0.80,-1.40,10.94,3,10.94,Stress
334157,REST,395,91349,1897.13,117,101.7,126.2,663.0,155.6,4.0,-1.41,-1.39,0.90,31.12,0.80,-1.40,10.94,3,10.94,Stress
335157,REST,402,90903,1165.40,117,101.7,126.2,663.0,155.6,4.0,-1.41,-1.39,0.90,31.12,0.80,-1.40,10.94,3,10.94,Stress
336197,REST,398,91170,1214.52,117,101.7,126.2,663.0,155.6,4.0,-1.41,-1.39,0.90,31.12,0.80,-1.40,10.94,3,10.94,Stress
337198,REST,399,90963,815.37,117,101.7,126.2,663.0,155.6,4.0,-1.41,-1.39,0.90,31.12,0.80,-1.40,10.94,3,10.94,Stress
338199,REST,400,90636,354.03,117,101.9,126.2,663.0,155.6,4.0,-1.43,-1.39,0.90,31.12,0.80,-1.41,10.94,3,10.94,Stress
339199,REST,403,90480,137.71,117,101.9,126.2,663.0,155.6,4.0,-1.43,-1.39,0.90,31.12,0.80,-1.41,10.94,3,10.94,Stress
340201,REST,406,89931,-376.99,117,101.9,126.2,663.0,155.6,4.0,-1.43,-1.39,0.90,31.12,0.80,-1.41,10.94,3,10.94,Stress
341244,REST,409,89598,-562.43,117,101.9,126.2,663.0,155.6,4.0,-1.43,-1.39,0.90,31.12,0.80,-1.41,10.94,3,10.94,Stress
342281,REST,410,89404,-606.28,117,101.9,126.2,663.0,155.6,4.0,-1.43,-1.39,0.90,31.12,0.80,-1.41,10.94,3,10.94,Stress
343282,REST,414,89206,-668.05,117,101.9,126.2,663.0,155.6,4.0,-1.43,-1.39,0.90,31.12,0.80,-1.41,10.94,3,10.94,Stress
344282,REST,416,89698,-109.03,117,101.9,126.2,663.0,155.6,4.0,-1.43,-1.39,0.90,31.12,0.80,-1.41,10.94,3,10.94,Stress
345283,REST,419,90270,446.91,117,101.9,126.2,663.0,155.6,4.0,-1.43,-1.39,0.90,31.12,0.80,-1.41,10.94,3,10.94,Stress
346283,REST,424,89741,-88.87,119,86.3,112.9,663.0,155.6,4.0,-0.50,-0.74,0.90,31.12,0.80,-0.62,10.94,5,6.31,Stress
347283,REST,428,89709,-81.54,119,86.0,112.6,663.0,155.6,4.0,-0.48,-0.73,0.90,31.12,0.80,-0.60,10.94,5,6.32,Stress
348285,REST,429,89084,-659.91,119,87.1,112.6,663.0,155.6,4.0,-0.55,-0.73,0.90,31.12,0.80,-0.64,10.94,5,6.31,Stress
349286,REST,430,89261,-412.04,119,87.1,112.6,663.0,155.6,4.0,-0.55,-0.73,0.90,31.12,0.80,-0.64,10.94,3,10.94,Stress
350287,REST,432,89425,-133.74,119,87.1,112.6,663.0,155.6,4.0,-0.55,-0.73,0.90,31.12,0.80,-0.64,10.94,3,10.94,Stress
351287,REST,432,89053,-386.92,119,87.1,112.6,663.0,155.6,4.0,-0.55,-0.73,0.90,31.12,0.80,-0.64,10.94,3,10.94,Stress
352287,REST,435,89273,-93.56,119,87.1,112.6,663.0,155.6,4.0,-0.55,-0.73,0.90,31.12,0.80,-0.64,10.94,3,10.94,Stress
353287,REST,438,89139,-234.98,119,87.1,112.6,663.0,155.6,4.0,-0.55,-0.73,0.90,31.12,0.80,-0.64,10.94,3,10.94,Stress
354288,REST,441,89710,297.16,119,87.1,112.6,663.0,155.6,4.0,-0.55,-0.73,0.90,31.12,0.80,-0.64,10.94,3,10.94,Stress
355289,REST,442,89897,448.88,119,87.1,112.6,663.0,155.6,4.0,-0.55,-0.73,0.90,31.12,0.80,-0.64,10.94,3,10.94,Stress
356291,REST,443,90081,593.84,118,87.6,112.6,663.0,155.6,4.0,-0.58,-0.73,0.90,31.12,0.80,-0.65,10.94,5,6.30,Stress
357291,REST,445,89822,205.61,118,87.6,112.6,663.0,155.6,4.0,-0.58,-0.73,0.90,31.12,0.80,-0.65,10.94,3,10.94,Stress
358331,REST,447,89272,-338.23,116,103.9,122.8,663.0,155.6,4.0,-1.54,-1.23,0.90,31.12,0.80,-1.39,10.94,5,6.01,Stress
359332,REST,448,88961,-591.90,116,103.9,131.3,663.0,155.6,4.0,-1.54,-1.65,0.90,31.12,0.80,-1.59,10.94,5,5.93,Stress
360332,REST,451,89389,-57.24,116,103.9,131.3,663.0,155.6,4.0,-1.54,-1.65,0.90,31.12,0.80,-1.59,10.94,5,5.93,Stress
361332,REST,454,88950,-405.43,116,103.9,131.3,663.0,155.6,4.0,-1.54,-1.65,0.90,31.12,0.80,-1.59,10.94,5,5.93,Stress
362333,REST,458,88573,-708.60,116,103.9,131.3,663.0,155.6,4.0,-1.54,-1.65,0.90,31.12,0.80,-1.59,10.94,3,10.94,Stress
363334,REST,463,88822,-209.79,116,103.9,131.3,663.0,155.6,4.0,-1.54,-1.65,0.90,31.12,0.80,-1.59,10.94,3,10.94,Stress
364334,REST,462,89609,545.34,116,103.9,131.3,663.0,155.6,4.0,-1.54,-1.65,0.90,31.12,0.80,-1.59,10.94,3,10.94,Stress
365335,REST,463,89605,424.12,116,103.9,131.3,663.0,155.6,4.0,-1.54,-1.65,0.90,31.12,0.80,-1.59,10.94,3,10.94,Stress
366336,REST,466,89191,-111.35,116,103.9,131.3,663.0,155.6,4.0,-1.54,-1.65,0.90,31.12,0.80,-1.59,10.94,3,10.94,Stress
367336,REST,469,89860,505.19,116,103.9,131.3,663.0,155.6,4.0,-1.54,-1.65,0.90,31.12,0.80,-1.59,10.94,3,10.94,Stress
368337,REST,470,89384,23.45,116,103.9,131.3,663.0,155.6,4.0,-1.54,-1.65,0.90,31.12,0.80,-1.59,10.94,3,10.94,Stress
369338,REST,470,89291,-78.98,116,103.9,131.3,610.4,114.5,10.0,-1.54,-1.65,-0.20,22.90,2.00,-1.59,8.23,3,8.23,Stress
370338,REST,472,88863,-499.97,116,103.9,131.3,610.4,114.5,10.0,-1.54,-1.65,-0.20,22.90,2.00,-1.59,8.23,5,4.30,Stress
371339,REST,476,89629,280.66,116,104.8,123.3,610.4,114.5,10.0,-1.60,-1.25,-0.20,22.90,2.00,-1.43,8.23,5,4.37,Stress
372339,REST,478,89117,-189.83,114,98.0,114.8,610.4,114.5,10.0,-1.19,-0.83,-0.20,22.90,2.00,-1.01,8.23,5,4.53,Stress
373340,REST,480,89176,-130.95,112,92.8,107.2,610.4,114.5,10.0,-0.89,-0.46,-0.20,22.90,2.00,-0.67,8.23,5,4.67,Stress
374342,REST,476,89481,135.48,111,93.2,97.3,610.4,114.5,10.0,-0.91,0.02,-0.20,22.90,2.00,-0.44,8.23,5,4.76,Stress
375381,TRANSITION,480,89951,564.96,111,93.2,100.4,610.4,114.5,10.0,-0.91,-0.13,-0.20,22.90,2.00,-0.52,,0,,
376382,TRANSITION,479,90519,1052.57,109,109.3,147.5,610.4,114.5,10.0,-1.86,-2.44,-0.20,22.90,2.00,-2.15,,0,,
377382,TRANSITION,480,89925,264.92,107,100.2,147.6,610.4,114.5,10.0,-1.33,-2.44,-0.20,22.90,2.00,-1.88,,0,,
378383,TRANSITION,481,89164,-516.09,105,87.6,143.3,610.4,114.5,10.0,-0.58,-2.23,-0.20,22.90,2.00,-1.40,,0,,
379384,TRANSITION,483,89694,67.17,105,87.6,143.3,610.4,114.5,10.0,-0.58,-2.23,-0.20,22.90,2.00,-1.40,,0,,
380384,TRANSITION,486,89420,-130.13,105,87.6,143.3,610.4,114.5,10.0,-0.58,-2.23,-0.20,22.90,2.00,-1.40,,0,,
381385,TRANSITION,486,89857,306.79,105,87.6,143.3,610.4,114.5,10.0,-0.58,-2.23,-0.20,22.90,2.00,-1.40,,0,,
382386,TRANSITION,489,89836,166.37,105,87.6,143.3,610.4,114.5,10.0,-0.58,-2.23,-0.20,22.90,2.00,-1.40,,0,,
383387,TRANSITION,487,90689,867.87,105,87.6,143.3,610.4,114.5,10.0,-0.58,-2.23,-0.20,22.90,2.00,-1.40,,0,,
384389,TRANSITION,491,90165,276.94,105,87.6,143.3,610.4,114.5,10.0,-0.58,-2.23,-0.20,22.90,2.00,-1.40,,0,,
385428,TRANSITION,490,90070,143.71,105,87.6,143.3,610.4,114.5,10.0,-0.58,-2.23,-0.20,22.90,2.00,-1.40,,0,,
386429,TRANSITION,492,90174,185.57,105,87.6,143.2,610.4,114.5,10.0,-0.58,-2.22,-0.20,22.90,2.00,-1.40,,0,,
387430,TRANSITION,494,89689,-363.52,105,85.4,142.2,610.4,114.5,10.0,-0.45,-2.18,-0.20,22.90,2.00,-1.31,,0,,
388430,TRANSITION,495,90352,312.55,103,98.2,151.2,610.4,114.5,10.0,-1.21,-2.62,-0.20,22.90,2.00,-1.91,,0,,
389430,TRANSITION,497,89715,-241.99,103,98.8,159.1,610.4,114.5,10.0,-1.24,-3.00,-0.20,22.90,2.00,-2.12,,0,,
390431,TRANSITION,499,89814,-46.64,103,98.8,159.1,610.4,114.5,10.0,-1.24,-3.00,-0.20,22.90,2.00,-2.12,,0,,
391432,TRANSITION,493,90046,139.68,103,98.8,159.5,610.4,114.5,10.0,-1.24,-3.03,-0.20,22.90,2.00,-2.13,,0,,
392434,TRANSITION,499,88375,-1442.30,103,99.4,159.7,610.4,114.5,10.0,-1.28,-3.03,-0.20,22.90,2.00,-2.16,,0,,
393473,TRANSITION,500,87846,-1655.45,103,99.4,159.7,610.4,114.5,10.0,-1.28,-3.03,-0.20,22.90,2.00,-2.16,,0,,
394474,TRANSITION,499,88599,-640.42,103,99.4,159.7,610.4,114.5,10.0,-1.28,-3.03,-0.20,22.90,2.00,-2.16,,0,,
395476,TRANSITION,501,88319,-682.62,103,99.4,159.7,610.4,114.5,10.0,-1.28,-3.03,-0.20,22.90,2.00,-2.16,,0,,
396515,TRANSITION,502,88410,-409.05,103,99.4,159.7,610.4,114.5,10.0,-1.28,-3.03,-0.20,22.90,2.00,-2.16,,0,,
397516,TRANSITION,503,88449,-302.77,103,99.4,159.7,610.4,114.5,10.0,-1.28,-3.03,-0.20,22.90,2.00,-2.16,,0,,
398516,TRANSITION,506,87884,-813.27,103,99.4,159.7,610.4,114.5,10.0,-1.28,-3.03,-0.20,22.90,2.00,-2.16,,0,,
399517,TRANSITION,507,88510,-85.97,103,99.4,159.7,610.4,114.5,10.0,-1.28,-3.03,-0.20,22.90,2.00,-2.16,,0,,
400518,TRANSITION,507,88432,-63.71,103,99.4,159.7,610.4,114.5,10.0,-1.28,-3.03,-0.20,22.90,2.00,-2.16,,0,,
401519,TRANSITION,508,88528,40.47,103,99.4,159.9,610.4,114.5,10.0,-1.28,-3.04,-0.20,22.90,2.00,-2.16,,0,,
402519,TRANSITION,510,88511,-18.28,103,99.3,152.0,610.4,114.5,10.0,-1.27,-2.66,-0.20,22.90,2.00,-1.97,,0,,
403520,TRANSITION,511,88675,55.54,105,89.1,144.5,610.4,114.5,10.0,-0.67,-2.29,-0.20,22.90,2.00,-1.48,,0,,
404520,TRANSITION,512,89292,617.46,106,100.3,151.0,610.4,114.5,10.0,-1.33,-2.61,-0.20,22.90,2.00,-1.97,,0,,
405522,STRESS,512,88921,184.34,107,99.8,157.0,610.4,114.5,10.0,-1.30,-2.90,-0.20,22.90,2.00,-2.10,,2,,
406523,STRESS,513,89315,488.29,106,100.0,157.2,610.4,114.5,10.0,-1.32,-2.91,-0.20,22.90,2.00,-2.11,,2,,
407562,STRESS,514,89270,237.87,105,108.9,161.3,610.4,114.5,10.0,-1.84,-3.11,-0.20,22.90,2.00,-2.48,,0,,
408562,STRESS,516,90164,968.97,105,108.9,161.3,610.4,114.5,10.0,-1.84,-3.11,-0.20,22.90,2.00,-2.48,,0,,
409563,STRESS,514,89805,511.39,105,108.9,161.3,610.4,114.5,10.0,-1.84,-3.11,-0.20,22.90,2.00,-2.48,,0,,
410564,STRESS,515,89533,173.23,105,108.8,167.2,610.4,114.5,10.0,-1.84,-3.40,-0.20,22.90,2.00,-2.62,,2,,
411564,STRESS,518,89283,-127.33,105,108.7,166.9,610.4,114.5,10.0,-1.83,-3.39,-0.20,22.90,2.00,-2.61,,2,,
412565,STRESS,520,89781,316.99,105,108.6,134.1,610.4,114.5,10.0,-1.83,-1.78,-0.20,22.90,2.00,-1.80,,2,,
413565,STRESS,520,89732,221.37,107,94.4,129.3,610.4,114.5,10.0,-0.98,-1.55,-0.20,22.90,2.00,-1.27,,2,,
414566,STRESS,520,89192,-274.97,107,94.4,129.3,610.4,114.5,10.0,-0.98,-1.55,-0.20,22.90,2.00,-1.26,,2,,
415567,STRESS,522,88979,-444.87,107,94.4,129.3,610.4,114.5,10.0,-0.98,-1.55,-0.20,22.90,2.00,-1.26,,2,,
416567,STRESS,524,87934,-1296.88,107,94.4,129.3,610.4,114.5,10.0,-0.98,-1.55,-0.20,22.90,2.00,-1.26,,2,,
417568,STRESS,523,88806,-254.73,107,94.4,129.3,610.4,114.5,10.0,-0.98,-1.55,-0.20,22.90,2.00,-1.26,,2,,
418569,STRESS,524,88527,-368.51,107,94.4,129.3,610.4,114.5,10.0,-0.98,-1.55,-0.20,22.90,2.00,-1.26,,2,,
419569,STRESS,528,88797,-18.03,107,94.4,129.3,610.4,114.5,10.0,-0.98,-1.55,-0.20,22.90,2.00,-1.26,,2,,
420570,STRESS,526,89246,350.76,107,94.4,129.3,610.4,114.5,10.0,-0.98,-1.55,-0.20,22.90,2.00,-1.26,,2,,
421572,STRESS,527,89430,366.69,107,94.4,129.3,610.4,114.5,10.0,-0.98,-1.55,-0.20,22.90,2.00,-1.26,,2,,
422572,STRESS,528,90349,1098.53,107,94.4,129.3,610.4,114.5,10.0,-0.98,-1.55,-0.20,22.90,2.00,-1.26,,0,,
423573,STRESS,530,89964,547.91,107,94.4,118.4,610.4,114.5,10.0,-0.98,-1.01,-0.20,22.90,2.00,-1.00,,2,,
424573,STRESS,530,90576,1018.85,111,88.5,113.8,610.4,114.5,10.0,-0.63,-0.79,-0.20,22.90,2.00,-0.71,,2,,
425574,STRESS,529,90379,539.48,109,100.0,153.0,610.4,114.5,10.0,-1.32,-2.71,-0.20,22.90,2.00,-2.01,,2,,
426574,STRESS,533,89674,-264.16,109,100.0,153.2,610.4,114.5,10.0,-1.32,-2.72,-0.20,22.90,2.00,-2.02,,2,,
427575,STRESS,533,89657,-265.51,109,100.0,153.4,610.4,114.5,10.0,-1.32,-2.72,-0.20,22.90,2.00,-2.02,,2,,
428576,STRESS,535,90460,521.77,109,100.0,153.4,610.4,114.5,10.0,-1.32,-2.72,-0.20,22.90,2.00,-2.02,,0,,
429576,STRESS,535,90175,202.74,109,100.0,153.4,610.4,114.5,10.0,-1.32,-2.72,-0.20,22.90,2.00,-2.02,,0,,
430578,STRESS,536,89851,-105.41,109,100.0,153.4,610.4,114.5,10.0,-1.32,-2.72,-0.20,22.90,2.00,-2.02,,0,,
431578,STRESS,535,90008,41.02,109,100.2,153.6,610.4,114.5,10.0,-1.32,-2.73,-0.20,22.90,2.00,-2.03,,2,,
432580,STRESS,536,90700,601.08,109,100.6,154.3,610.4,114.5,10.0,-1.35,-2.77,-0.20,22.90,2.00,-2.06,,0,,
433580,STRESS,534,91737,1347.52,109,100.6,154.3,610.4,114.5,10.0,-1.35,-2.77,-0.20,22.90,2.00,-2.06,,0,,
434581,STRESS,537,90805,251.23,109,100.6,148.2,610.4,114.5,10.0,-1.35,-2.47,-0.20,22.90,2.00,-1.91,,2,,
435581,STRESS,539,90275,-282.99,108,91.3,141.9,610.4,114.5,10.0,-0.80,-2.16,-0.20,22.90,2.00,-1.48,,2,,
436581,STRESS,536,90176,-340.56,108,91.3,141.9,610.4,114.5,10.0,-0.80,-2.16,-0.20,22.90,2.00,-1.48,,0,,
437582,STRESS,535,89790,-643.36,108,91.3,141.9,610.4,114.5,10.0,-0.80,-2.16,-0.20,22.90,2.00,-1.48,,0,,
438584,STRESS,535,90236,-162.76,108,91.3,141.9,610.4,114.5,10.0,-0.80,-2.16,-0.20,22.90,2.00,-1.48,,0,,
439623,STRESS,535,91026,572.82,108,91.3,141.9,610.4,114.5,10.0,-0.80,-2.16,-0.20,22.90,2.00,-1.48,,0,,
440625,STRESS,535,91022,521.78,108,91.3,141.9,610.4,114.5,10.0,-0.80,-2.16,-0.20,22.90,2.00,-1.48,,0,,
441625,STRESS,537,90688,141.80,108,91.3,141.9,610.4,114.5,10.0,-0.80,-2.16,-0.20,22.90,2.00,-1.48,,0,,
442625,STRESS,536,90136,-372.42,108,91.3,141.9,503.2,19.1,4.0,-0.80,-2.16,-2.44,3.82,0.80,-1.48,0.73,3,0.73,Rest
443626,STRESS,539,90088,-383.40,108,91.5,141.7,503.2,19.1,4.0,-0.81,-2.15,-2.44,3.82,0.80,-1.48,0.73,5,-0.16,Rest
444629,STRESS,540,89727,-629.44,108,91.5,141.7,503.2,19.1,4.0,-0.81,-2.15,-2.44,3.82,0.80,-1.48,0.73,5,-0.16,Rest
445629,STRESS,541,90269,-136.52,109,91.3,136.7,503.2,19.1,4.0,-0.80,-1.91,-2.44,3.82,0.80,-1.35,0.73,5,-0.10,Rest
446629,STRESS,541,90899,479.13,111,78.2,129.6,503.2,19.1,4.0,-0.02,-1.56,-2.44,3.82,0.80,-0.79,0.73,5,0.12,Rest
447629,STRESS,544,90736,327.48,111,78.2,129.6,503.2,19.1,4.0,-0.02,-1.56,-2.44,3.82,0.80,-0.79,0.73,5,0.12,Rest
448631,STRESS,545,89777,-513.98,111,78.4,130.0,503.2,19.1,4.0,-0.03,-1.58,-2.44,3.82,0.80,-0.81,0.73,5,0.11,Rest
449631,STRESS,543,89674,-508.23,111,78.4,130.0,503.2,19.1,4.0,-0.03,-1.58,-2.44,3.82,0.80,-0.81,0.73,5,0.11,Rest
450631,STRESS,544,89506,-559.94,111,78.4,130.0,503.2,19.1,4.0,-0.03,-1.58,-2.44,3.82,0.80,-0.81,0.73,5,0.11,Rest
451632,STRESS,546,88568,-1264.83,111,78.4,130.0,503.2,19.1,4.0,-0.03,-1.58,-2.44,3.82,0.80,-0.81,0.73,5,0.11,Rest
452632,STRESS,545,89359,-281.77,111,78.4,130.0,503.2,19.1,4.0,-0.03,-1.58,-2.44,3.82,0.80,-0.81,0.73,5,0.11,Rest
453636,STRESS,544,90481,866.99,113,88.0,131.0,503.2,19.1,4.0,-0.60,-1.63,-2.44,3.82,0.80,-1.12,0.73,5,-0.01,Rest
454678,STRESS,545,90941,1042.66,111,78.5,129.0,503.2,19.1,4.0,-0.04,-1.53,-2.44,3.82,0.80,-0.78,0.73,5,0.12,Rest
455715,STRESS,548,89925,-24.55,110,91.8,136.5,503.2,19.1,4.0,-0.83,-1.90,-2.44,3.82,0.80,-1.36,0.73,5,-0.11,Rest
456715,STRESS,549,89568,-303.54,110,91.8,136.5,503.2,19.1,4.0,-0.83,-1.90,-2.44,3.82,0.80,-1.36,0.73,5,-0.11,Rest
457716,STRESS,547,89705,-165.45,110,91.8,143.5,503.2,19.1,4.0,-0.83,-2.24,-2.44,3.82,0.80,-1.53,0.73,5,-0.18,Rest
458717,STRESS,548,91385,1264.74,110,91.9,143.9,503.2,19.1,4.0,-0.83,-2.26,-2.44,3.82,0.80,-1.55,0.73,5,-0.18,Rest
459718,STRESS,548,91021,771.77,110,92.0,144.1,503.2,19.1,4.0,-0.84,-2.27,-2.44,3.82,0.80,-1.55,0.73,5,-0.18,Rest
460718,STRESS,551,90336,37.16,110,92.2,144.8,503.2,19.1,4.0,-0.85,-2.31,-2.44,3.82,0.80,-1.58,0.73,5,-0.20,Rest
461719,STRESS,551,90463,153.26,110,92.2,140.1,503.2,19.1,4.0,-0.85,-2.07,-2.44,3.82,0.80,-1.46,0.73,5,-0.15,Rest
462719,STRESS,550,90648,303.16,111,67.4,94.9,503.2,19.1,4.0,0.62,0.14,-2.44,3.82,0.80,0.38,0.73,5,0.59,Rest
463720,STRESS,552,90940,552.73,111,83.0,120.8,503.2,19.1,4.0,-0.30,-1.13,-2.44,3.82,0.80,-0.72,0.73,5,0.15,Rest
464721,STRESS,553,90525,-18.10,111,83.0,126.5,503.2,19.1,4.0,-0.31,-1.41,-2.44,3.82,0.80,-0.86,0.73,5,0.09,Rest
465722,STRESS,555,90527,-68.02,111,82.3,125.3,503.2,19.1,4.0,-0.27,-1.35,-2.44,3.82,0.80,-0.81,0.73,5,0.11,Rest
466722,STRESS,551,91072,458.84,111,82.4,125.3,503.2,19.1,4.0,-0.27,-1.35,-2.44,3.82,0.80,-0.81,0.73,5,0.11,Rest
467723,STRESS,553,91667,917.34,111,82.5,125.4,503.2,19.1,4.0,-0.28,-1.35,-2.44,3.82,0.80,-0.82,0.73,5,0.11,Rest
468723,STRESS,554,91258,458.28,113,92.5,130.0,503.2,19.1,4.0,-0.87,-1.58,-2.44,3.82,0.80,-1.23,0.73,5,-0.05,Rest
469724,STRESS,555,91192,301.84,111,105.3,168.9,503.2,19.1,4.0,-1.63,-3.49,-2.44,3.82,0.80,-2.56,0.73,5,-0.59,Rest
470725,STRESS,559,91059,142.23,112,108.7,169.8,503.2,19.1,4.0,-1.83,-3.53,-2.44,3.82,0.80,-2.68,0.73,3,0.73,Rest
471725,STRESS,551,91366,338.87,112,108.7,169.8,503.2,19.1,4.0,-1.83,-3.53,-2.44,3.82,0.80,-2.68,0.73,3,0.73,Rest
472726,STRESS,550,91269,180.99,112,108.7,169.8,503.2,19.1,4.0,-1.83,-3.53,-2.44,3.82,0.80,-2.68,0.73,3,0.73,Rest
473727,STRESS,548,90940,-107.39,112,108.7,169.8,503.2,19.1,4.0,-1.83,-3.53,-2.44,3.82,0.80,-2.68,0.73,3,0.73,Rest
474727,STRESS,547,91001,-40.25,112,108.7,169.8,503.2,19.1,4.0,-1.83,-3.53,-2.44,3.82,0.80,-2.68,0.73,3,0.73,Rest
475728,STRESS,548,90279,-708.82,112,108.7,169.8,503.2,19.1,4.0,-1.83,-3.53,-2.44,3.82,0.80,-2.68,0.73,3,0.73,Rest
476729,STRESS,551,90462,-399.54,112,108.7,169.8,503.2,19.1,4.0,-1.83,-3.53,-2.44,3.82,0.80,-2.68,0.73,3,0.73,Rest
477729,STRESS,550,90095,-580.70,112,108.7,169.8,503.2,19.1,4.0,-1.83,-3.53,-2.44,3.82,0.80,-2.68,0.73,3,0.73,Rest
478731,STRESS,551,90094,-414.68,112,108.7,169.8,479.1,0.0,0.0,-1.83,-3.53,-2.94,0.00,0.00,-2.68,-2.94,1,,
479732,STRESS,552,89539,-831.80,112,108.7,169.8,479.1,0.0,0.0,-1.83,-3.53,-2.94,0.00,0.00,-2.68,-2.94,1,,
480734,STRESS,553,90239,-159.31,112,108.7,169.8,479.1,0.0,0.0,-1.83,-3.53,-2.94,0.00,0.00,-2.68,-2.94,1,,
481773,STRESS,553,90277,-54.11,112,108.7,169.8,479.1,0.0,0.0,-1.83,-3.53,-2.94,0.00,0.00,-2.68,-2.94,1,,
482774,STRESS,553,90098,-124.70,112,108.7,169.8,479.1,0.0,0.0,-1.83,-3.53,-2.94,0.00,0.00,-2.68,-2.94,1,,
483775,STRESS,555,90381,144.48,112,108.8,172.4,479.1,0.0,0.0,-1.84,-3.66,-2.94,0.00,0.00,-2.75,-2.94,3,-2.81,Rest
484775,STRESS,554,89543,-710.78,112,108.8,172.4,479.1,0.0,0.0,-1.84,-3.66,-2.94,0.00,0.00,-2.75,-2.94,1,,
485775,STRESS,555,91156,844.61,112,108.8,172.4,479.1,0.0,0.0,-1.84,-3.66,-2.94,0.00,0.00,-2.75,-2.94,1,,
486776,STRESS,555,90981,514.87,112,108.8,172.4,479.1,0.0,0.0,-1.84,-3.66,-2.94,0.00,0.00,-2.75,-2.94,1,,
487778,STRESS,556,91100,522.66,112,108.6,165.8,479.1,0.0,0.0,-1.83,-3.33,-2.94,0.00,0.00,-2.58,-2.94,1,,
488778,STRESS,553,90567,-125.97,112,108.6,165.8,479.1,0.0,0.0,-1.83,-3.33,-2.94,0.00,0.00,-2.58,-2.94,1,,
489779,STRESS,554,90154,-448.35,112,108.6,165.8,479.1,0.0,0.0,-1.83,-3.33,-2.94,0.00,0.00,-2.58,-2.94,1,,
490782,STRESS,555,90039,-378.84,112,108.6,165.8,479.1,0.0,0.0,-1.83,-3.33,-2.94,0.00,0.00,-2.58,-2.94,1,,
491820,STRESS,556,89860,-397.53,112,108.6,165.8,479.1,0.0,0.0,-1.83,-3.33,-2.94,0.00,0.00,-2.58,-2.94,1,,
492820,STRESS,557,89353,-784.41,112,108.6,165.8,479.1,0.0,0.0,-1.83,-3.33,-2.94,0.00,0.00,-2.58,-2.94,1,,
493822,STRESS,556,89691,-342.75,112,108.6,165.8,479.1,0.0,0.0,-1.83,-3.33,-2.94,0.00,0.00,-2.58,-2.94,1,,
494822,STRESS,556,90492,519.70,112,108.6,165.8,479.1,0.0,0.0,-1.83,-3.33,-2.94,0.00,0.00,-2.58,-2.94,1,,
495823,STRESS,558,90805,662.50,112,108.6,165.8,479.1,0.0,0.0,-1.83,-3.33,-2.94,0.00,0.00,-2.58,-2.94,1,,
496823,STRESS,557,89876,-352.26,111,100.8,161.6,479.1,0.0,0.0,-1.36,-3.13,-2.94,0.00,0.00,-2.24,-2.94,1,,
497824,STRESS,558,90339,86.24,111,100.8,161.6,479.1,0.0,0.0,-1.36,-3.13,-2.94,0.00,0.00,-2.24,-2.94,1,,
498824,STRESS,558,90911,583.94,111,100.8,161.6,479.1,0.0,0.0,-1.36,-3.13,-2.94,0.00,0.00,-2.24,-2.94,1,,
499827,STRESS,560,90465,115.25,110,100.8,161.4,479.1,0.0,0.0,-1.36,-3.12,-2.94,0.00,0.00,-2.24,-2.94,1,,
500866,STRESS,558,90142,-202.37,110,100.8,155.1,479.1,0.0,0.0,-1.36,-2.81,-2.94,0.00,0.00,-2.09,-2.94,3,-2.37,Rest
501866,STRESS,560,90264,-83.01,112,89.3,148.9,479.1,0.0,0.0,-0.68,-2.50,-2.94,0.00,0.00,-1.59,-2.94,3,-2.04,Rest
502866,STRESS,560,90412,1.05,113,97.6,153.3,479.1,0.0,0.0,-1.17,-2.72,-2.94,0.00,0.00,-1.95,-2.94,3,-2.28,Rest
503868,STRESS,560,90883,470.63,111,109.5,177.4,479.1,0.0,0.0,-1.88,-3.90,-2.94,0.00,0.00,-2.89,-2.94,3,-2.91,Rest
504872,STRESS,559,90263,-130.82,111,110.3,180.8,479.1,0.0,0.0,-1.93,-4.07,-2.94,0.00,0.00,-3.00,-2.94,3,-2.98,Rest
505908,STRESS,558,90970,498.24,110,110.3,180.6,479.1,0.0,0.0,-1.92,-4.06,-2.94,0.00,0.00,-2.99,-2.94,3,-2.97,Rest
506909,STRESS,559,90730,170.30,112,117.5,181.8,479.1,0.0,0.0,-2.35,-4.12,-2.94,0.00,0.00,-3.23,-2.94,3,-3.14,Rest
507909,STRESS,558,91690,968.48,111,107.6,171.9,479.1,0.0,0.0,-1.76,-3.63,-2.94,0.00,0.00,-2.70,-2.94,3,-2.78,Rest
508910,STRESS,559,91876,968.69,111,107.5,171.7,479.1,0.0,0.0,-1.76,-3.62,-2.94,0.00,0.00,-2.69,-2.94,3,-2.78,Rest
509912,STRESS,558,91731,612.95,111,107.5,171.9,479.1,0.0,0.0,-1.76,-3.63,-2.94,0.00,0.00,-2.70,-2.94,3,-2.78,Rest
510912,STRESS,559,91977,665.49,110,108.0,171.8,479.1,0.0,0.0,-1.79,-3.62,-2.94,0.00,0.00,-2.71,-2.94,3,-2.78,Rest
511912,STRESS,559,91837,344.88,110,108.0,171.5,479.1,0.0,0.0,-1.79,-3.61,-2.94,0.00,0.00,-2.70,-2.94,3,-2.78,Rest
512913,STRESS,560,92479,840.77,108,98.1,142.1,479.1,0.0,0.0,-1.20,-2.17,-2.94,0.00,0.00,-1.69,-2.94,3,-2.11,Rest
513913,STRESS,560,91329,-312.42,110,86.5,129.1,479.1,0.0,0.0,-0.51,-1.53,-2.94,0.00,0.00,-1.02,-2.94,3,-1.66,Rest
514914,STRESS,560,91380,-158.15,110,86.5,129.1,479.1,0.0,0.0,-0.51,-1.53,-2.94,0.00,0.00,-1.02,-2.94,3,-1.66,Rest
515915,STRESS,562,92114,475.07,110,85.7,128.0,468.0,0.0,0.0,-0.47,-1.48,-3.18,0.00,0.00,-0.97,-3.18,3,-1.71,Rest
516915,STRESS,563,91819,41.08,109,81.1,125.8,468.0,0.0,0.0,-0.19,-1.37,-3.18,0.00,0.00,-0.78,-3.18,3,-1.58,Rest
517916,STRESS,563,92793,843.98,109,81.3,126.0,468.0,0.0,0.0,-0.20,-1.38,-3.18,0.00,0.00,-0.79,-3.18,3,-1.59,Rest
518916,STRESS,560,93398,1341.32,109,81.3,126.0,468.0,0.0,0.0,-0.21,-1.38,-3.18,0.00,0.00,-0.79,-3.18,3,-1.59,Rest
519918,STRESS,560,92197,28.84,111,87.5,131.8,468.0,0.0,0.0,-0.57,-1.67,-3.18,0.00,0.00,-1.12,-3.18,3,-1.81,Rest
520918,STRESS,560,91571,-474.35,111,87.5,131.8,468.0,0.0,0.0,-0.57,-1.67,-3.18,0.00,0.00,-1.12,-3.18,3,-1.81,Rest
521918,STRESS,560,90918,-986.95,111,87.5,131.8,468.0,0.0,0.0,-0.57,-1.67,-3.18,0.00,0.00,-1.12,-3.18,3,-1.81,Rest
522919,STRESS,561,90975,-781.72,111,87.5,131.8,468.0,0.0,0.0,-0.57,-1.67,-3.18,0.00,0.00,-1.12,-3.18,3,-1.81,Rest
523919,STRESS,563,91543,-76.15,111,87.5,131.8,468.0,0.0,0.0,-0.57,-1.67,-3.18,0.00,0.00,-1.12,-3.18,3,-1.81,Rest
524920,STRESS,563,90851,-619.72,111,87.5,131.8,468.0,0.0,0.0,-0.57,-1.67,-3.18,0.00,0.00,-1.12,-3.18,3,-1.81,Rest
525921,STRESS,564,90638,-632.99,111,87.5,131.8,468.0,0.0,0.0,-0.57,-1.67,-3.18,0.00,0.00,-1.12,-3.18,3,-1.81,Rest
526923,STRESS,564,90837,-364.01,111,87.5,131.8,468.0,0.0,0.0,-0.57,-1.67,-3.18,0.00,0.00,-1.12,-3.18,3,-1.81,Rest
527964,STRESS,563,90297,-792.73,111,87.5,131.8,468.0,0.0,0.0,-0.57,-1.67,-3.18,0.00,0.00,-1.12,-3.18,3,-1.81,Rest
528965,STRESS,563,91605,504.39,111,87.5,131.8,468.0,0.0,0.0,-0.57,-1.67,-3.18,0.00,0.00,-1.12,-3.18,3,-1.81,Rest
530005,STRESS,563,92655,1202.20,109,77.0,89.7,468.0,0.0,0.0,0.05,0.39,-3.18,0.00,0.00,0.22,-3.18,3,-0.91,Rest
531005,STRESS,564,92947,1188.36,113,71.1,89.8,468.0,0.0,0.0,0.40,0.39,-3.18,0.00,0.00,0.39,-3.18,3,-0.80,Rest
532005,STRESS,564,92432,524.98,114,69.7,97.1,468.0,0.0,0.0,0.48,0.03,-3.18,0.00,0.00,0.26,-3.18,3,-0.89,Rest
533007,STRESS,565,92211,237.89,114,70.8,97.9,468.0,0.0,0.0,0.42,-0.01,-3.18,0.00,0.00,0.21,-3.18,3,-0.92,Rest
534009,STRESS,565,92605,522.87,111,68.4,86.8,468.0,0.0,0.0,0.56,0.54,-3.18,0.00,0.00,0.55,-3.18,3,-0.69,Rest
535047,STRESS,566,92875,640.20,112,67.5,86.9,468.0,0.0,0.0,0.61,0.53,-3.18,0.00,0.00,0.57,-3.18,3,-0.68,Rest
536048,STRESS,569,92899,519.16,114,76.3,94.9,468.0,0.0,0.0,0.09,0.14,-3.18,0.00,0.00,0.12,-3.18,3,-0.98,Rest
537048,STRESS,566,92651,154.09,116,83.8,104.1,468.0,0.0,0.0,-0.35,-0.31,-3.18,0.00,0.00,-0.33,-3.18,3,-1.28,Rest
538048,STRESS,566,91934,-530.55,116,83.8,113.3,468.0,0.0,0.0,-0.35,-0.76,-3.18,0.00,0.00,-0.56,-3.18,3,-1.43,Rest
539050,STRESS,567,92168,-162.73,116,83.8,113.3,468.0,0.0,0.0,-0.35,-0.76,-3.18,0.00,0.00,-0.56,-3.18,3,-1.43,Rest
540090,STRESS,572,91715,-529.88,116,83.8,113.3,468.0,0.0,0.0,-0.35,-0.76,-3.18,0.00,0.00,-0.56,-3.18,3,-1.43,Rest
541091,STRESS,571,91798,-354.82,116,83.8,113.3,468.0,0.0,0.0,-0.35,-0.76,-3.18,0.00,0.00,-0.56,-3.18,3,-1.43,Rest
542132,STRESS,569,91248,-707.91,116,83.8,113.3,468.0,0.0,0.0,-0.35,-0.76,-3.18,0.00,0.00,-0.56,-3.18,3,-1.43,Rest
543133,STRESS,567,91051,-699.54,116,83.8,113.3,468.0,0.0,0.0,-0.35,-0.76,-3.18,0.00,0.00,-0.56,-3.18,3,-1.43,Rest
544172,STRESS,569,90814,-738.72,116,83.8,113.3,468.0,0.0,0.0,-0.35,-0.76,-3.18,0.00,0.00,-0.56,-3.18,3,-1.43,Rest
545172,STRESS,572,90399,-951.52,116,83.8,113.3,468.0,0.0,0.0,-0.35,-0.76,-3.18,0.00,0.00,-0.56,-3.18,3,-1.43,Rest
546173,STRESS,567,91289,-17.85,116,83.8,113.3,468.0,0.0,0.0,-0.35,-0.76,-3.18,0.00,0.00,-0.56,-3.18,3,-1.43,Rest
547176,STRESS,570,91277,-15.66,116,84.8,113.5,468.0,0.0,0.0,-0.41,-0.77,-3.18,0.00,0.00,-0.59,-3.18,3,-1.45,Rest
548215,STRESS,573,90243,-903.97,116,84.8,113.5,468.0,0.0,0.0,-0.41,-0.77,-3.18,0.00,0.00,-0.59,-3.18,3,-1.45,Rest
549255,STRESS,573,89950,-968.48,116,84.8,113.5,468.0,0.0,0.0,-0.41,-0.77,-3.18,0.00,0.00,-0.59,-3.18,3,-1.45,Rest
550255,STRESS,573,89716,-984.89,116,84.8,113.5,468.0,0.0,0.0,-0.41,-0.77,-3.18,0.00,0.00,-0.59,-3.18,3,-1.45,Rest
551256,STRESS,571,90593,18.70,116,84.8,113.5,468.0,0.0,0.0,-0.41,-0.77,-3.18,0.00,0.00,-0.59,-3.18,3,-1.45,Rest
552259,STRESS,571,90101,-390.68,116,84.8,113.5,468.0,0.0,0.0,-0.41,-0.77,-3.18,0.00,0.00,-0.59,-3.18,3,-1.45,Rest
553297,STRESS,573,90425,-20.51,116,84.8,113.5,459.9,0.0,0.0,-0.41,-0.77,-3.34,0.00,0.00,-0.59,-3.34,3,-1.51,Rest
554297,STRESS,571,90096,-353.53,115,86.7,113.3,459.9,0.0,0.0,-0.53,-0.76,-3.34,0.00,0.00,-0.64,-3.34,3,-1.54,Rest
555300,STRESS,573,90644,194.45,114,87.9,113.3,459.9,0.0,0.0,-0.59,-0.76,-3.34,0.00,0.00,-0.68,-3.34,3,-1.57,Rest
556339,STRESS,572,91991,1409.37,116,95.5,122.9,459.9,0.0,0.0,-1.04,-1.23,-3.34,0.00,0.00,-1.14,-3.34,1,,
557339,STRESS,572,91371,531.50,116,95.5,122.9,459.9,0.0,0.0,-1.04,-1.23,-3.34,0.00,0.00,-1.14,-3.34,1,,
558339,STRESS,573,91621,649.00,115,96.1,130.6,459.9,0.0,0.0,-1.08,-1.61,-3.34,0.00,0.00,-1.34,-3.34,3,-2.01,Rest
559340,STRESS,573,91319,294.09,115,96.1,130.6,459.9,0.0,0.0,-1.08,-1.61,-3.34,0.00,0.00,-1.34,-3.34,3,-2.01,Rest
560340,STRESS,575,91243,180.98,115,97.2,127.7,459.9,0.0,0.0,-1.15,-1.47,-3.34,0.00,0.00,-1.31,-3.34,3,-1.99,Rest
561341,STRESS,575,91104,-55.41,113,93.5,124.4,459.9,0.0,0.0,-0.93,-1.30,-3.34,0.00,0.00,-1.12,-3.34,3,-1.86,Rest
562343,STRESS,574,91823,601.44,112,94.2,124.1,459.9,0.0,0.0,-0.97,-1.29,-3.34,0.00,0.00,-1.13,-3.34,3,-1.87,Rest
563343,STRESS,575,91411,149.02,111,95.6,118.4,459.9,0.0,0.0,-1.05,-1.01,-3.34,0.00,0.00,-1.03,-3.34,3,-1.80,Rest
564343,STRESS,576,91311,26.57,109,86.7,112.8,459.9,0.0,0.0,-0.52,-0.74,-3.34,0.00,0.00,-0.63,-3.34,3,-1.53,Rest
565345,STRESS,575,91258,-76.52,109,86.0,109.8,459.9,0.0,0.0,-0.48,-0.59,-3.34,0.00,0.00,-0.54,-3.34,3,-1.47,Rest
566384,STRESS,577,91599,293.29,110,79.8,103.2,459.9,0.0,0.0,-0.11,-0.27,-3.34,0.00,0.00,-0.19,-3.34,3,-1.24,Rest
567386,STRESS,578,91124,-143.39,109,80.0,103.1,459.9,0.0,0.0,-0.13,-0.26,-3.34,0.00,0.00,-0.20,-3.34,3,-1.24,Rest
568425,STRESS,577,90803,-384.72,109,80.0,96.5,459.9,0.0,0.0,-0.13,0.06,-3.34,0.00,0.00,-0.03,-3.34,3,-1.14,Rest
569426,STRESS,579,89956,-1085.19,109,80.0,96.5,459.9,0.0,0.0,-0.13,0.06,-3.34,0.00,0.00,-0.03,-3.34,3,-1.14,Rest
570426,STRESS,578,91995,951.31,109,80.0,96.5,459.9,0.0,0.0,-0.13,0.06,-3.34,0.00,0.00,-0.03,-3.34,3,-1.14,Rest
571427,STRESS,578,91839,629.23,107,69.2,92.9,459.9,0.0,0.0,0.51,0.24,-3.34,0.00,0.00,0.38,-3.34,3,-0.86,Rest
572428,STRESS,577,91559,215.31,108,81.8,96.1,459.9,0.0,0.0,-0.24,0.08,-3.34,0.00,0.00,-0.08,-3.34,3,-1.17,Rest
573428,STRESS,579,91785,363.40,107,68.8,95.8,459.9,0.0,0.0,0.54,0.10,-3.34,0.00,0.00,0.32,-3.34,3,-0.90,Rest
574429,STRESS,582,91095,-265.48,108,79.0,103.8,459.9,0.0,0.0,-0.07,-0.30,-3.34,0.00,0.00,-0.18,-3.34,3,-1.24,Rest
575430,STRESS,581,90950,-333.55,108,79.0,103.8,459.9,0.0,0.0,-0.07,-0.30,-3.34,0.00,0.00,-0.18,-3.34,3,-1.24,Rest
576434,STRESS,581,90633,-574.60,108,79.0,103.8,459.9,0.0,0.0,-0.07,-0.30,-3.34,0.00,0.00,-0.18,-3.34,3,-1.24,Rest
577471,STRESS,583,91196,51.01,108,79.0,103.8,459.9,0.0,0.0,-0.07,-0.30,-3.34,0.00,0.00,-0.18,-3.34,3,-1.24,Rest
578472,STRESS,582,90836,-216.62,108,79.0,103.8,459.9,0.0,0.0,-0.07,-0.30,-3.34,0.00,0.00,-0.18,-3.34,3,-1.24,Rest
579473,STRESS,582,90698,-296.15,108,79.0,103.8,459.9,0.0,0.0,-0.07,-0.30,-3.34,0.00,0.00,-0.18,-3.34,1,,
580473,STRESS,584,90745,-204.77,108,79.0,103.8,459.9,0.0,0.0,-0.07,-0.30,-3.34,0.00,0.00,-0.18,-3.34,1,,
581473,STRESS,584,91052,80.48,108,79.0,103.8,459.9,0.0,0.0,-0.07,-0.30,-3.34,0.00,0.00,-0.18,-3.34,1,,
582473,STRESS,585,91094,144.77,108,79.0,103.8,459.9,0.0,0.0,-0.07,-0.30,-3.34,0.00,0.00,-0.18,-3.34,1,,
583474,STRESS,585,90577,-298.26,108,79.0,103.8,459.9,0.0,0.0,-0.07,-0.30,-3.34,0.00,0.00,-0.18,-3.34,1,,
584477,STRESS,584,90710,-131.97,108,79.0,103.8,459.9,0.0,0.0,-0.07,-0.30,-3.34,0.00,0.00,-0.18,-3.34,1,,
585517,STRESS,584,90287,-489.64,108,79.0,103.8,459.9,0.0,0.0,-0.07,-0.30,-3.34,0.00,0.00,-0.18,-3.34,1,,
586517,STRESS,585,90987,240.00,108,79.0,103.8,459.9,0.0,0.0,-0.07,-0.30,-3.34,0.00,0.00,-0.18,-3.34,1,,
587517,STRESS,586,91241,439.87,108,79.0,103.8,459.9,0.0,0.0,-0.07,-0.30,-3.34,0.00,0.00,-0.18,-3.34,1,,
588517,STRESS,588,91126,266.30,108,79.0,103.8,459.9,0.0,0.0,-0.07,-0.30,-3.34,0.00,0.00,-0.18,-3.34,1,,
589520,STRESS,587,91225,295.16,108,78.6,111.3,448.0,0.0,0.0,-0.04,-0.66,-3.59,0.00,0.00,-0.35,-3.59,3,-1.43,Rest
590559,STRESS,587,90921,-71.35,109,77.8,111.6,448.0,0.0,0.0,0.01,-0.68,-3.59,0.00,0.00,-0.34,-3.59,3,-1.42,Rest
591560,STRESS,586,91056,11.98,110,77.3,102.5,448.0,0.0,0.0,0.03,-0.23,-3.59,0.00,0.00,-0.10,-3.59,3,-1.26,Rest
592560,STRESS,586,91914,750.34,110,77.5,103.2,448.0,0.0,0.0,0.02,-0.27,-3.59,0.00,0.00,-0.12,-3.59,3,-1.28,Rest
593561,STRESS,585,91467,248.80,114,95.9,124.1,448.0,0.0,0.0,-1.07,-1.29,-3.59,0.00,0.00,-1.18,-3.59,3,-1.99,Rest
594562,STRESS,588,91453,191.55,114,95.9,131.3,448.0,0.0,0.0,-1.07,-1.64,-3.59,0.00,0.00,-1.36,-3.59,3,-2.10,Rest
595601,STRESS,587,91351,31.92,114,95.9,131.3,448.0,0.0,0.0,-1.07,-1.64,-3.59,0.00,0.00,-1.36,-3.59,1,,
596603,STRESS,588,90926,-410.38,115,94.9,131.5,448.0,0.0,0.0,-1.01,-1.65,-3.59,0.00,0.00,-1.33,-3.59,1,,
597606,STRESS,589,91394,101.63,115,94.9,131.5,448.0,0.0,0.0,-1.01,-1.65,-3.59,0.00,0.00,-1.33,-3.59,1,,
598647,STRESS,589,91190,2.29,115,93.8,131.5,448.0,0.0,0.0,-0.95,-1.65,-3.59,0.00,0.00,-1.30,-3.59,3,-2.06,Rest
599685,STRESS,587,90886,-238.89,115,93.8,131.5,448.0,0.0,0.0,-0.95,-1.65,-3.59,0.00,0.00,-1.30,-3.59,1,,
600687,STRESS,589,90816,-242.08,115,93.8,131.5,448.0,0.0,0.0,-0.95,-1.65,-3.59,0.00,0.00,-1.30,-3.59,1,,
601725,STRESS,590,90838,-180.89,115,93.8,131.5,448.0,0.0,0.0,-0.95,-1.65,-3.59,0.00,0.00,-1.30,-3.59,1,,
602726,STRESS,591,90583,-403.18,115,93.8,131.5,448.0,0.0,0.0,-0.95,-1.65,-3.59,0.00,0.00,-1.30,-3.59,1,,
603727,STRESS,589,91250,262.77,115,93.8,131.5,448.0,0.0,0.0,-0.95,-1.65,-3.59,0.00,0.00,-1.30,-3.59,1,,
604727,STRESS,591,91392,386.77,115,93.8,131.5,448.0,0.0,0.0,-0.95,-1.65,-3.59,0.00,0.00,-1.30,-3.59,1,,
605728,STRESS,588,91307,245.12,115,93.8,131.5,448.0,0.0,0.0,-0.95,-1.65,-3.59,0.00,0.00,-1.30,-3.59,1,,
606729,STRESS,590,91153,46.09,116,91.7,131.5,448.0,0.0,0.0,-0.82,-1.66,-3.59,0.00,0.00,-1.24,-3.59,3,-2.02,Rest
607731,STRESS,592,90827,-266.12,116,90.4,131.5,448.0,0.0,0.0,-0.74,-1.66,-3.59,0.00,0.00,-1.20,-3.59,3,-2.00,Rest
608731,STRESS,591,90792,-292.03,117,90.0,131.7,448.0,0.0,0.0,-0.72,-1.67,-3.59,0.00,0.00,-1.19,-3.59,3,-1.99,Rest
609731,STRESS,592,91103,26.68,117,88.9,131.8,448.0,0.0,0.0,-0.65,-1.67,-3.59,0.00,0.00,-1.16,-3.59,3,-1.97,Rest
610732,STRESS,593,91119,91.23,117,88.7,131.8,448.0,0.0,0.0,-0.64,-1.67,-3.59,0.00,0.00,-1.15,-3.59,3,-1.97,Rest
611732,STRESS,592,91470,384.05,119,89.3,134.9,448.0,0.0,0.0,-0.68,-1.82,-3.59,0.00,0.00,-1.25,-3.59,3,-2.03,Rest
612733,STRESS,591,90630,-452.12,118,93.8,134.8,448.0,0.0,0.0,-0.95,-1.82,-3.59,0.00,0.00,-1.38,-3.59,3,-2.12,Rest
613734,STRESS,592,90546,-474.55,118,93.8,134.8,448.0,0.0,0.0,-0.95,-1.82,-3.59,0.00,0.00,-1.38,-3.59,1,,
614735,STRESS,593,90771,-159.77,118,93.8,134.8,448.0,0.0,0.0,-0.95,-1.82,-3.59,0.00,0.00,-1.38,-3.59,1,,
615735,STRESS,594,90890,66.13,118,93.8,134.8,448.0,0.0,0.0,-0.95,-1.82,-3.59,0.00,0.00,-1.38,-3.59,1,,
616736,STRESS,592,90451,-299.61,118,93.8,134.8,448.0,0.0,0.0,-0.95,-1.82,-3.59,0.00,0.00,-1.38,-3.59,1,,
617737,STRESS,593,90131,-497.59,118,93.8,134.8,448.0,0.0,0.0,-0.95,-1.82,-3.59,0.00,0.00,-1.38,-3.59,1,,
618737,STRESS,594,87584,-2642.52,118,93.8,134.8,448.0,0.0,0.0,-0.95,-1.82,-3.59,0.00,0.00,-1.38,-3.59,1,,
619738,STRESS,595,89365,-494.34,118,93.8,134.8,448.0,0.0,0.0,-0.95,-1.82,-3.59,0.00,0.00,-1.38,-3.59,1,,
620739,STRESS,595,89287,-454.34,118,93.8,134.8,448.0,0.0,0.0,-0.95,-1.82,-3.59,0.00,0.00,-1.38,-3.59,1,,
621739,STRESS,596,88983,-698.37,118,93.8,134.8,448.0,0.0,0.0,-0.95,-1.82,-3.59,0.00,0.00,-1.38,-3.59,1,,
622741,STRESS,595,89667,-39.98,118,93.8,134.8,448.0,0.0,0.0,-0.95,-1.82,-3.59,0.00,0.00,-1.38,-3.59,1,,
623741,STRESS,595,91621,1716.80,118,93.8,134.8,448.0,0.0,0.0,-0.95,-1.82,-3.59,0.00,0.00,-1.38,-3.59,1,,
624742,STRESS,597,91376,1167.12,118,93.8,134.8,448.0,0.0,0.0,-0.95,-1.82,-3.59,0.00,0.00,-1.38,-3.59,1,,
625743,STRESS,596,91066,698.11,118,93.8,134.8,434.6,0.0,0.0,-0.95,-1.82,-3.87,0.00,0.00,-1.38,-3.87,1,,
626744,STRESS,596,90999,482.16,118,93.8,134.8,434.6,0.0,0.0,-0.95,-1.82,-3.87,0.00,0.00,-1.38,-3.87,1,,
627744,STRESS,597,90328,-194.86,117,87.0,130.6,434.6,0.0,0.0,-0.54,-1.61,-3.87,0.00,0.00,-1.08,-3.87,3,-2.01,Rest
628744,STRESS,595,90303,-230.80,117,86.6,125.5,434.6,0.0,0.0,-0.52,-1.36,-3.87,0.00,0.00,-0.94,-3.87,3,-1.91,Rest
629745,STRESS,596,90027,-466.07,117,86.6,125.5,434.6,0.0,0.0,-0.52,-1.36,-3.87,0.00,0.00,-0.94,-3.87,1,,
630746,STRESS,598,90089,-385.37,117,86.6,125.5,434.6,0.0,0.0,-0.52,-1.36,-3.87,0.00,0.00,-0.94,-3.87,1,,
631746,STRESS,596,91647,1146.26,117,86.6,125.5,434.6,0.0,0.0,-0.52,-1.36,-3.87,0.00,0.00,-0.94,-3.87,1,,
632747,STRESS,595,90679,63.60,117,86.6,125.5,434.6,0.0,0.0,-0.52,-1.36,-3.87,0.00,0.00,-0.94,-3.87,1,,
633747,STRESS,596,89711,-764.50,117,86.6,125.5,434.6,0.0,0.0,-0.52,-1.36,-3.87,0.00,0.00,-0.94,-3.87,1,,
634749,STRESS,600,89040,-1187.27,117,86.6,125.5,434.6,0.0,0.0,-0.52,-1.36,-3.87,0.00,0.00,-0.94,-3.87,1,,
635749,STRESS,595,90012,-65.28,117,86.6,125.5,434.6,0.0,0.0,-0.52,-1.36,-3.87,0.00,0.00,-0.94,-3.87,1,,
636750,STRESS,596,90255,171.45,117,86.6,125.5,434.6,0.0,0.0,-0.52,-1.36,-3.87,0.00,0.00,-0.94,-3.87,1,,
637750,STRESS,596,90451,305.87,117,86.6,125.5,434.6,0.0,0.0,-0.52,-1.36,-3.87,0.00,0.00,-0.94,-3.87,1,,
638752,STRESS,597,90756,478.20,115,81.0,119.1,434.6,0.0,0.0,-0.18,-1.05,-3.87,0.00,0.00,-0.62,-3.87,3,-1.70,Rest
639753,STRESS,596,91901,1381.33,115,82.0,119.3,434.6,0.0,0.0,-0.24,-1.06,-3.87,0.00,0.00,-0.65,-3.87,3,-1.72,Rest
640795,STRESS,596,91379,667.14,115,82.8,113.9,434.6,0.0,0.0,-0.30,-0.79,-3.87,0.00,0.00,-0.54,-3.87,3,-1.65,Rest
641836,STRESS,596,90668,-106.54,115,83.1,116.3,434.6,0.0,0.0,-0.31,-0.91,-3.87,0.00,0.00,-0.61,-3.87,3,-1.70,Rest
642875,STRESS,596,90289,-389.42,115,83.1,116.3,434.6,0.0,0.0,-0.31,-0.91,-3.87,0.00,0.00,-0.61,-3.87,3,-1.70,Rest
643875,STRESS,597,89504,-1006.05,115,83.1,116.3,434.6,0.0,0.0,-0.31,-0.91,-3.87,0.00,0.00,-0.61,-3.87,3,-1.70,Rest
644875,STRESS,597,89369,-877.97,115,83.1,116.3,434.6,0.0,0.0,-0.31,-0.91,-3.87,0.00,0.00,-0.61,-3.87,3,-1.70,Rest
645877,STRESS,598,89288,-738.21,115,83.1,116.3,434.6,0.0,0.0,-0.31,-0.91,-3.87,0.00,0.00,-0.61,-3.87,3,-1.70,Rest
646877,STRESS,597,88318,-1386.64,115,83.1,116.3,434.6,0.0,0.0,-0.31,-0.91,-3.87,0.00,0.00,-0.61,-3.87,3,-1.70,Rest
647877,STRESS,599,87779,-1499.14,115,83.1,116.3,434.6,0.0,0.0,-0.31,-0.91,-3.87,0.00,0.00,-0.61,-3.87,3,-1.70,Rest
648878,STRESS,599,89276,259.00,115,83.1,116.3,434.6,0.0,0.0,-0.31,-0.91,-3.87,0.00,0.00,-0.61,-3.87,3,-1.70,Rest
649879,STRESS,612,91246,1876.75,115,83.1,116.3,434.6,0.0,0.0,-0.31,-0.91,-3.87,0.00,0.00,-0.61,-3.87,3,-1.70,Rest
650879,STRESS,630,91910,1947.74,115,83.1,116.3,434.6,0.0,0.0,-0.31,-0.91,-3.87,0.00,0.00,-0.61,-3.87,1,,
651881,STRESS,620,90964,743.09,115,83.0,124.3,434.6,0.0,0.0,-0.31,-1.30,-3.87,0.00,0.00,-0.80,-3.87,1,,
652881,STRESS,625,91187,614.82,115,83.0,124.3,434.6,0.0,0.0,-0.31,-1.30,-3.87,0.00,0.00,-0.80,-3.87,1,,
653884,STRESS,608,88971,-1395.17,115,83.0,124.3,434.6,0.0,0.0,-0.31,-1.30,-3.87,0.00,0.00,-0.80,-3.87,1,,
654922,STRESS,611,87250,-2674.20,115,83.0,124.3,434.6,0.0,0.0,-0.31,-1.30,-3.87,0.00,0.00,-0.80,-3.87,1,,
655923,STRESS,602,90167,452.84,115,83.0,124.3,434.6,0.0,0.0,-0.31,-1.30,-3.87,0.00,0.00,-0.80,-3.87,1,,
656925,STRESS,612,90450,889.26,115,83.0,124.3,434.6,0.0,0.0,-0.31,-1.30,-3.87,0.00,0.00,-0.80,-3.87,1,,
657925,STRESS,613,90530,803.19,115,83.0,124.3,434.6,0.0,0.0,-0.31,-1.30,-3.87,0.00,0.00,-0.80,-3.87,1,,
658925,STRESS,615,90300,511.26,115,83.0,124.3,434.6,0.0,0.0,-0.31,-1.30,-3.87,0.00,0.00,-0.80,-3.87,1,,
659926,STRESS,624,90296,435.20,115,83.0,124.3,434.6,0.0,0.0,-0.31,-1.30,-3.87,0.00,0.00,-0.80,-3.87,1,,
660927,STRESS,616,90078,179.33,115,83.0,124.3,434.6,0.0,0.0,-0.31,-1.30,-3.87,0.00,0.00,-0.80,-3.87,1,,
661931,STRESS,614,89550,-282.45,115,83.0,124.3,434.6,0.0,0.0,-0.31,-1.30,-3.87,0.00,0.00,-0.80,-3.87,1,,
662968,STRESS,617,89671,-114.02,115,83.0,124.3,424.9,0.0,0.0,-0.31,-1.30,-4.07,0.00,0.00,-0.80,-4.07,1,,
663969,STRESS,613,89895,80.37,115,83.0,124.3,424.9,0.0,0.0,-0.31,-1.30,-4.07,0.00,0.00,-0.80,-4.07,1,,
664969,STRESS,613,90270,335.48,115,86.1,121.8,424.9,0.0,0.0,-0.49,-1.18,-4.07,0.00,0.00,-0.83,-4.07,3,-1.91,Rest
665970,STRESS,607,90683,843.46,112,95.3,140.5,424.9,0.0,0.0,-1.03,-2.09,-4.07,0.00,0.00,-1.56,-4.07,3,-2.40,Rest
666971,STRESS,608,90462,427.38,112,95.3,140.5,424.9,0.0,0.0,-1.03,-2.09,-4.07,0.00,0.00,-1.56,-4.07,1,,
667971,STRESS,607,90294,152.62,112,95.3,140.5,424.9,0.0,0.0,-1.03,-2.09,-4.07,0.00,0.00,-1.56,-4.07,1,,
668972,STRESS,605,90695,568.27,112,95.3,140.5,424.9,0.0,0.0,-1.03,-2.09,-4.07,0.00,0.00,-1.56,-4.07,1,,
669974,STRESS,606,90925,634.45,112,95.3,140.5,424.9,0.0,0.0,-1.03,-2.09,-4.07,0.00,0.00,-1.56,-4.07,1,,
670975,STRESS,604,89919,-433.12,112,95.3,140.5,424.9,0.0,0.0,-1.03,-2.09,-4.07,0.00,0.00,-1.56,-4.07,1,,
671975,STRESS,604,91674,1269.15,112,95.3,140.5,424.9,0.0,0.0,-1.03,-2.09,-4.07,0.00,0.00,-1.56,-4.07,1,,
672976,STRESS,603,91730,1098.38,112,95.3,147.0,424.9,0.0,0.0,-1.04,-2.41,-4.07,0.00,0.00,-1.72,-4.07,3,-2.51,Rest
673977,STRESS,602,91489,635.12,110,86.3,140.5,424.9,0.0,0.0,-0.50,-2.09,-4.07,0.00,0.00,-1.30,-4.07,3,-2.22,Rest
674977,STRESS,604,91083,81.37,110,86.3,140.4,424.9,0.0,0.0,-0.50,-2.09,-4.07,0.00,0.00,-1.29,-4.07,3,-2.22,Rest
675977,DONE,604,91778,666.91,111,95.6,153.6,424.9,0.0,0.0,-0.50,-2.09,-4.07,0.00,0.00,-1.29,,0,,
676977,DONE,603,91394,203.34,109,110.1,162.1,424.9,0.0,0.0,-0.50,-2.09,-4.07,0.00,0.00,-1.29,,0,,
677979,DONE,603,91353,129.95,109,110.5,168.1,424.9,0.0,0.0,-0.50,-2.09,-4.07,0.00,0.00,-1.29,,0,,
678981,DONE,604,90850,-374.39,108,110.5,168.1,424.9,0.0,0.0,-0.50,-2.09,-4.07,0.00,0.00,-1.29,,0,,
680020,DONE,607,91373,101.51,108,110.8,168.5,424.9,0.0,0.0,-0.50,-2.09,-4.07,0.00,0.00,-1.29,,0,,
681020,DONE,604,91418,149.52,108,110.8,166.0,424.9,0.0,0.0,-0.50,-2.09,-4.07,0.00,0.00,-1.29,,0,,
682021,DONE,602,91005,-208.85,107,105.9,160.1,424.9,0.0,0.0,-0.50,-2.09,-4.07,0.00,0.00,-1.29,,0,,
683023,DONE,601,89933,-1199.45,107,105.1,157.5,424.9,0.0,0.0,-0.50,-2.09,-4.07,0.00,0.00,-1.29,,0,,
684023,DONE,598,89907,-929.47,107,105.1,157.5,424.9,0.0,0.0,-0.50,-2.09,-4.07,0.00,0.00,-1.29,,0,,
685024,DONE,600,89723,-866.74,107,105.1,157.5,424.9,0.0,0.0,-0.50,-2.09,-4.07,0.00,0.00,-1.29,,0,,
686024,DONE,601,89620,-744.17,107,105.1,157.5,424.9,0.0,0.0,-0.50,-2.09,-4.07,0.00,0.00,-1.29,,0,,
687027,DONE,598,91453,1029.66,107,105.1,157.5,424.9,0.0,0.0,-0.50,-2.09,-4.07,0.00,0.00,-1.29,,0,,
688027,DONE,599,91170,600.78,106,104.4,157.1,424.9,0.0,0.0,-0.50,-2.09,-4.07,0.00,0.00,-1.29,,0,,
689027,DONE,598,91408,630.73,106,104.3,157.2,424.9,0.0,0.0,-0.50,-2.09,-4.07,0.00,0.00,-1.29,,0,,
690027,DONE,599,91630,633.66,108,113.1,162.8,424.9,0.0,0.0,-0.50,-2.09,-4.07,0.00,0.00,-1.29,,0,,
691028,DONE,598,92116,919.33,109,121.0,168.8,424.9,0.0,0.0,-0.50,-2.09,-4.07,0.00,0.00,-1.29,,0,,
692029,DONE,597,92285,896.17,108,117.7,157.8,424.9,0.0,0.0,-0.50,-2.09,-4.07,0.00,0.00,-1.29,,0,,
693030,DONE,596,92695,1018.30,108,117.7,157.8,424.9,0.0,0.0,-0.50,-2.09,-4.07,0.00,0.00,-1.29,,0,,
694030,DONE,595,92812,802.28,108,117.7,157.8,424.9,0.0,0.0,-0.50,-2.09,-4.07,0.00,0.00,-1.29,,0,,
695030,DONE,593,92983,838.59,108,117.7,157.8,424.9,0.0,0.0,-0.50,-2.09,-4.07,0.00,0.00,-1.29,,0,,
696031,DONE,592,92956,684.03,108,117.7,157.8,424.9,0.0,0.0,-0.50,-2.09,-4.07,0.00,0.00,-1.29,,0,,
697032,DONE,595,92454,122.43,108,117.7,157.8,424.9,0.0,0.0,-0.50,-2.09,-4.07,0.00,0.00,-1.29,,0,,
